Year,State,0 to 11,12 to 17,Male,Female,Unknown Gender,White,Black,Amer. Indian/Alaskan Native,Asian/Nat. Hawaiian/Pac Isl,Unknown Race,Family,Acquaintance,Stranger,Unknown,Firearm,Knife,Blunt object,Personal,Other/unknown Weapon,One offender involved,Two or more offenders involved,Unknown number of offenders involved
1980,AL,0,18,13,5,0,7,10,1,0,0,5,9,4,0,15,3,0,0,0,15,3,0
1981,AL,0,21,19,1,0,13,8,0,0,0,8,8,5,0,13,8,0,0,0,11,10,0
1982,AL,1,19,15,4,0,5,14,0,0,0,6,7,6,0,7,5,2,2,3,13,6,0
1983,AL,2,20,21,1,0,7,15,0,0,0,7,11,4,0,13,7,0,1,1,16,6,0
1984,AL,0,21,19,2,0,7,13,0,0,0,4,9,5,2,12,3,0,4,1,10,10,0
1985,AL,0,29,23,5,0,8,20,0,0,0,3,22,3,0,24,4,0,0,0,14,14,0
1986,AL,0,27,23,4,0,9,18,0,0,0,6,14,6,0,15,7,0,2,2,18,9,0
1987,AL,0,14,10,3,0,3,10,0,0,0,3,10,0,0,9,5,0,0,0,10,3,0
1988,AL,0,23,21,2,0,9,15,0,0,0,5,15,3,0,16,6,1,0,0,14,10,0
1989,AL,2,38,38,2,0,6,33,0,0,0,7,21,11,0,35,4,0,0,0,33,6,0
1990,AL,0,34,32,2,0,10,24,0,0,0,5,25,4,0,27,3,2,0,2,22,11,0
1991,AL,0,26,24,1,1,0,24,0,0,2,2,17,5,1,25,0,0,1,0,6,19,0
1992,AL,1,20,16,2,2,2,16,0,0,2,3,8,7,2,19,1,1,0,0,21,0,0
1993,AL,0,26,25,1,0,5,20,0,0,0,4,12,7,2,21,1,0,0,3,26,0,0
1994,AL,0,25,24,1,0,4,21,0,0,0,3,15,4,3,20,2,0,0,3,25,0,0
1995,AL,0,13,13,0,0,1,12,0,0,0,2,4,4,3,11,2,0,0,0,13,0,0
1996,AL,0,21,19,2,0,2,19,0,0,0,1,15,4,1,16,3,0,2,0,20,1,0
1997,AL,0,22,21,1,0,4,18,0,0,0,2,17,0,3,20,2,0,0,0,18,4,0
1998,AL,1,16,15,2,0,4,12,0,0,0,3,4,1,8,12,1,1,0,2,17,0,0
2000,AL,0,6,6,0,0,0,6,0,0,0,1,3,1,0,3,1,0,0,1,6,0,0
2001,AL,0,24,22,2,0,8,16,0,0,0,5,4,3,11,16,3,0,2,2,22,2,0
2002,AL,0,12,11,1,0,4,7,0,0,0,2,3,0,6,6,2,0,1,2,12,0,0
2003,AL,0,11,10,0,1,2,8,0,0,1,2,5,2,2,9,1,0,0,1,11,0,0
2004,AL,0,6,4,1,1,2,3,0,0,1,0,3,0,3,5,1,0,0,0,6,0,0
2005,AL,0,10,10,0,0,2,8,0,0,0,1,6,0,3,7,0,0,1,2,10,0,0
2006,AL,0,15,15,0,0,1,13,0,1,0,2,8,0,5,13,1,0,0,1,12,3,0
2007,AL,0,22,21,1,0,0,22,0,0,0,2,9,7,4,20,1,1,0,0,16,6,0
2008,AL,0,14,14,0,0,3,10,0,0,0,0,5,3,5,11,0,0,2,0,11,2,0
2009,AL,0,14,14,0,0,5,8,0,0,1,4,3,3,4,12,1,0,0,1,14,0,0
2010,AL,0,4,4,0,0,0,3,1,0,0,0,0,0,4,4,0,0,0,0,4,0,0
1980,AK,0,2,2,0,0,0,0,2,0,0,0,1,0,1,1,0,0,1,0,2,0,0
1981,AK,0,3,3,0,0,3,0,0,0,0,2,1,0,0,2,1,0,0,0,3,0,0
1982,AK,0,9,7,2,0,6,0,3,0,0,2,3,3,0,3,2,3,0,0,6,3,0
1983,AK,1,2,3,0,0,1,0,2,0,0,2,1,0,0,3,0,0,0,0,3,0,0
1984,AK,0,6,6,0,0,6,0,0,0,0,0,0,6,0,6,0,0,0,0,0,6,0
1985,AK,0,1,0,1,0,1,0,0,0,0,0,0,0,1,1,0,0,0,0,0,1,0
1986,AK,1,2,3,0,0,0,0,3,0,0,1,2,0,0,2,0,1,0,0,2,1,0
1987,AK,0,2,2,0,0,1,0,1,0,0,0,0,2,0,2,0,0,0,0,0,2,0
1988,AK,0,4,4,0,0,4,0,0,0,0,1,1,2,0,4,0,0,0,0,2,2,0
1989,AK,0,2,2,0,0,1,1,0,0,0,0,1,1,0,2,0,0,0,0,2,0,0
1990,AK,0,3,3,0,0,3,0,0,0,0,1,2,0,0,3,0,0,0,0,3,0,0
1991,AK,0,3,2,1,0,1,1,1,0,0,2,1,0,0,2,1,0,0,0,2,1,0
1992,AK,0,3,3,0,0,2,1,0,0,0,0,2,1,0,2,1,0,0,0,3,0,0
1993,AK,0,5,5,0,0,4,0,0,1,0,0,1,4,0,4,1,0,0,0,3,2,0
1994,AK,0,9,9,0,0,6,1,1,1,0,1,5,3,0,9,0,0,0,0,4,5,0
1995,AK,0,2,2,0,0,1,0,0,1,0,1,0,1,0,2,0,0,0,0,1,1,0
1996,AK,0,2,2,0,0,0,1,0,1,0,0,1,1,0,1,1,0,0,0,1,1,0
1997,AK,0,7,7,0,0,2,0,3,1,0,0,7,0,0,6,0,0,1,0,1,6,0
1998,AK,0,7,7,0,0,3,2,1,0,0,1,1,5,0,5,2,0,0,0,5,2,0
1999,AK,1,6,7,0,0,3,0,4,0,0,1,4,1,1,6,1,0,0,0,4,3,0
2000,AK,0,2,2,0,0,0,0,0,2,0,0,0,2,0,2,0,0,0,0,0,2,0
2001,AK,0,2,1,1,0,1,0,0,1,0,1,0,1,0,1,0,0,1,0,1,1,0
2002,AK,0,5,5,0,0,3,1,1,0,0,2,3,0,0,2,1,0,1,1,4,1,0
2003,AK,0,2,2,0,0,1,0,0,1,0,0,1,0,1,2,0,0,0,0,1,1,0
2004,AK,0,3,3,0,0,1,1,1,0,0,1,2,0,0,1,0,1,1,0,3,0,0
2005,AK,0,3,2,1,0,2,0,0,1,0,0,2,1,0,3,0,0,0,0,2,1,0
2006,AK,0,2,2,0,0,0,1,1,0,0,0,0,2,0,2,0,0,0,0,0,2,0
2007,AK,0,4,4,0,0,0,1,3,0,0,1,2,1,0,3,0,0,1,0,4,0,0
2008,AK,0,0,0,0,0,0,0,0,0,0,0,0,0,0,0,0,0,0,0,0,0,0
2009,AK,0,1,1,0,0,0,0,1,0,0,0,1,0,0,0,0,1,0,0,1,0,0
2010,AK,0,0,0,0,0,0,0,0,0,0,0,0,0,0,0,0,0,0,0,0,0,0
2011,AK,0,1,1,0,0,0,1,0,0,0,0,1,0,0,1,0,0,0,0,0,1,0
2012,AK,1,1,2,0,0,1,0,1,0,0,0,2,0,0,1,1,0,0,0,2,0,0
2013,AK,0,2,2,0,0,1,0,0,0,1,1,1,0,0,1,0,1,0,0,2,0,0
2014,AK,0,5,5,0,0,4,0,1,0,0,0,4,1,0,3,1,0,0,1,3,2,0
2015,AK,0,2,2,0,0,0,1,1,0,0,0,1,1,0,2,0,0,0,0,0,2,0
2016,AK,0,9,9,0,0,7,1,1,0,0,3,5,1,0,8,0,1,0,0,5,4,0
2017,AK,0,1,1,0,0,0,0,1,0,0,1,0,0,0,1,0,0,0,0,1,0,0
2018,AK,0,5,5,0,0,1,2,1,1,0,0,1,4,0,5,0,0,0,0,2,3,0
2019,AK,0,5,4,1,0,2,1,2,0,0,1,3,1,0,5,0,0,0,0,2,3,0
2020,AK,0,3,3,0,0,0,2,1,0,0,0,3,0,0,3,0,0,0,0,1,2,0
1980,AZ,0,21,20,1,0,17,4,0,0,0,1,15,5,0,17,4,0,0,0,12,9,0
1981,AZ,0,10,10,0,0,10,0,0,0,0,2,4,2,2,8,2,0,0,0,9,1,0
1982,AZ,0,14,13,1,0,12,1,1,0,0,1,8,5,0,6,3,3,2,0,8,6,0
1983,AZ,0,10,10,0,0,10,0,0,0,0,1,6,3,0,6,2,0,2,0,7,3,0
1984,AZ,1,15,15,1,0,13,2,1,0,0,2,8,4,2,6,7,0,2,1,12,4,0
1985,AZ,0,10,10,0,0,6,2,2,0,0,0,10,0,0,2,3,3,1,1,6,4,0
1986,AZ,0,24,22,2,0,20,1,3,0,0,0,16,8,0,9,10,5,0,0,12,12,0
1987,AZ,0,8,7,1,0,6,2,0,0,0,3,4,1,0,7,0,0,1,0,7,1,0
1988,AZ,0,18,18,0,0,15,3,0,0,0,3,11,4,0,9,0,4,3,2,8,10,0
1989,AZ,1,11,11,0,0,6,4,2,0,0,2,6,3,1,9,1,1,0,1,8,4,0
1990,AZ,0,18,17,1,0,13,4,1,0,0,1,8,8,1,12,3,1,2,0,14,4,0
1991,AZ,2,16,17,1,0,13,1,4,0,0,3,6,3,5,9,4,2,3,0,7,11,0
1992,AZ,0,28,25,3,0,24,2,2,0,0,2,12,12,1,22,4,1,0,1,18,9,0
1993,AZ,0,36,33,3,0,23,13,0,0,0,0,20,14,2,31,3,2,0,0,13,23,0
1994,AZ,0,57,51,6,0,39,13,3,0,2,1,26,28,1,53,1,2,0,1,19,38,0
1995,AZ,0,32,30,2,0,28,3,0,0,1,3,16,11,1,27,2,1,2,0,23,9,0
1996,AZ,0,34,29,4,0,28,4,1,0,0,2,19,13,0,24,2,3,4,0,23,11,0
1997,AZ,0,21,20,1,0,15,6,0,0,0,1,10,9,0,18,1,1,1,0,15,6,0
1998,AZ,0,20,17,3,0,19,0,1,0,0,3,9,7,0,12,0,2,3,2,8,11,0
1999,AZ,0,18,18,0,0,14,3,0,1,0,3,6,9,0,10,5,3,0,0,12,6,0
2000,AZ,0,12,11,1,0,7,3,2,0,0,3,6,3,0,6,3,1,2,0,10,2,0
2001,AZ,0,14,13,1,0,11,2,1,0,0,3,6,5,0,11,2,1,0,0,11,3,0
2002,AZ,0,8,8,0,0,5,2,1,0,0,1,3,4,0,7,1,0,0,0,7,1,0
2003,AZ,0,17,17,0,0,13,4,0,0,0,1,10,6,0,13,2,0,2,0,10,7,0
2004,AZ,0,19,19,0,0,12,5,1,1,0,1,6,12,0,13,2,2,2,0,9,10,0
2005,AZ,0,17,16,1,0,10,4,3,0,0,1,8,8,0,10,6,1,0,0,9,8,0
2006,AZ,0,18,16,2,0,15,2,0,1,0,3,9,6,0,13,3,1,1,0,11,7,0
2007,AZ,0,18,18,0,0,14,4,0,0,0,0,16,2,0,15,2,0,0,1,10,8,0
2008,AZ,0,24,21,3,0,21,3,0,0,0,4,7,13,0,19,3,2,0,0,10,14,0
2009,AZ,0,8,8,0,0,8,0,0,0,0,0,3,4,0,4,3,0,0,0,3,4,0
2010,AZ,0,13,10,2,0,9,1,0,0,2,2,6,2,2,6,3,2,0,1,6,7,0
2011,AZ,0,14,14,0,0,12,2,0,0,0,1,10,2,1,7,5,1,0,1,10,5,0
2012,AZ,0,7,6,1,0,7,0,0,0,0,0,2,3,1,6,1,0,0,0,3,3,0
2013,AZ,0,15,15,0,0,13,2,0,0,0,1,9,5,0,8,4,4,0,0,4,12,0
2014,AZ,0,11,9,2,0,9,2,0,0,0,4,7,0,0,5,1,1,2,1,9,2,0
2015,AZ,0,6,4,1,0,3,2,0,0,0,0,3,0,2,3,1,1,0,0,3,2,0
2016,AZ,0,11,11,0,0,7,2,2,0,0,1,8,2,0,6,4,1,0,0,8,3,0
2017,AZ,0,17,13,4,0,10,5,2,0,0,0,8,7,2,11,2,0,3,1,8,9,0
2018,AZ,1,19,18,2,0,8,8,3,0,0,1,9,6,3,14,0,1,0,4,5,14,0
2019,AZ,0,11,11,0,0,8,1,0,0,2,1,3,2,4,9,2,0,0,0,5,5,0
2020,AZ,0,24,24,0,0,18,2,4,0,0,1,7,13,2,18,4,1,0,1,11,13,0
1980,AR,0,20,16,4,0,14,6,0,0,0,8,8,3,0,18,1,0,0,1,12,7,0
1981,AR,1,3,4,0,0,2,2,0,0,0,2,2,0,0,3,1,0,0,0,3,1,0
1982,AR,0,3,3,0,0,1,2,0,0,0,0,3,0,0,2,1,0,0,0,1,2,0
1983,AR,0,11,10,1,0,9,2,0,0,0,4,4,3,0,4,4,1,0,2,5,6,0
1984,AR,0,12,7,5,0,6,6,0,0,0,6,2,4,0,7,1,1,0,3,7,5,0
1985,AR,0,14,11,3,0,6,8,0,0,0,4,7,3,0,7,5,1,1,0,7,7,0
1986,AR,0,10,8,2,0,6,4,0,0,0,1,6,3,0,7,2,1,0,0,7,3,0
1987,AR,0,11,11,0,0,7,4,0,0,0,2,7,2,0,8,2,0,1,0,8,3,0
1988,AR,0,12,12,0,0,6,6,0,0,0,3,6,3,0,6,4,2,0,0,4,8,0
1989,AR,0,15,15,0,0,2,13,0,0,0,1,10,4,0,9,1,4,0,1,10,5,0
1990,AR,0,32,31,1,0,11,21,0,0,0,3,13,16,0,25,0,2,0,5,10,22,0
1991,AR,0,34,31,2,0,10,23,0,0,0,7,22,4,0,19,5,1,1,7,16,17,0
1992,AR,0,38,35,3,0,7,31,0,0,0,3,27,8,0,35,2,1,0,0,24,15,0
1993,AR,0,36,34,2,0,5,31,0,0,0,1,17,17,1,25,3,1,6,1,11,25,0
1994,AR,0,50,49,1,0,4,46,0,0,0,2,32,15,1,45,2,1,0,2,14,36,0
1995,AR,0,37,35,2,0,8,29,0,0,0,4,23,6,4,33,1,0,3,0,20,17,0
1996,AR,0,23,22,1,0,8,15,0,0,0,2,15,6,0,19,2,0,1,1,9,14,0
1997,AR,0,13,11,2,0,4,9,0,0,0,2,5,6,0,10,1,0,1,1,7,6,0
1998,AR,1,20,16,5,0,10,11,0,0,0,5,10,6,0,15,2,0,0,4,7,14,0
1999,AR,0,13,13,0,0,4,9,0,0,0,2,4,6,1,9,1,0,2,1,6,7,0
2000,AR,0,16,15,1,0,3,12,0,1,0,2,9,3,2,11,0,3,2,0,6,10,0
2001,AR,0,9,8,1,0,2,5,1,0,1,1,2,6,0,8,1,0,0,0,4,5,0
2002,AR,0,6,5,1,0,2,4,0,0,0,2,2,2,0,6,0,0,0,0,5,1,0
2003,AR,0,14,14,0,0,7,7,0,0,0,0,8,3,2,9,1,0,0,3,7,7,0
2004,AR,0,11,9,2,0,2,7,0,2,0,0,7,0,4,9,2,0,0,0,1,10,0
2005,AR,0,20,20,0,0,3,17,0,0,0,0,7,3,9,19,0,0,1,0,4,16,0
2006,AR,0,6,5,1,0,1,5,0,0,0,0,3,2,1,4,0,0,0,2,3,3,0
2007,AR,0,9,8,1,0,3,6,0,0,0,0,6,1,2,4,2,0,0,3,2,7,0
2008,AR,0,2,2,0,0,0,2,0,0,0,0,1,1,0,2,0,0,0,0,1,1,0
2009,AR,0,15,15,0,0,4,10,0,0,0,0,6,0,8,12,0,1,1,1,5,9,0
2010,AR,0,14,14,0,0,5,8,0,0,0,1,1,5,6,10,1,2,0,0,2,12,0
2011,AR,1,7,5,2,1,3,4,0,0,1,0,2,2,4,4,4,0,0,0,4,4,0
2012,AR,0,21,17,3,1,4,14,0,0,3,0,5,2,14,18,3,0,0,0,12,9,0
2013,AR,0,7,7,0,0,0,7,0,0,0,0,1,0,6,7,0,0,0,0,0,7,0
2014,AR,0,6,6,0,0,3,3,0,0,0,0,4,0,2,6,0,0,0,0,1,5,0
2015,AR,0,14,13,1,0,4,10,0,0,0,1,6,0,7,13,1,0,0,0,6,8,0
2016,AR,1,19,20,0,0,2,17,0,0,0,0,1,2,16,19,1,0,0,0,4,15,0
2017,AR,0,20,19,1,0,4,16,0,0,0,1,7,0,11,17,1,1,0,1,8,11,0
2018,AR,0,15,15,0,0,3,12,0,0,0,2,6,1,7,15,0,0,0,0,5,10,0
2019,AR,0,15,14,1,0,4,9,1,0,0,3,3,3,5,14,1,0,0,0,9,5,0
2020,AR,0,28,27,0,1,5,23,0,0,0,2,13,0,14,25,1,0,2,0,9,19,0
1980,CA,4,336,322,18,0,181,146,6,3,5,19,66,11,244,226,80,16,12,6,138,203,0
1981,CA,2,347,327,22,0,180,163,0,5,1,24,168,75,83,243,69,18,11,9,149,200,0
1982,CA,1,223,204,20,0,128,87,2,6,0,21,112,64,26,132,58,8,10,15,92,131,0
1983,CA,1,207,182,26,0,125,71,5,7,0,19,118,64,7,108,62,9,15,14,86,122,0
1984,CA,1,163,147,17,0,97,64,0,2,1,16,104,44,0,103,33,19,3,6,64,100,0
1985,CA,0,179,167,12,0,89,79,0,11,0,15,117,48,0,120,42,10,5,3,76,103,0
1986,CA,2,202,192,12,0,101,86,1,16,1,14,148,42,1,132,46,13,9,5,89,116,0
1987,CA,6,238,219,25,0,123,111,1,4,5,24,133,86,1,170,39,10,16,9,111,133,0
1988,CA,2,282,267,17,0,131,136,4,1,12,10,133,116,25,213,33,17,19,2,93,191,0
1989,CA,2,375,363,14,0,234,129,1,6,7,11,142,172,53,301,42,10,7,17,131,246,0
1990,CA,2,428,412,18,0,242,167,1,6,15,20,162,195,54,351,45,22,9,4,136,294,0
1991,CA,0,420,400,19,1,284,110,3,17,7,25,187,173,35,338,52,11,9,11,160,260,0
1992,CA,5,425,401,29,0,308,103,0,12,8,28,287,113,3,336,59,8,14,14,171,259,0
1993,CA,3,493,479,17,0,279,174,1,32,10,30,290,172,4,410,42,21,16,7,187,309,0
1994,CA,2,454,445,11,0,256,155,1,37,7,19,286,147,4,383,42,17,10,4,204,252,0
1995,CA,1,427,410,18,0,273,125,2,23,5,17,231,180,0,342,51,9,17,9,151,277,0
1996,CA,0,296,282,14,0,193,75,0,18,10,15,168,113,0,224,28,12,24,8,110,186,0
1997,CA,0,240,226,14,0,169,50,0,16,5,17,131,92,0,177,27,15,15,6,88,152,0
1998,CA,2,219,211,10,0,147,48,2,20,4,18,131,72,0,167,30,10,10,4,86,135,0
1999,CA,1,136,124,13,0,98,27,0,12,0,13,84,40,0,90,27,5,6,9,62,75,0
2000,CA,0,151,141,10,0,94,45,0,7,5,10,70,71,0,114,23,7,6,1,60,91,0
2001,CA,2,142,133,11,0,88,46,2,7,1,12,64,68,0,97,21,11,10,5,57,87,0
2002,CA,0,169,161,8,0,119,46,0,3,1,8,89,72,0,137,11,7,7,7,64,105,0
2003,CA,0,131,118,13,0,70,46,0,13,2,14,48,67,2,98,11,11,3,8,56,75,0
2004,CA,1,160,156,5,0,98,57,0,6,0,4,76,81,0,123,20,4,12,2,47,114,0
2005,CA,0,174,162,12,0,113,49,0,10,2,8,72,94,0,126,35,4,4,5,69,105,0
2006,CA,1,196,183,14,0,117,62,1,15,2,10,84,103,0,140,29,6,12,10,75,122,0
2007,CA,1,172,165,8,0,120,46,2,5,0,5,76,90,1,140,26,1,5,1,59,114,0
2008,CA,0,130,126,4,0,90,29,2,9,0,9,67,54,0,92,18,6,12,2,56,74,0
2009,CA,0,122,113,9,0,89,31,1,1,0,6,68,48,0,80,24,8,8,2,59,63,0
2010,CA,0,109,95,14,0,62,33,0,10,4,8,53,48,0,67,20,7,12,3,39,70,0
2011,CA,1,99,94,6,0,52,32,0,12,4,7,42,50,1,60,31,2,1,6,31,69,0
2012,CA,2,73,74,1,0,46,28,0,0,1,3,35,37,0,55,7,5,5,3,40,35,0
2013,CA,0,96,90,6,0,73,21,0,1,1,7,41,48,0,68,19,3,3,3,33,63,0
2014,CA,0,70,65,5,0,55,14,0,0,1,8,28,34,0,46,19,2,1,2,29,41,0
2015,CA,0,78,74,4,0,53,20,2,3,0,7,30,41,0,55,11,4,6,2,33,45,0
2016,CA,0,78,69,9,0,48,22,0,7,1,5,46,27,0,56,14,4,3,1,30,48,0
2017,CA,0,59,57,2,0,47,9,1,1,1,9,25,25,0,42,13,2,1,1,32,27,0
2018,CA,0,70,65,5,0,47,21,0,1,1,5,25,40,0,47,13,1,7,2,31,39,0
2019,CA,0,52,44,8,0,43,7,0,1,1,2,28,22,0,36,6,4,2,4,17,35,0
2020,CA,0,78,73,5,0,51,21,1,2,3,2,23,53,0,61,12,1,4,0,31,47,0
1980,CO,0,10,8,2,0,10,0,0,0,0,3,2,4,0,4,3,1,1,0,7,3,0
1981,CO,0,2,1,1,0,1,1,0,0,0,0,1,1,0,1,0,0,0,1,2,0,0
1982,CO,0,6,6,0,0,6,0,0,0,0,1,4,1,0,5,1,0,0,0,6,0,0
1983,CO,0,8,8,0,0,7,1,0,0,0,1,2,5,0,2,4,0,2,0,4,4,0
1984,CO,0,11,10,1,0,7,3,0,0,0,0,7,3,0,4,5,0,1,0,8,2,0
1985,CO,0,14,11,3,0,14,0,0,0,0,2,4,6,2,5,7,0,1,1,4,10,0
1986,CO,1,13,12,2,0,14,0,0,0,0,5,6,3,0,7,4,2,0,1,6,8,0
1987,CO,0,9,6,3,0,9,0,0,0,0,1,7,1,0,2,6,0,1,0,1,8,0
1988,CO,0,14,12,2,0,11,3,0,0,0,7,4,3,0,11,1,0,2,0,11,3,0
1989,CO,0,7,7,0,0,4,3,0,0,0,0,6,1,0,3,4,0,0,0,5,2,0
1990,CO,0,19,17,2,0,12,7,0,0,0,2,8,9,0,9,5,1,3,1,11,8,0
1991,CO,0,25,19,6,0,14,11,0,0,0,1,14,10,0,13,1,6,4,1,11,14,0
1992,CO,0,23,22,1,0,18,5,0,0,0,1,13,8,1,18,4,1,0,0,8,15,0
1993,CO,0,21,19,2,0,12,8,0,1,0,1,8,11,1,18,2,0,0,1,13,8,0
1994,CO,0,13,13,0,0,7,6,0,1,0,1,4,7,1,11,1,1,0,0,10,3,0
1995,CO,1,33,33,1,0,24,10,0,0,0,3,11,18,1,23,5,3,2,0,13,21,0
1996,CO,1,40,35,6,0,32,7,0,2,0,4,19,7,11,18,13,2,5,3,14,27,0
1997,CO,0,19,18,1,0,9,10,0,1,0,0,7,6,7,16,3,1,0,0,5,15,0
1998,CO,0,26,22,3,0,22,1,0,2,0,4,10,5,6,17,4,3,0,1,8,17,0
1999,CO,0,25,20,5,0,22,2,0,1,0,5,5,12,3,18,4,2,1,0,11,14,0
2000,CO,0,12,11,1,0,7,3,0,1,0,0,4,7,0,4,2,3,2,0,2,9,0
2001,CO,0,15,12,3,0,13,2,0,0,0,3,6,6,1,11,1,0,2,1,6,10,0
2002,CO,0,6,6,0,0,4,2,0,0,0,1,2,2,1,4,2,0,0,0,3,3,0
2003,CO,0,9,9,0,0,7,2,0,0,0,0,5,0,4,7,2,0,0,0,2,7,0
2004,CO,0,9,9,0,0,7,2,0,0,0,0,4,1,4,5,2,2,0,0,1,8,0
2005,CO,0,6,4,2,0,4,2,0,0,0,1,3,0,2,5,1,0,0,0,2,4,0
2006,CO,0,11,10,1,0,11,0,0,0,0,2,2,3,4,8,1,0,2,0,4,7,0
2007,CO,0,18,15,3,0,11,6,1,0,0,2,6,7,3,13,0,1,4,0,5,13,0
2008,CO,0,8,8,0,0,4,4,0,0,0,0,2,0,6,6,2,0,0,0,1,7,0
2009,CO,0,12,9,2,0,8,4,0,0,0,4,1,2,5,11,0,0,1,0,4,8,0
2010,CO,0,11,10,1,0,9,2,0,0,1,0,5,3,4,5,5,1,1,0,4,8,0
2011,CO,0,4,4,0,0,3,1,0,0,0,2,0,0,2,4,0,0,0,0,3,1,0
2012,CO,0,6,5,1,0,5,1,0,0,0,0,3,3,0,3,0,0,2,1,2,4,0
2013,CO,0,8,8,0,0,3,5,0,0,0,3,1,0,4,5,3,0,0,0,1,7,0
2014,CO,0,12,12,0,0,8,4,0,0,0,2,4,3,3,10,2,0,0,0,5,7,0
2015,CO,0,10,9,1,0,4,6,0,0,0,2,1,6,1,6,0,0,3,1,3,7,0
2016,CO,0,11,11,0,0,6,3,0,0,2,0,2,3,6,11,0,0,0,0,6,6,0
2017,CO,0,23,19,4,0,12,11,0,0,0,1,2,3,17,17,4,1,0,1,6,17,0
2018,CO,0,24,20,4,0,21,3,0,0,0,1,7,7,9,21,0,0,1,2,7,17,0
2019,CO,0,29,28,1,0,21,7,0,1,0,1,13,0,14,28,0,0,0,1,7,22,0
2020,CO,1,33,32,2,0,20,13,0,1,0,4,2,8,20,28,3,0,0,3,7,27,0
1980,CT,0,13,13,0,0,2,7,0,0,4,0,4,9,0,7,3,0,3,0,7,6,0
1981,CT,0,12,12,0,0,3,8,0,0,0,0,1,10,0,3,3,0,2,2,6,6,0
1982,CT,0,13,12,1,0,7,6,0,0,0,1,10,1,1,7,3,0,2,1,8,5,0
1983,CT,2,11,10,3,0,8,5,0,0,0,3,7,3,0,5,4,1,1,2,11,2,0
1984,CT,0,4,4,0,0,0,4,0,0,0,1,1,2,0,3,1,0,0,0,4,0,0
1985,CT,0,11,9,2,0,4,7,0,0,0,3,4,4,0,5,5,0,1,0,8,3,0
1986,CT,0,10,10,0,0,4,6,0,0,0,1,5,4,0,6,3,0,1,0,9,1,0
1987,CT,0,9,9,0,0,7,2,0,0,0,0,6,3,0,5,3,0,0,1,4,5,0
1988,CT,0,20,20,0,0,9,11,0,0,0,0,8,10,2,18,0,2,0,0,10,10,0
1989,CT,0,21,20,1,0,7,14,0,0,0,1,6,7,7,21,0,0,0,0,10,11,0
1990,CT,0,17,17,0,0,7,10,0,0,0,1,5,5,6,12,2,3,0,0,7,10,0
1991,CT,0,17,15,2,0,10,7,0,0,0,1,7,9,0,14,1,1,0,1,8,9,0
1992,CT,0,19,18,1,0,5,14,0,0,0,1,9,7,2,17,1,1,0,0,13,6,0
1993,CT,0,18,17,1,0,10,8,0,0,0,1,8,3,6,13,3,0,2,0,9,9,0
1994,CT,0,22,22,0,0,8,14,0,0,0,2,13,3,4,20,0,0,1,1,15,7,0
1995,CT,0,14,13,1,0,7,7,0,0,0,1,5,7,1,11,1,0,0,2,9,5,0
1996,CT,0,16,16,0,0,9,7,0,0,0,1,9,6,0,10,4,0,0,2,7,9,0
1997,CT,2,11,11,1,1,2,9,0,0,2,1,4,2,6,12,0,0,0,1,7,6,0
1998,CT,0,9,8,1,0,7,2,0,0,0,1,4,3,1,6,2,0,1,0,5,4,0
1999,CT,0,10,9,1,0,3,7,0,0,0,0,4,5,1,8,2,0,0,0,6,4,0
2000,CT,0,5,5,0,0,1,4,0,0,0,0,2,1,2,5,0,0,0,0,4,1,0
2001,CT,0,8,7,1,0,4,4,0,0,0,1,5,1,1,5,3,0,0,0,2,6,0
2002,CT,0,2,2,0,0,0,2,0,0,0,1,1,0,0,2,0,0,0,0,1,1,0
2003,CT,0,6,6,0,0,2,4,0,0,0,1,1,3,1,4,2,0,0,0,4,2,0
2004,CT,0,8,8,0,0,5,4,0,0,0,1,2,6,0,3,2,3,1,0,4,5,0
2005,CT,0,2,2,0,0,1,1,0,0,0,0,0,1,1,2,0,0,0,0,1,1,0
2006,CT,0,15,14,1,0,5,9,0,1,0,1,10,3,1,6,7,0,2,0,6,9,0
2007,CT,0,6,6,0,0,1,5,0,0,0,0,1,3,2,5,1,0,0,0,0,6,0
2008,CT,0,7,7,0,0,3,4,0,0,0,0,4,1,2,4,3,0,0,0,2,5,0
2009,CT,0,5,4,1,0,3,2,0,0,0,1,2,0,2,3,0,1,0,1,3,2,0
2010,CT,0,9,9,0,0,1,7,0,0,1,0,1,5,3,4,5,0,0,0,2,7,0
2011,CT,0,3,3,0,0,0,3,0,0,0,0,1,0,2,3,0,0,0,0,0,3,0
2012,CT,0,3,3,0,0,1,2,0,0,0,0,2,0,1,2,1,0,0,0,1,2,0
2013,CT,0,6,6,0,0,0,4,0,0,2,0,3,0,3,5,1,0,0,0,1,5,0
2014,CT,0,6,6,0,0,1,4,0,0,1,1,4,0,1,4,1,0,0,1,3,3,0
2015,CT,0,2,2,0,0,1,1,0,0,0,0,0,2,0,0,2,0,0,0,0,2,0
2016,CT,0,4,2,2,0,1,3,0,0,0,0,1,3,0,3,1,0,0,0,1,3,0
2017,CT,0,7,7,0,0,3,4,0,0,0,1,4,0,2,3,1,0,3,0,4,3,0
2018,CT,0,9,9,0,0,3,6,0,0,0,2,5,0,2,7,2,0,0,0,3,6,0
2019,CT,0,1,1,0,0,1,0,0,0,0,0,1,0,0,0,0,0,0,1,0,1,0
2020,CT,0,10,9,1,0,5,5,0,0,0,2,5,0,3,4,5,0,0,1,2,8,0
1980,DE,0,1,1,0,0,1,0,0,0,0,1,0,0,0,0,0,1,0,0,1,0,0
1981,DE,0,2,2,0,0,2,0,0,0,0,1,1,0,0,1,1,0,0,0,2,0,0
1982,DE,0,0,0,0,0,0,0,0,0,0,0,0,0,0,0,0,0,0,0,0,0,0
1983,DE,0,1,0,1,0,0,1,0,0,0,0,1,0,0,0,1,0,0,0,1,0,0
1984,DE,0,1,1,0,0,0,1,0,0,0,1,0,0,0,0,1,0,0,0,1,0,0
1985,DE,0,3,3,0,0,1,2,0,0,0,1,2,0,0,1,0,2,0,0,1,2,0
1986,DE,0,4,3,1,0,4,0,0,0,0,2,2,0,0,2,0,0,0,2,2,2,0
1987,DE,0,5,5,0,0,5,0,0,0,0,3,2,0,0,0,1,2,0,2,2,3,0
1988,DE,0,3,2,1,0,0,3,0,0,0,1,0,2,0,2,0,0,0,1,1,2,0
1989,DE,0,2,1,1,0,1,1,0,0,0,1,1,0,0,0,0,0,1,1,2,0,0
1990,DE,0,3,3,0,0,1,2,0,0,0,0,2,0,1,3,0,0,0,0,1,2,0
1991,DE,0,4,4,0,0,2,2,0,0,0,0,1,3,0,3,1,0,0,0,2,2,0
1992,DE,0,6,5,2,0,0,6,0,0,0,2,0,3,2,5,2,0,0,0,5,2,0
1993,DE,0,5,5,0,0,0,5,0,0,0,0,0,2,4,5,0,0,0,0,2,4,0
1996,DE,0,1,1,0,0,1,0,0,0,0,0,1,0,0,1,0,0,0,0,1,0,0
1997,DE,0,0,0,0,0,0,0,0,0,0,0,0,0,0,0,0,0,0,0,0,0,0
1998,DE,0,4,4,0,0,2,2,0,0,0,1,1,2,0,4,0,0,0,0,3,1,0
1999,DE,0,1,1,0,0,0,1,0,0,0,0,1,0,0,1,0,0,0,0,0,1,0
2000,DE,0,4,4,0,0,1,3,0,0,0,0,0,1,3,4,0,0,0,0,0,4,0
2001,DE,0,2,2,0,0,1,1,0,0,0,0,1,0,1,1,0,0,1,0,0,2,0
2002,DE,0,3,3,0,0,1,2,0,0,0,0,2,0,1,1,0,0,2,0,0,3,0
2003,DE,0,0,0,0,0,0,0,0,0,0,0,0,0,0,0,0,0,0,0,0,0,0
2004,DE,0,2,2,0,0,1,1,0,0,0,0,0,1,1,1,1,0,0,0,1,1,0
2005,DE,0,5,5,1,0,2,4,0,0,0,1,1,2,2,5,1,0,0,0,3,3,0
2006,DE,0,10,10,0,0,5,5,0,0,0,0,5,4,1,9,1,0,0,0,1,9,0
2007,DE,0,4,3,1,0,0,4,0,0,0,0,1,2,1,3,0,0,0,1,0,4,0
2008,DE,0,6,6,0,0,0,6,0,0,0,0,2,3,1,6,0,0,0,0,1,5,0
2009,DE,0,6,6,0,0,1,5,0,0,0,0,3,1,2,4,0,0,2,0,1,5,0
2010,DE,0,8,8,0,0,1,8,0,0,0,0,5,1,3,8,0,0,0,0,3,6,0
2011,DE,0,2,2,0,0,0,2,0,0,0,0,1,0,1,1,1,0,0,0,2,0,0
2012,DE,0,4,3,1,0,2,2,0,0,0,0,2,0,2,3,0,0,1,0,1,3,0
2013,DE,0,0,0,0,0,0,0,0,0,0,0,0,0,0,0,0,0,0,0,0,0,0
2014,DE,0,6,6,0,0,1,5,0,0,0,1,0,4,1,5,1,0,0,0,2,4,0
2015,DE,0,3,3,0,0,0,3,0,0,0,0,0,3,0,3,0,0,0,0,1,2,0
2016,DE,0,9,6,3,0,1,8,0,0,0,0,3,4,2,4,2,0,3,0,1,8,0
2017,DE,0,3,3,0,0,0,3,0,0,0,0,0,2,1,3,0,0,0,0,1,2,0
2018,DE,0,2,2,0,0,0,2,0,0,0,0,1,0,1,2,0,0,0,0,2,0,0
2019,DE,0,0,0,0,0,0,0,0,0,0,0,0,0,0,0,0,0,0,0,0,0,0
2020,DE,0,7,5,2,0,2,5,0,0,0,0,3,3,1,5,1,1,0,0,3,4,0
1980,District of Columbia,0,11,10,1,0,0,11,0,0,0,1,5,2,3,8,2,0,0,1,6,6,0
1981,District of Columbia,0,2,2,0,0,0,2,0,0,0,1,1,0,0,0,1,0,1,0,2,0,0
1982,District of Columbia,0,4,3,1,0,0,4,0,0,0,1,1,2,0,2,2,0,0,0,3,1,0
1983,District of Columbia,0,1,1,0,0,0,1,0,0,0,0,0,1,0,0,1,0,0,0,1,0,0
1984,District of Columbia,0,1,1,0,0,0,1,0,0,0,0,1,0,0,0,1,0,0,0,1,0,0
1985,District of Columbia,0,2,2,0,0,0,2,0,0,0,0,0,2,0,1,1,0,0,0,2,0,0
1986,District of Columbia,0,4,4,0,0,0,4,0,0,0,1,0,3,0,4,0,0,0,0,4,0,0
1987,District of Columbia,0,4,4,0,0,0,4,0,0,0,0,0,4,0,3,1,0,0,0,2,2,0
1988,District of Columbia,0,1,1,0,0,0,1,0,0,0,1,0,0,0,1,0,0,0,0,1,0,0
1989,District of Columbia,0,2,2,0,0,0,2,0,0,0,0,1,1,0,2,0,0,0,0,2,0,0
1990,District of Columbia,0,0,0,0,0,0,0,0,0,0,0,0,0,0,0,0,0,0,0,0,0,0
1991,District of Columbia,0,36,34,2,0,0,36,0,0,0,0,0,36,0,34,2,0,0,0,36,0,0
1992,District of Columbia,0,24,24,0,0,0,24,0,0,0,1,0,23,0,20,1,3,0,0,24,0,0
1993,District of Columbia,0,25,25,0,0,0,25,0,0,0,1,0,23,1,22,0,3,0,0,25,0,0
1994,District of Columbia,0,2,2,0,0,0,2,0,0,0,0,1,1,0,2,0,0,0,0,2,0,0
1995,District of Columbia,0,25,24,1,0,0,25,0,0,0,0,0,24,1,18,6,1,0,0,25,0,0
1997,District of Columbia,0,21,19,2,0,0,20,0,0,1,0,4,5,12,17,3,0,1,0,21,0,0
2009,District of Columbia,0,5,5,0,0,0,5,0,0,0,0,0,0,5,5,0,0,0,0,5,0,0
2010,District of Columbia,0,14,14,0,0,0,14,0,0,0,1,2,6,5,11,0,3,0,0,10,4,0
2011,District of Columbia,0,6,4,2,0,1,5,0,0,0,0,5,1,0,2,1,0,0,3,3,3,0
2013,District of Columbia,0,2,2,0,0,0,2,0,0,0,0,0,1,1,2,0,0,0,0,1,1,0
2014,District of Columbia,0,2,2,0,0,0,2,0,0,0,0,0,0,2,2,0,0,0,0,1,1,0
2015,District of Columbia,0,3,3,0,0,0,3,0,0,0,0,1,0,2,2,1,0,0,0,3,0,0
2016,District of Columbia,0,5,4,1,0,0,5,0,0,0,0,3,2,0,4,1,0,0,0,5,0,0
2017,District of Columbia,0,5,5,0,0,1,4,0,0,0,0,0,5,0,5,0,0,0,0,2,3,0
2018,District of Columbia,0,14,14,0,0,0,14,0,0,0,0,3,8,2,13,1,0,0,0,8,5,0
2019,District of Columbia,0,3,3,0,0,0,3,0,0,0,0,0,1,2,1,1,0,1,0,2,1,0
2020,District of Columbia,0,13,12,1,0,1,12,0,0,0,0,1,12,0,12,1,0,0,0,8,5,0
1980,FL,0,52,46,6,0,19,32,0,0,1,11,17,20,4,26,15,2,7,2,36,16,0
1981,FL,0,47,37,10,0,25,21,0,0,1,7,18,15,7,25,11,3,3,5,30,17,0
1982,FL,0,43,35,8,0,19,24,0,0,0,8,26,7,2,18,8,9,6,2,29,14,0
1983,FL,2,35,28,9,0,17,20,0,0,0,8,16,7,6,16,8,1,3,9,31,6,0
1984,FL,1,47,37,11,0,22,25,0,0,1,11,21,7,9,28,7,3,6,4,35,13,0
1985,FL,0,50,47,3,0,20,30,0,0,0,11,14,20,5,36,6,3,3,1,26,24,0
1986,FL,3,54,53,4,0,21,35,0,0,0,8,22,7,19,34,10,5,2,5,35,21,0
1987,FL,0,72,59,12,0,28,43,0,0,1,8,28,12,24,43,19,5,4,0,51,20,0
1992,FL,0,90,74,8,8,27,56,0,0,8,9,23,9,49,65,8,4,4,9,67,24,0
1993,FL,1,92,84,7,2,32,58,0,1,2,6,35,14,38,69,11,6,7,0,79,14,0
1994,FL,2,82,72,7,5,23,56,0,0,5,4,20,24,36,60,6,4,7,7,55,29,0
1995,FL,1,70,65,7,0,24,48,0,0,0,2,23,14,33,53,8,4,5,2,55,17,0
1980,GA,0,21,20,2,0,10,11,0,0,0,7,13,2,0,13,3,2,2,2,18,3,0
1981,GA,0,28,24,4,0,10,18,0,0,0,6,16,6,0,18,4,2,4,0,20,8,0
1982,GA,1,22,20,3,0,8,15,0,0,0,8,8,8,0,14,6,1,1,0,14,9,0
1983,GA,1,18,17,2,0,5,14,0,0,0,2,12,5,0,8,6,5,0,0,11,8,0
1984,GA,0,14,11,3,0,4,10,0,0,0,2,5,3,3,9,2,1,1,1,13,1,0
1985,GA,1,29,26,5,0,14,16,0,0,1,5,18,7,1,21,7,1,0,1,15,16,0
1986,GA,0,36,33,3,0,9,27,0,0,0,3,16,8,9,28,5,1,1,0,19,18,0
1987,GA,1,39,37,4,0,10,30,0,0,0,6,27,8,0,27,11,1,0,1,29,11,0
1988,GA,0,40,32,7,0,8,31,0,0,0,4,23,9,3,29,7,0,1,2,23,17,0
1989,GA,0,47,42,5,0,8,39,0,0,0,6,29,7,4,37,6,0,2,2,32,15,0
1990,GA,0,52,49,3,0,10,43,0,0,0,3,29,14,6,40,9,2,0,1,31,21,0
1991,GA,2,72,71,4,0,6,68,0,0,0,2,42,24,6,68,4,0,0,2,41,34,0
1992,GA,0,57,51,7,0,12,45,0,0,0,3,26,23,4,46,9,1,1,0,36,21,0
1993,GA,0,96,93,3,0,9,86,0,0,0,7,49,28,11,78,13,2,3,0,49,46,0
1994,GA,1,95,92,4,0,6,88,0,2,0,5,46,44,2,78,4,3,10,1,43,54,0
1995,GA,0,77,68,8,0,14,63,0,0,0,8,34,28,6,62,4,1,6,3,33,44,0
1996,GA,0,39,36,3,0,7,31,0,1,0,3,20,17,0,32,5,1,0,1,26,13,0
1997,GA,1,46,43,4,0,12,35,0,0,0,9,21,16,1,33,4,2,4,3,24,24,0
1998,GA,0,25,23,2,0,6,18,0,0,1,5,8,10,2,20,1,2,1,0,17,8,0
1999,GA,0,47,44,3,0,6,40,0,0,1,1,21,19,6,45,2,0,0,0,30,17,0
2000,GA,0,41,40,1,0,8,31,0,1,1,8,20,5,8,28,4,1,8,0,24,17,0
2001,GA,0,23,20,3,0,10,12,0,0,1,2,12,7,2,16,2,2,2,0,17,5,0
2002,GA,1,30,27,3,0,9,21,0,0,0,2,14,12,3,22,4,1,2,1,14,17,0
2003,GA,0,29,27,2,0,5,24,0,0,0,4,16,8,1,23,1,0,3,2,21,8,0
2004,GA,0,28,26,2,0,7,21,0,0,0,2,14,12,0,17,8,0,2,0,15,13,0
2005,GA,0,16,12,4,0,2,14,0,0,0,1,8,8,0,13,2,0,0,1,10,7,0
2006,GA,1,38,37,2,0,7,32,0,0,1,3,14,20,2,36,0,0,0,3,22,17,0
2007,GA,0,54,49,5,0,10,43,0,1,1,5,31,11,7,45,3,2,0,4,25,30,0
2008,GA,0,50,45,5,0,12,38,0,0,0,5,27,13,5,41,0,2,0,7,17,33,0
2009,GA,0,30,26,4,0,6,24,0,0,0,5,14,6,4,21,2,3,0,4,14,15,0
2010,GA,1,44,38,7,0,4,41,0,0,0,4,21,18,2,37,3,4,0,1,14,32,0
2011,GA,1,38,36,3,0,13,26,0,0,0,4,21,7,6,35,3,1,0,0,21,18,0
2012,GA,1,30,25,6,0,6,25,0,0,0,5,10,14,2,22,5,0,0,3,14,17,0
2013,GA,0,27,23,4,0,2,25,0,0,0,2,13,7,4,19,2,2,0,4,15,11,0
2014,GA,0,33,29,4,0,4,29,0,0,0,5,15,10,3,28,2,2,0,1,12,21,0
2015,GA,0,29,27,2,0,1,28,0,0,0,0,15,5,9,26,0,1,1,1,12,17,0
2016,GA,0,44,40,4,0,3,39,0,2,0,3,29,5,6,41,1,0,0,2,25,19,0
2017,GA,0,51,49,2,0,5,45,0,0,0,4,23,15,8,48,1,0,0,2,23,27,0
2018,GA,0,58,55,3,0,13,45,0,0,0,5,18,15,19,53,4,0,0,1,26,32,0
2019,GA,0,40,38,3,0,12,29,0,0,0,6,25,4,6,36,4,0,0,0,19,22,0
2020,GA,2,83,75,10,0,11,74,0,0,0,10,34,21,20,77,5,0,0,3,28,57,0
1980,SD,0,2,2,0,0,0,0,2,0,0,0,1,1,0,2,0,0,0,0,2,0,0
1981,SD,0,1,1,0,0,0,0,1,0,0,1,0,0,0,1,0,0,0,0,1,0,0
1982,SD,0,1,1,0,0,0,0,1,0,0,0,1,0,0,0,0,1,0,0,1,0,0
1983,SD,0,1,1,0,0,1,0,0,0,0,0,0,1,0,1,0,0,0,0,0,1,0
1984,SD,0,0,0,0,0,0,0,0,0,0,0,0,0,0,0,0,0,0,0,0,0,0
1985,SD,0,0,0,0,0,0,0,0,0,0,0,0,0,0,0,0,0,0,0,0,0,0
1986,SD,0,0,0,0,0,0,0,0,0,0,0,0,0,0,0,0,0,0,0,0,0,0
1987,SD,0,1,0,1,0,1,0,0,0,0,1,0,0,0,0,0,0,0,1,1,0,0
1988,SD,0,0,0,0,0,0,0,0,0,0,0,0,0,0,0,0,0,0,0,0,0,0
1989,SD,0,0,0,0,0,0,0,0,0,0,0,0,0,0,0,0,0,0,0,0,0,0
1990,SD,0,1,0,1,0,0,0,1,0,0,1,0,0,0,1,0,0,0,0,1,0,0
1991,SD,0,1,1,0,0,0,0,1,0,0,0,1,0,0,0,1,0,0,0,1,0,0
1992,SD,0,1,1,0,0,0,0,1,0,0,0,1,0,0,0,1,0,0,0,1,0,0
1993,SD,0,1,1,0,0,1,0,0,0,0,0,1,0,0,1,0,0,0,0,1,0,0
1994,SD,0,1,1,0,0,0,1,0,0,0,1,0,0,0,0,0,0,1,0,1,0,0
1995,SD,0,0,0,0,0,0,0,0,0,0,0,0,0,0,0,0,0,0,0,0,0,0
1996,SD,0,3,3,0,0,3,0,0,0,0,0,0,3,0,3,0,0,0,0,0,3,0
1998,SD,0,2,2,0,0,2,0,0,0,0,0,2,0,0,2,0,0,0,0,2,0,0
1999,SD,0,4,3,1,0,3,0,1,0,0,3,1,0,0,1,0,1,0,1,3,1,0
2000,SD,0,0,0,0,0,0,0,0,0,0,0,0,0,0,0,0,0,0,0,0,0,0
2001,SD,0,1,1,0,0,0,0,1,0,0,0,1,0,0,0,0,0,1,0,1,0,0
2002,SD,0,0,0,0,0,0,0,0,0,0,0,0,0,0,0,0,0,0,0,0,0,0
2003,SD,0,2,1,1,0,1,0,1,0,0,0,2,0,0,0,1,0,0,1,2,0,0
2004,SD,0,2,2,0,0,0,0,2,0,0,0,1,1,0,0,2,0,0,0,0,2,0
2005,SD,0,0,0,0,0,0,0,0,0,0,0,0,0,0,0,0,0,0,0,0,0,0
2006,SD,0,0,0,0,0,0,0,0,0,0,0,0,0,0,0,0,0,0,0,0,0,0
2007,SD,0,1,1,0,0,1,0,0,0,0,1,0,0,0,0,1,0,0,0,1,0,0
2008,SD,0,1,0,1,0,0,0,1,0,0,0,1,0,0,0,0,0,0,1,0,1,0
2009,SD,0,1,0,1,0,1,0,0,0,0,0,0,0,1,0,1,0,0,0,0,1,0
2010,SD,0,2,2,0,0,0,0,2,0,0,0,0,0,2,0,0,0,0,2,0,2,0
2011,SD,0,3,3,0,0,1,0,1,0,0,0,3,0,0,0,0,1,1,0,1,1,0
2012,SD,0,5,5,0,0,2,0,3,0,0,2,3,0,0,2,0,0,3,0,5,0,0
2013,SD,0,2,2,0,0,2,0,0,0,0,0,2,0,0,2,0,0,0,0,0,2,0
2014,SD,0,0,0,0,0,0,0,0,0,0,0,0,0,0,0,0,0,0,0,0,0,0
2015,SD,0,1,1,0,0,1,0,0,0,0,0,1,0,0,1,0,0,0,0,0,1,0
2016,SD,0,1,1,0,0,0,1,0,0,0,0,0,0,1,0,0,0,1,0,1,0,0
2017,SD,0,1,1,0,0,0,0,1,0,0,0,0,1,0,0,1,0,0,0,0,1,0
2018,SD,0,1,1,0,0,0,0,1,0,0,0,1,0,0,1,0,0,0,0,1,0,0
2019,SD,0,3,3,0,0,1,0,0,0,2,1,2,0,0,1,1,0,0,1,3,0,0
2020,SD,0,4,4,0,0,1,2,0,1,0,1,2,2,0,4,0,0,0,0,2,2,0
1980,TN,0,20,17,3,0,7,13,0,0,0,2,10,5,2,11,4,2,1,1,16,4,0
1981,TN,0,21,16,6,0,13,8,0,0,0,7,10,4,0,15,4,0,1,1,12,9,0
1982,TN,0,20,18,2,0,8,12,0,0,0,10,10,0,0,9,10,1,0,0,13,7,0
1983,TN,0,22,20,2,0,8,13,0,1,0,3,14,4,0,11,9,1,1,0,10,12,0
1984,TN,0,22,21,1,0,6,16,0,0,0,5,11,7,0,13,5,1,2,1,14,8,0
1985,TN,1,18,17,2,0,7,11,0,0,1,6,11,2,0,8,8,0,1,2,13,6,0
1986,TN,0,30,29,1,0,9,21,0,0,0,2,14,9,5,23,5,0,1,1,15,15,0
1987,TN,0,37,32,5,0,14,22,0,1,0,9,22,6,0,23,9,2,0,2,25,12,0
1988,TN,0,28,26,2,0,6,22,0,0,0,5,21,2,0,22,5,1,0,0,24,5,0
1989,TN,0,31,28,2,0,8,22,0,0,0,5,21,4,1,24,4,1,2,0,20,11,0
1990,TN,0,44,41,2,0,6,38,0,0,0,2,28,12,1,33,0,5,4,2,35,9,0
1991,TN,0,56,52,4,0,6,50,0,0,0,9,36,10,1,47,3,4,1,0,52,4,0
1992,TN,0,56,49,7,0,6,50,0,0,0,1,38,17,0,42,7,4,2,1,44,12,0
1993,TN,0,53,52,1,0,7,45,0,0,1,7,29,16,1,50,0,1,0,2,39,14,0
1994,TN,0,48,46,2,0,3,45,0,0,0,2,24,22,0,44,2,0,1,1,24,24,0
1995,TN,0,57,54,2,0,10,47,0,0,0,4,32,14,7,47,2,0,2,5,38,18,0
1996,TN,0,62,50,12,0,8,54,0,0,0,5,40,17,0,51,6,1,3,0,31,31,0
1997,TN,0,41,41,0,0,3,38,0,0,0,3,25,10,3,38,3,0,0,0,23,18,0
1998,TN,0,32,30,2,0,10,22,0,0,0,8,13,9,2,26,2,2,0,1,15,17,0
1999,TN,0,32,31,1,0,7,24,0,0,0,4,14,14,0,22,1,2,0,6,14,18,0
2000,TN,1,18,17,2,0,5,14,0,0,0,6,4,8,1,13,3,2,0,1,10,9,0
2001,TN,0,19,18,1,0,6,10,0,3,0,3,4,7,5,16,1,0,0,2,3,16,0
2002,TN,1,24,23,2,0,5,20,0,0,0,3,11,10,1,24,0,0,1,0,6,19,0
2003,TN,0,29,27,2,0,8,21,0,0,0,1,17,9,2,24,2,0,2,1,15,14,0
2004,TN,0,24,22,2,0,7,17,0,0,0,2,11,7,4,13,4,2,1,4,10,14,0
2005,TN,0,45,43,2,0,2,43,0,0,0,2,12,21,10,41,2,0,2,0,8,37,0
2006,TN,0,44,42,2,0,3,41,0,0,0,1,20,12,11,40,2,2,0,0,10,34,0
2007,TN,0,41,35,6,0,6,35,0,0,0,3,17,18,4,27,6,0,2,6,12,29,0
2008,TN,0,25,24,1,0,7,18,0,0,0,2,11,5,7,18,3,0,2,2,8,17,0
2009,TN,0,63,57,6,0,8,54,1,0,0,5,32,13,14,45,3,3,2,10,20,43,0
2010,TN,0,21,19,2,0,5,16,0,0,0,1,10,4,6,15,1,0,0,5,6,15,0
2011,TN,0,23,21,2,0,7,16,0,0,0,2,10,7,4,15,4,2,0,2,6,17,0
2012,TN,1,13,13,1,0,5,9,0,0,0,1,11,2,0,9,2,2,0,1,7,7,0
2013,TN,0,19,19,0,0,0,19,0,0,0,1,9,4,5,17,0,0,0,2,6,13,0
2014,TN,0,40,37,3,0,8,31,0,1,0,3,19,15,3,31,2,0,0,7,9,31,0
2015,TN,2,26,27,1,0,3,25,0,0,0,0,16,8,5,25,0,0,1,2,6,22,0
2016,TN,0,32,32,0,0,13,20,0,0,0,4,8,13,8,27,3,0,0,2,12,21,0
2017,TN,0,43,39,4,0,4,39,0,0,0,1,24,14,4,40,0,0,0,3,8,35,0
2018,TN,0,46,41,5,0,7,39,0,0,0,3,13,20,11,41,0,3,1,1,15,31,0
2019,TN,1,33,28,6,0,6,27,0,1,0,2,10,8,14,34,0,0,0,0,11,23,0
2020,TN,0,37,35,2,0,11,26,0,0,0,1,12,7,17,33,1,0,0,3,10,27,0
1980,TX,3,119,112,10,0,82,41,0,0,0,17,67,38,1,68,33,7,7,6,77,45,0
1981,TX,2,125,102,25,0,84,43,0,0,0,22,66,35,3,71,39,8,6,3,85,42,0
1982,TX,0,123,109,14,0,87,34,0,1,0,17,63,32,11,57,39,8,15,4,63,59,0
1983,TX,2,109,95,15,1,91,19,0,0,1,19,50,38,4,60,34,9,4,4,68,43,0
1984,TX,1,113,100,14,0,77,36,0,1,0,15,51,48,0,62,33,12,5,2,49,65,0
1985,TX,1,141,134,8,0,94,47,0,1,0,22,55,54,11,78,34,14,13,3,76,66,0
1986,TX,5,128,121,11,0,94,38,0,0,0,19,46,45,22,66,34,13,11,8,70,62,0
1987,TX,2,128,123,7,0,84,42,0,4,0,19,57,37,17,59,35,13,16,7,66,64,0
1988,TX,0,159,152,7,0,89,68,0,1,0,21,56,47,35,106,31,14,6,2,91,68,0
1989,TX,3,163,151,14,1,90,77,0,0,0,20,76,39,32,119,30,9,6,3,94,73,0
1990,TX,2,225,218,9,0,125,99,0,3,0,13,107,63,44,159,31,13,12,12,108,119,0
1991,TX,1,302,285,18,0,154,147,0,2,1,19,133,101,51,230,47,10,6,10,148,156,0
1992,TX,2,310,300,12,0,159,149,0,4,0,25,113,118,56,258,34,8,7,6,140,172,0
1993,TX,0,333,319,14,0,154,176,0,2,0,20,124,103,85,268,21,16,19,9,131,201,0
1994,TX,1,367,349,19,0,209,157,0,2,0,30,159,100,80,297,36,11,13,11,149,219,0
1995,TX,0,258,245,13,0,165,90,0,1,2,13,89,86,70,205,26,5,18,4,97,161,0
1996,TX,1,197,182,16,0,120,72,0,5,1,14,94,70,20,140,27,10,15,6,87,111,0
1997,TX,0,132,131,1,0,77,52,0,3,0,4,60,46,22,106,15,5,2,4,50,82,0
1998,TX,1,135,124,12,0,98,36,0,1,0,14,59,44,19,90,17,11,17,2,53,83,0
1999,TX,1,111,97,15,0,73,34,0,5,0,14,57,28,13,62,22,10,8,10,58,55,0
2000,TX,2,104,94,12,0,76,28,1,1,0,7,32,32,35,72,11,3,9,11,40,66,0
2001,TX,1,71,66,6,0,46,26,0,0,0,10,28,15,19,46,9,6,7,4,31,41,0
2002,TX,1,78,63,16,0,54,24,0,1,0,15,26,17,21,25,18,5,8,23,31,48,0
2003,TX,0,95,86,9,0,74,19,0,1,1,13,44,27,11,61,8,4,8,14,45,50,0
2004,TX,1,83,77,7,0,53,31,0,0,0,21,35,17,11,50,13,10,7,4,47,37,0
2005,TX,0,95,89,6,0,58,37,0,0,0,15,37,38,5,74,13,4,2,2,40,55,0
2006,TX,0,83,77,6,0,47,35,0,1,0,4,34,35,10,60,8,6,5,4,28,55,0
2007,TX,0,80,76,4,0,45,35,0,0,0,8,37,31,4,59,8,5,6,2,45,35,0
2008,TX,0,90,81,9,0,59,31,0,0,0,13,38,28,11,52,18,8,9,3,37,53,0
2009,TX,0,81,75,6,0,58,22,0,1,0,11,31,20,19,51,11,7,10,2,36,45,0
2010,TX,0,71,63,8,0,43,27,0,1,0,6,24,27,14,51,9,4,5,2,25,46,0
2011,TX,0,71,65,5,1,35,35,0,0,1,7,20,24,20,49,11,3,3,5,22,49,0
2012,TX,1,54,52,3,0,36,19,0,0,0,3,16,26,10,37,9,2,5,2,22,33,0
2013,TX,0,59,54,5,0,23,36,0,0,0,4,22,14,19,41,11,3,0,4,23,36,0
2014,TX,0,57,54,3,0,45,12,0,0,0,13,19,17,8,37,7,2,6,5,25,32,0
2015,TX,0,70,66,4,0,39,31,0,0,0,9,23,24,14,57,8,1,2,2,28,42,0
2016,TX,0,72,65,7,0,47,24,0,0,1,11,29,14,17,54,8,1,3,6,36,35,0
2017,TX,0,75,71,4,0,41,33,0,0,1,7,31,14,23,66,2,0,2,5,40,35,0
2018,TX,0,106,96,9,1,57,47,0,0,2,7,28,37,33,93,5,0,6,2,25,81,0
2019,TX,1,132,119,9,4,59,68,0,1,5,8,33,29,63,115,8,1,3,5,40,93,0
2020,TX,1,177,166,12,0,107,68,1,1,1,14,59,43,62,166,6,1,2,3,54,124,0
1980,UT,1,3,4,0,0,4,0,0,0,0,1,2,1,0,3,0,0,1,0,2,2,0
1981,UT,0,2,2,0,0,2,0,0,0,0,2,0,0,0,0,1,0,1,0,2,0,0
1982,UT,0,1,1,0,0,1,0,0,0,0,0,0,1,0,1,0,0,0,0,1,0,0
1983,UT,1,4,4,1,0,5,0,0,0,0,1,3,1,0,2,1,1,1,0,5,0,0
1984,UT,0,4,3,1,0,4,0,0,0,0,1,3,0,0,1,2,0,1,0,2,2,0
1985,UT,0,1,0,1,0,1,0,0,0,0,0,1,0,0,0,0,1,0,0,1,0,0
1986,UT,0,5,4,1,0,5,0,0,0,0,0,3,2,0,2,2,0,1,0,3,2,0
1987,UT,0,4,2,2,0,1,1,2,0,0,0,2,2,0,1,3,0,0,0,4,0,0
1988,UT,0,3,3,0,0,2,0,0,1,0,0,2,0,1,0,0,0,3,0,3,0,0
1989,UT,0,3,3,0,0,3,0,0,0,0,0,0,3,0,3,0,0,0,0,0,3,0
1990,UT,0,5,5,0,0,3,0,1,1,0,0,2,3,0,1,3,0,1,0,3,2,0
1991,UT,0,8,8,0,0,6,0,0,2,0,0,8,0,0,4,1,0,3,0,1,7,0
1992,UT,0,6,5,1,0,4,0,1,1,0,1,4,0,1,1,2,0,2,1,4,2,0
1993,UT,0,6,6,0,0,4,0,0,2,0,0,1,4,1,5,1,0,0,0,4,2,0
1994,UT,0,9,9,0,0,7,1,1,0,0,1,4,2,3,7,1,0,0,1,6,3,0
1995,UT,0,16,14,2,0,10,1,0,4,0,2,1,10,2,11,4,0,0,0,2,14,0
1996,UT,0,15,10,5,0,10,5,0,0,0,2,4,4,5,7,3,0,4,1,2,13,0
1997,UT,0,10,8,2,0,8,1,0,0,1,0,8,1,1,9,1,0,0,0,4,6,0
1998,UT,0,8,6,2,0,6,0,0,2,0,2,5,1,0,5,0,2,0,1,3,5,0
1999,UT,0,4,4,0,0,4,0,0,0,0,0,1,0,4,4,1,0,0,0,1,4,0
2000,UT,0,2,2,1,0,2,0,0,1,0,0,2,1,0,1,1,1,0,0,2,1,0
2001,UT,0,2,2,0,0,2,0,0,0,0,0,1,1,0,1,0,0,0,1,1,1,0
2002,UT,0,6,5,1,0,4,0,2,0,0,2,0,2,3,4,2,0,0,1,3,4,0
2003,UT,1,4,5,0,0,2,2,0,1,0,1,0,0,4,4,0,0,1,0,1,4,0
2004,UT,0,9,4,4,0,5,1,1,0,2,1,7,0,1,1,4,2,1,1,2,7,0
2005,UT,0,4,4,0,0,3,0,0,1,0,0,4,0,0,2,1,1,0,0,0,4,0
2006,UT,0,6,5,1,0,5,0,0,1,1,0,4,0,3,5,1,0,1,0,2,5,0
2007,UT,0,4,4,0,0,3,0,1,0,0,1,3,0,0,3,0,0,1,0,1,3,0
2008,UT,0,6,3,3,0,4,0,0,2,0,1,0,5,0,5,0,0,0,1,0,6,0
2009,UT,0,6,6,1,0,1,2,0,4,0,0,5,0,2,6,0,0,1,0,1,6,0
2010,UT,0,2,1,1,0,2,0,0,0,0,0,2,0,0,1,1,0,0,0,2,0,0
2011,UT,0,2,1,1,0,2,0,0,0,0,0,1,0,1,2,0,0,0,0,0,2,0
2012,UT,0,4,3,1,0,3,1,0,0,0,1,0,0,3,1,2,0,0,1,2,2,0
2013,UT,0,4,4,0,0,3,1,0,0,0,1,3,0,0,3,1,0,0,0,2,2,0
2014,UT,0,2,2,0,0,2,0,0,0,0,0,1,0,1,2,0,0,0,0,1,1,0
2015,UT,0,2,2,0,0,2,0,0,0,0,1,0,1,0,1,0,0,1,0,2,0,0
2016,UT,0,3,2,1,0,2,0,0,0,1,0,2,0,1,2,0,0,0,1,1,2,0
2017,UT,0,7,7,0,0,4,1,0,0,2,0,1,2,4,7,0,0,0,0,5,2,0
2018,UT,0,9,8,1,0,5,2,1,0,1,0,6,0,3,7,1,1,0,0,1,8,0
2019,UT,0,9,8,1,0,7,1,1,0,0,0,1,1,7,7,0,0,1,1,4,4,0
2020,UT,0,16,16,0,0,12,2,0,0,1,1,6,0,9,16,0,0,0,0,3,12,0
1984,VT,0,0,0,0,0,0,0,0,0,0,0,0,0,0,0,0,0,0,0,0,0,0
1985,VT,0,0,0,0,0,0,0,0,0,0,0,0,0,0,0,0,0,0,0,0,0,0
1986,VT,0,0,0,0,0,0,0,0,0,0,0,0,0,0,0,0,0,0,0,0,0,0
1987,VT,0,0,0,0,0,0,0,0,0,0,0,0,0,0,0,0,0,0,0,0,0,0
1988,VT,0,1,1,0,0,1,0,0,0,0,0,1,0,0,0,0,0,0,1,1,0,0
1989,VT,0,0,0,0,0,0,0,0,0,0,0,0,0,0,0,0,0,0,0,0,0,0
1990,VT,0,0,0,0,0,0,0,0,0,0,0,0,0,0,0,0,0,0,0,0,0,0
1991,VT,0,0,0,0,0,0,0,0,0,0,0,0,0,0,0,0,0,0,0,0,0,0
1992,VT,0,1,1,0,0,1,0,0,0,0,1,0,0,0,1,0,0,0,0,1,0,0
1993,VT,0,2,2,0,0,2,0,0,0,0,2,0,0,0,0,2,0,0,0,2,0,0
1994,VT,0,0,0,0,0,0,0,0,0,0,0,0,0,0,0,0,0,0,0,0,0,0
1995,VT,0,0,0,0,0,0,0,0,0,0,0,0,0,0,0,0,0,0,0,0,0,0
1996,VT,0,1,1,0,0,1,0,0,0,0,0,1,0,1,1,0,0,0,0,1,1,0
1997,VT,0,0,0,0,0,0,0,0,0,0,0,0,0,0,0,0,0,0,0,0,0,0
1998,VT,0,0,0,0,0,0,0,0,0,0,0,0,0,0,0,0,0,0,0,0,0,0
1999,VT,0,1,1,0,0,1,0,0,0,0,1,0,0,0,1,0,0,0,0,1,0,0
2000,VT,0,1,1,0,0,1,0,0,0,0,1,0,0,0,1,0,0,0,0,1,0,0
2001,VT,0,0,0,0,0,0,0,0,0,0,0,0,0,0,0,0,0,0,0,0,0,0
2002,VT,0,0,0,0,0,0,0,0,0,0,0,0,0,0,0,0,0,0,0,0,0,0
2003,VT,0,0,0,0,0,0,0,0,0,0,0,0,0,0,0,0,0,0,0,0,0,0
2004,VT,0,1,1,0,0,0,0,1,0,0,0,1,0,0,0,1,0,0,0,0,1,0
2005,VT,0,1,1,0,0,1,0,0,0,0,0,1,0,0,0,0,0,1,0,1,0,0
2006,VT,0,3,2,1,0,3,0,0,0,0,0,3,0,0,0,0,0,3,0,0,3,0
2007,VT,0,2,2,0,0,2,0,0,0,0,1,1,0,0,2,0,0,0,0,2,0,0
2008,VT,0,2,2,0,0,1,1,0,0,0,1,1,0,0,1,0,1,0,0,2,0,0
2009,VT,0,0,0,0,0,0,0,0,0,0,0,0,0,0,0,0,0,0,0,0,0,0
2010,VT,0,0,0,0,0,0,0,0,0,0,0,0,0,0,0,0,0,0,0,0,0,0
2011,VT,0,0,0,0,0,0,0,0,0,0,0,0,0,0,0,0,0,0,0,0,0,0
2012,VT,0,0,0,0,0,0,0,0,0,0,0,0,0,0,0,0,0,0,0,0,0,0
2013,VT,0,0,0,0,0,0,0,0,0,0,0,0,0,0,0,0,0,0,0,0,0,0
2014,VT,0,0,0,0,0,0,0,0,0,0,0,0,0,0,0,0,0,0,0,0,0,0
2015,VT,0,0,0,0,0,0,0,0,0,0,0,0,0,0,0,0,0,0,0,0,0,0
2016,VT,0,0,0,0,0,0,0,0,0,0,0,0,0,0,0,0,0,0,0,0,0,0
2017,VT,0,0,0,0,0,0,0,0,0,0,0,0,0,0,0,0,0,0,0,0,0,0
2018,VT,0,0,0,0,0,0,0,0,0,0,0,0,0,0,0,0,0,0,0,0,0,0
2019,VT,0,0,0,0,0,0,0,0,0,0,0,0,0,0,0,0,0,0,0,0,0,0
2020,VT,0,0,0,0,0,0,0,0,0,0,0,0,0,0,0,0,0,0,0,0,0,0
1980,VA,1,13,12,2,0,7,7,0,0,0,3,9,2,0,5,5,0,1,3,14,0,0
1981,VA,0,15,13,2,0,7,8,0,0,0,6,6,3,0,10,4,0,1,0,12,3,0
1982,VA,1,14,15,0,0,7,8,0,0,0,1,6,7,1,8,3,0,2,2,12,3,0
1983,VA,1,19,19,1,0,10,10,0,0,0,4,12,3,1,12,3,3,2,0,13,7,0
1984,VA,1,18,16,3,0,8,11,0,0,0,6,4,9,0,9,2,1,1,6,11,8,0
1985,VA,1,29,26,4,0,7,23,0,0,0,3,11,15,1,21,5,3,0,1,13,17,0
1986,VA,0,25,24,1,0,9,16,0,0,0,6,11,8,0,16,5,3,0,1,11,14,0
1987,VA,1,19,18,2,0,6,12,0,2,0,6,9,5,0,15,1,1,1,2,13,7,0
1988,VA,0,26,22,4,0,5,20,0,1,0,4,12,9,1,16,3,0,4,3,17,9,0
1989,VA,1,32,30,3,0,7,26,0,0,0,5,20,8,0,26,1,3,3,0,22,11,0
1990,VA,1,65,60,6,0,16,48,0,2,0,5,37,24,0,55,6,2,1,2,28,38,0
1991,VA,0,65,63,2,0,9,56,0,0,0,2,49,12,2,53,8,2,2,0,39,26,0
1992,VA,1,70,64,7,0,14,57,0,0,0,9,47,13,2,60,8,1,1,1,29,42,0
1993,VA,0,67,62,5,0,8,59,0,0,0,6,39,22,0,59,7,1,0,0,36,31,0
1994,VA,0,65,60,5,0,10,55,0,0,0,8,32,25,1,57,2,3,1,2,25,41,0
1995,VA,0,44,41,3,0,9,35,0,0,0,7,24,11,2,36,4,1,0,3,26,18,0
1996,VA,0,47,42,5,0,15,32,0,0,0,3,25,14,5,25,10,6,3,3,25,22,0
1997,VA,2,53,48,8,0,16,40,0,0,0,4,24,26,2,48,6,0,2,0,27,29,0
1998,VA,0,28,26,2,0,8,19,0,1,0,4,14,6,3,19,5,0,2,2,13,14,0
1999,VA,1,30,22,9,0,7,23,0,0,0,4,17,4,5,20,1,2,1,6,15,16,0
2000,VA,0,27,23,3,0,9,17,0,0,0,3,6,5,12,23,1,0,1,1,11,15,0
2001,VA,0,37,33,3,1,9,27,0,0,1,1,9,10,17,26,7,1,1,2,12,25,0
2002,VA,0,34,31,3,0,4,30,0,0,0,3,5,8,18,31,1,2,0,0,9,25,0
2003,VA,0,31,27,4,0,16,15,0,0,0,2,10,3,16,17,4,2,3,5,12,19,0
2004,VA,0,24,23,1,0,7,17,0,0,0,2,9,2,11,17,4,0,3,0,8,16,0
2005,VA,0,39,35,4,0,5,34,0,0,0,7,8,8,16,25,2,0,7,5,11,28,0
2006,VA,0,46,45,1,0,5,41,0,0,0,1,6,8,31,33,3,0,1,9,10,36,0
2007,VA,0,48,42,6,0,5,43,0,0,0,2,5,18,23,41,5,0,1,1,15,33,0
2008,VA,0,36,34,2,0,4,32,0,0,0,4,12,5,15,32,2,0,0,2,9,27,0
2009,VA,0,23,21,2,0,3,18,0,2,0,0,4,8,11,20,1,1,0,1,4,19,0
2010,VA,0,23,21,2,0,9,14,0,0,0,1,4,5,13,13,4,2,1,3,8,15,0
2011,VA,0,16,15,1,0,4,12,0,0,0,2,8,3,3,16,0,0,0,0,2,14,0
2012,VA,0,13,12,1,0,0,13,0,0,0,0,3,0,10,9,3,0,1,0,7,6,0
2013,VA,0,17,16,1,0,3,14,0,0,0,2,9,1,5,12,2,0,1,2,6,11,0
2014,VA,0,26,25,1,0,4,22,0,0,0,1,3,3,19,24,1,1,0,0,10,17,0
2015,VA,0,24,22,2,0,10,14,0,0,0,0,8,2,14,13,6,0,0,5,6,18,0
2016,VA,0,37,37,0,0,13,24,0,0,0,2,13,6,16,27,7,0,0,3,7,30,0
2017,VA,1,44,38,7,0,19,25,0,0,0,4,22,2,17,31,14,0,0,0,12,33,0
2018,VA,1,44,43,2,0,9,36,0,0,0,2,11,4,28,39,3,0,2,2,10,35,0
2019,VA,0,36,34,2,0,12,24,0,0,0,0,13,6,17,32,1,1,0,2,11,25,0
2020,VA,0,44,39,5,0,8,36,0,0,0,2,16,1,25,40,2,0,0,2,19,25,0
1980,WA,1,8,7,2,0,5,0,4,0,0,2,4,1,2,3,2,1,1,2,6,3,0
1981,WA,0,15,14,1,0,9,3,2,0,0,1,7,4,2,5,3,2,2,2,6,8,0
1982,WA,0,13,12,1,0,11,2,0,0,0,4,3,5,1,9,0,1,3,0,8,5,0
1983,WA,0,13,11,2,0,10,2,1,0,0,3,4,5,1,9,1,2,0,1,5,8,0
1984,WA,0,6,5,1,0,5,1,0,0,0,1,4,1,0,2,2,1,0,1,3,3,0
1985,WA,0,10,8,2,0,10,0,0,0,0,2,7,1,0,7,1,0,1,1,8,2,0
1986,WA,0,18,14,3,0,15,2,0,0,0,3,12,2,0,9,2,0,3,3,8,9,0
1987,WA,0,12,11,1,0,4,3,5,0,0,1,7,4,0,8,2,1,1,0,5,7,0
1988,WA,0,23,21,2,0,15,5,0,3,0,6,9,7,0,10,7,0,3,2,14,9,0
1989,WA,2,31,31,2,0,18,11,2,2,0,3,16,14,0,20,5,1,2,4,12,21,0
1990,WA,0,22,18,4,0,16,5,1,0,0,2,13,7,0,7,5,5,5,0,8,14,0
1991,WA,1,19,15,5,0,11,5,1,3,0,4,12,4,0,9,7,2,0,2,10,10,0
1992,WA,0,25,23,2,0,9,12,1,3,0,1,9,14,1,17,6,1,1,0,10,15,0
1993,WA,0,35,34,1,0,18,11,2,3,0,2,15,16,1,25,8,0,2,0,11,24,0
1994,WA,0,52,48,4,0,23,19,2,8,0,3,28,21,0,43,3,0,4,2,14,38,0
1995,WA,1,40,40,1,0,27,11,2,2,0,3,20,18,0,23,8,8,0,1,15,27,0
1996,WA,0,46,38,8,0,38,6,0,2,0,3,26,12,5,30,7,2,1,5,18,28,0
1997,WA,0,38,34,4,0,23,8,3,3,0,0,28,11,0,19,7,2,8,1,11,28,0
1998,WA,0,19,19,0,0,11,4,1,2,0,0,14,4,0,9,4,6,0,0,8,11,0
1999,WA,0,16,14,2,0,12,3,1,0,0,3,7,6,0,7,6,2,1,0,5,11,0
2000,WA,1,24,21,4,0,14,7,2,2,0,3,7,15,0,8,5,10,1,1,7,18,0
2001,WA,0,25,20,5,0,18,6,0,1,0,2,16,7,0,8,11,2,2,2,8,17,0
2002,WA,0,16,14,2,0,6,5,5,0,0,0,12,4,0,10,4,1,0,1,5,11,0
2003,WA,0,10,8,2,0,9,1,0,0,0,1,7,2,0,3,6,1,0,0,3,7,0
2004,WA,0,14,13,1,0,11,2,0,1,0,1,7,6,0,8,5,0,0,1,4,10,0
2005,WA,0,18,15,3,0,11,2,3,2,0,1,12,5,0,11,1,2,4,0,7,11,0
2006,WA,0,17,16,1,0,8,8,0,1,0,3,10,4,0,8,1,4,3,1,4,13,0
2007,WA,0,9,8,1,0,6,2,0,1,0,1,6,0,2,6,2,0,0,1,4,5,0
2008,WA,0,22,20,2,0,5,6,3,8,0,1,6,5,10,16,1,1,4,0,5,17,0
2009,WA,0,16,10,6,0,9,4,2,0,1,4,8,4,0,5,7,0,2,2,7,9,0
2010,WA,0,15,13,2,0,7,5,1,2,0,1,7,4,3,13,0,0,1,1,3,12,0
2011,WA,0,11,11,0,0,9,1,1,0,0,4,7,0,0,7,3,0,0,1,6,5,0
2012,WA,1,11,8,4,0,9,3,0,0,0,0,4,3,5,8,3,0,0,1,1,11,0
2013,WA,0,9,9,0,0,5,3,0,1,0,0,2,6,1,2,3,1,2,1,2,7,0
2014,WA,0,16,16,0,0,11,3,2,0,0,4,10,1,1,12,0,1,1,2,8,8,0
2015,WA,0,21,20,2,0,11,10,1,0,0,0,13,7,2,21,0,0,0,1,1,21,0
2016,WA,0,20,17,3,0,7,10,0,3,0,0,5,9,6,19,1,0,0,0,4,16,0
2017,WA,0,32,29,3,0,25,3,1,1,2,1,20,4,7,26,1,1,0,4,10,22,0
2018,WA,0,35,32,3,0,23,9,2,0,1,0,15,10,10,28,0,1,0,6,5,30,0
2019,WA,0,18,16,2,0,11,7,0,0,0,2,10,4,2,18,0,0,0,0,4,14,0
2020,WA,2,23,24,1,0,12,11,1,0,1,1,8,4,12,22,1,0,0,2,4,21,0
1980,WV,0,7,5,2,0,6,1,0,0,0,1,6,0,0,5,1,1,0,0,4,3,0
1981,WV,0,10,10,0,0,9,1,0,0,0,2,7,1,0,8,1,1,0,0,5,5,0
1982,WV,0,8,8,0,0,4,4,0,0,0,2,2,4,0,3,1,0,4,0,4,4,0
1983,WV,0,6,6,0,0,5,1,0,0,0,1,3,2,0,2,1,1,0,2,4,2,0
1984,WV,0,8,8,0,0,6,2,0,0,0,2,2,4,0,3,3,1,1,0,4,4,0
1985,WV,0,2,2,0,0,2,0,0,0,0,1,1,0,0,1,0,0,1,0,1,1,0
1986,WV,0,5,5,0,0,5,0,0,0,0,4,1,0,0,3,2,0,0,0,2,3,0
1987,WV,1,5,4,2,0,6,0,0,0,0,5,1,0,0,4,1,0,1,0,5,1,0
1988,WV,0,5,4,1,0,5,0,0,0,0,0,4,1,0,2,1,2,0,0,3,2,0
1989,WV,0,11,10,1,0,8,3,0,0,0,4,6,1,0,7,2,0,2,0,9,2,0
1990,WV,0,8,7,1,0,6,2,0,0,0,3,4,1,0,6,1,0,0,1,6,2,0
1991,WV,0,5,5,0,0,4,1,0,0,0,2,2,1,0,3,1,0,0,1,5,0,0
1992,WV,0,5,5,0,0,3,2,0,0,0,2,2,1,0,3,2,0,0,0,3,2,0
1993,WV,0,10,8,2,0,7,3,0,0,0,4,4,2,0,5,0,3,2,0,6,4,0
1994,WV,0,4,3,1,0,4,0,0,0,0,1,3,0,0,4,0,0,0,0,2,2,0
1995,WV,0,16,15,1,0,8,8,0,0,0,1,9,6,0,13,2,0,1,0,8,8,0
1996,WV,0,7,6,1,0,3,4,0,0,0,3,3,1,0,7,0,0,0,0,4,3,0
1997,WV,0,7,7,0,0,2,5,0,0,0,2,0,5,0,6,1,0,0,0,3,4,0
1998,WV,0,1,1,0,0,1,0,0,0,0,1,0,0,0,1,0,0,0,0,1,0,0
1999,WV,0,0,0,0,0,0,0,0,0,0,0,0,0,0,0,0,0,0,0,0,0,0
2000,WV,0,2,2,0,0,2,0,0,0,0,0,2,0,0,1,0,0,0,2,1,2,0
2001,WV,0,0,0,0,0,0,0,0,0,0,0,0,0,0,0,0,0,0,0,0,0,0
2002,WV,0,4,2,2,0,4,0,0,0,0,1,2,2,0,2,0,1,2,0,2,2,0
2003,WV,0,3,2,1,0,3,0,0,0,0,1,2,0,0,1,2,0,0,0,0,3,0
2004,WV,0,2,1,1,0,1,1,0,0,0,1,0,1,0,1,1,0,0,0,2,0,0
2005,WV,0,5,5,0,0,4,1,0,0,0,1,1,2,1,2,3,0,0,0,2,3,0
2006,WV,0,6,5,1,0,2,4,0,0,0,0,0,3,3,2,0,2,2,0,0,6,0
2007,WV,1,1,1,1,0,1,1,0,0,0,1,1,0,0,1,1,0,0,0,1,1,0
2008,WV,0,0,0,0,0,0,0,0,0,0,0,0,0,0,0,0,0,0,0,0,0,0
2009,WV,0,1,1,0,0,0,1,0,0,0,0,0,0,1,0,1,0,0,0,1,0,0
2010,WV,0,3,3,0,0,0,3,0,0,0,0,1,1,1,3,0,0,0,0,1,2,0
2011,WV,0,0,0,0,0,0,0,0,0,0,0,0,0,0,0,0,0,0,0,0,0,0
2012,WV,0,6,3,3,0,5,1,0,0,0,1,4,1,0,2,4,0,0,0,2,4,0
2013,WV,0,0,0,0,0,0,0,0,0,0,0,0,0,0,0,0,0,0,0,0,0,0
2014,WV,0,2,1,1,0,1,1,0,0,0,1,0,0,1,1,0,1,0,0,1,1,0
2015,WV,0,2,1,1,0,1,1,0,0,0,0,2,0,0,1,0,0,0,1,1,1,0
2016,WV,0,3,2,1,0,2,1,0,0,0,0,3,0,0,3,0,0,0,0,1,2,0
2017,WV,0,0,0,0,0,0,0,0,0,0,0,0,0,0,0,0,0,0,0,0,0,0
2018,WV,0,3,2,1,0,2,1,0,0,0,0,3,0,0,2,0,0,0,1,2,1,0
2019,WV,0,1,0,1,0,1,0,0,0,0,0,0,0,1,0,0,0,0,1,1,0,0
2020,WV,0,3,2,1,0,3,0,0,0,0,2,1,0,0,3,0,0,0,0,1,2,0
1980,WI,0,6,6,0,0,3,3,0,0,0,1,5,0,0,3,1,0,1,1,5,1,0
1981,WI,0,8,8,0,0,6,1,1,0,0,6,2,0,0,5,2,1,0,0,7,1,0
1982,WI,0,10,10,0,0,3,5,1,0,0,1,4,4,0,6,1,0,0,2,4,5,0
1983,WI,0,6,6,0,0,5,1,0,0,0,3,2,1,0,2,4,0,0,0,6,0,0
1984,WI,0,12,12,0,0,8,3,1,0,0,3,4,3,2,8,3,1,0,0,9,3,0
1985,WI,2,14,13,2,1,7,8,0,0,1,5,6,4,1,6,6,0,1,3,8,8,0
1986,WI,1,12,10,3,0,5,7,0,0,0,5,4,3,0,5,4,0,0,3,6,6,0
1987,WI,3,15,18,0,0,5,13,0,0,0,2,14,2,0,8,3,3,1,3,7,11,0
1988,WI,0,11,9,2,0,6,5,0,0,0,4,4,3,0,5,3,1,2,0,10,1,0
1989,WI,0,22,20,2,0,9,12,0,0,0,4,16,2,0,18,2,1,1,0,18,4,0
1990,WI,0,36,36,0,0,10,24,2,0,0,3,12,14,7,33,0,1,1,1,16,20,0
1991,WI,1,39,38,2,0,9,29,2,0,0,1,15,15,9,32,1,2,4,1,14,26,0
1992,WI,0,49,46,3,0,10,38,0,1,0,3,15,22,9,42,1,2,3,0,20,29,0
1993,WI,0,54,50,4,0,8,46,0,0,0,1,39,7,7,45,4,2,2,1,16,38,0
1994,WI,1,43,42,2,0,9,34,1,0,0,0,25,15,4,36,3,0,4,1,19,25,0
1995,WI,0,30,26,4,0,9,20,1,0,0,1,24,3,2,21,4,1,2,2,17,13,0
1996,WI,0,38,34,4,0,10,29,0,0,0,1,22,12,3,31,1,1,5,0,16,22,0
1997,WI,0,27,24,3,0,13,13,1,0,0,1,17,8,1,13,4,5,0,5,10,17,0
1999,WI,0,23,22,1,0,8,10,5,0,0,2,12,7,2,15,4,0,2,2,12,11,0
2000,WI,0,13,13,0,0,1,12,0,0,0,0,5,7,0,12,1,0,0,0,7,5,0
2001,WI,0,30,27,3,0,13,15,2,0,0,4,12,5,9,19,4,0,5,2,20,10,0
2002,WI,1,14,15,0,0,4,11,0,0,0,2,4,1,8,8,2,4,0,1,9,6,0
2003,WI,0,22,22,0,0,4,18,0,0,0,1,12,0,9,20,1,0,1,0,6,16,0
2004,WI,0,14,14,0,0,4,8,2,0,0,2,2,4,6,8,0,2,4,0,2,12,0
2005,WI,0,21,18,1,2,6,13,0,0,2,0,8,1,12,18,1,0,0,2,2,19,0
2006,WI,0,30,28,2,0,6,23,1,0,0,1,5,10,14,23,0,2,4,1,5,25,0
2007,WI,0,43,40,3,0,9,34,0,0,0,1,0,35,7,40,0,2,1,0,1,42,0
2008,WI,0,26,23,3,0,10,16,0,0,0,3,3,18,2,17,2,2,1,4,4,22,0
2009,WI,0,15,14,1,0,3,12,0,0,0,0,4,10,1,11,3,0,0,1,1,14,0
2010,WI,0,20,18,2,0,5,15,0,0,0,1,7,5,7,15,2,0,3,0,3,17,0
2011,WI,0,24,23,1,0,0,23,1,0,0,1,3,16,4,20,2,0,2,0,5,19,0
2012,WI,0,25,23,1,1,13,12,0,0,1,2,5,13,5,10,5,2,6,1,2,23,0
2013,WI,0,15,13,2,0,7,6,2,0,0,2,1,4,8,13,0,0,1,1,3,12,0
2014,WI,0,15,11,4,0,4,10,1,0,0,3,4,8,0,9,4,1,1,0,5,10,0
2015,WI,0,16,15,1,0,5,9,1,1,0,2,6,4,4,12,3,0,0,1,8,8,0
2016,WI,0,5,5,0,0,0,4,0,0,1,1,2,2,0,4,0,0,1,0,1,4,0
2017,WI,0,18,15,3,0,0,17,0,0,1,0,5,8,5,15,1,0,2,0,1,17,0
2018,WI,1,14,12,3,0,4,11,0,0,0,3,3,3,6,10,3,0,1,1,5,10,0
2019,WI,0,10,8,2,0,6,4,0,0,0,1,3,2,4,9,0,0,0,1,3,7,0
2020,WI,0,24,23,1,0,6,17,0,0,1,0,9,7,8,20,0,0,2,2,5,19,0
1980,WY,0,4,4,0,0,4,0,0,0,0,1,0,3,0,4,0,0,0,0,1,3,0
1981,WY,0,1,1,0,0,1,0,0,0,0,0,1,0,0,1,0,0,0,0,1,0,0
1982,WY,0,5,4,1,0,5,0,0,0,0,3,1,1,0,3,3,0,0,0,1,4,0
1983,WY,0,0,0,0,0,0,0,0,0,0,0,0,0,0,0,0,0,0,0,0,0,0
1984,WY,0,3,2,1,0,3,0,0,0,0,1,2,0,0,1,1,0,0,1,1,2,0
1985,WY,0,0,0,0,0,0,0,0,0,0,0,0,0,0,0,0,0,0,0,0,0,0
1986,WY,0,4,4,0,0,4,0,0,0,0,1,0,3,0,3,1,0,0,0,2,2,0
1987,WY,0,0,0,0,0,0,0,0,0,0,0,0,0,0,0,0,0,0,0,0,0,0
1988,WY,0,0,0,0,0,0,0,0,0,0,0,0,0,0,0,0,0,0,0,0,0,0
1989,WY,0,2,2,0,0,2,0,0,0,0,0,2,0,0,2,0,0,0,0,2,0,0
1990,WY,0,1,1,0,0,1,0,0,0,0,1,0,0,0,1,0,0,0,0,1,0,0
1991,WY,0,1,1,0,0,1,0,0,0,0,0,1,0,0,1,0,0,0,0,1,0,0
1992,WY,0,1,1,0,0,1,0,0,0,0,0,0,1,0,1,0,0,0,0,1,0,0
1993,WY,0,5,4,1,0,5,0,0,0,0,3,0,2,0,2,2,0,1,0,3,2,0
1994,WY,0,1,1,0,0,0,0,1,0,0,0,1,0,0,1,0,0,0,0,1,0,0
1995,WY,0,1,1,0,0,1,0,0,0,0,0,0,1,0,1,0,0,0,0,1,0,0
1996,WY,0,1,1,0,0,1,0,0,0,0,0,1,0,0,1,0,0,0,0,1,0,0
1997,WY,0,0,0,0,0,0,0,0,0,0,0,0,0,0,0,0,0,0,0,0,0,0
1998,WY,0,3,3,0,0,3,0,0,0,0,0,3,0,0,0,3,0,0,0,0,3,0
1999,WY,0,0,0,0,0,0,0,0,0,0,0,0,0,0,0,0,0,0,0,0,0,0
2000,WY,0,0,0,0,0,0,0,0,0,0,0,0,0,0,0,0,0,0,0,0,0,0
2001,WY,0,0,0,0,0,0,0,0,0,0,0,0,0,0,0,0,0,0,0,0,0,0
2002,WY,0,0,0,0,0,0,0,0,0,0,0,0,0,0,0,0,0,0,0,0,0,0
2003,WY,0,0,0,0,0,0,0,0,0,0,0,0,0,0,0,0,0,0,0,0,0,0
2004,WY,0,0,0,0,0,0,0,0,0,0,0,0,0,0,0,0,0,0,0,0,0,0
2005,WY,0,0,0,0,0,0,0,0,0,0,0,0,0,0,0,0,0,0,0,0,0,0
2006,WY,0,1,0,1,0,1,0,0,0,0,0,1,0,0,0,0,0,1,0,1,0,0
2007,WY,0,0,0,0,0,0,0,0,0,0,0,0,0,0,0,0,0,0,0,0,0,0
2008,WY,0,1,1,0,0,1,0,0,0,0,0,0,0,1,0,1,0,0,0,0,1,0
2009,WY,0,2,2,0,0,1,0,1,0,0,0,0,2,0,2,0,0,0,0,0,2,0
2010,WY,0,1,1,0,0,1,0,0,0,0,1,0,0,0,1,0,0,0,0,1,0,0
2011,WY,0,0,0,0,0,0,0,0,0,0,0,0,0,0,0,0,0,0,0,0,0,0
2012,WY,0,1,1,0,0,0,0,0,1,0,0,1,0,0,0,0,0,1,0,0,1,0
2013,WY,0,2,2,0,0,0,0,2,0,0,0,0,0,2,0,0,2,0,0,0,2,0
2014,WY,0,1,1,0,0,0,0,1,0,0,0,1,0,0,1,0,0,0,0,1,0,0
2015,WY,0,0,0,0,0,0,0,0,0,0,0,0,0,0,0,0,0,0,0,0,0,0
2016,WY,0,0,0,0,0,0,0,0,0,0,0,0,0,0,0,0,0,0,0,0,0,0
2017,WY,0,0,0,0,0,0,0,0,0,0,0,0,0,0,0,0,0,0,0,0,0,0
2018,WY,0,0,0,0,0,0,0,0,0,0,0,0,0,0,0,0,0,0,0,0,0,0
2019,WY,0,0,0,0,0,0,0,0,0,0,0,0,0,0,0,0,0,0,0,0,0,0
2020,WY,0,0,0,0,0,0,0,0,0,0,0,0,0,0,0,0,0,0,0,0,0,0
1980,MD,2,15,29,2,0,13,18,0,0,0,2,20,7,2,17,11,0,2,1,18,13,0
1981,MD,0,17,31,4,0,9,25,1,0,0,4,22,9,0,21,10,1,1,2,19,16,0
1982,MD,0,17,25,0,0,12,13,0,0,0,4,15,6,0,19,3,0,2,1,18,7,0
1983,MD,0,11,22,4,0,6,20,0,0,0,4,12,10,0,15,5,1,4,1,12,14,0
1984,MD,1,11,22,1,0,9,14,0,0,0,3,12,6,2,14,4,1,1,3,12,11,0
1985,MD,0,16,27,3,0,6,23,0,1,0,4,19,5,2,23,4,0,1,2,20,10,0
1986,MD,0,7,17,0,0,1,15,1,0,0,0,10,4,3,13,1,1,0,2,8,9,0
1987,MD,0,15,25,2,0,7,20,0,0,0,1,19,4,4,21,4,0,0,2,20,7,0
1988,MD,0,27,46,4,0,15,33,0,1,0,7,27,10,5,39,5,1,2,2,28,21,0
1989,MD,0,19,31,2,0,5,28,0,0,0,3,25,5,0,18,7,2,6,0,19,14,0
1990,MD,0,26,60,3,0,4,59,0,0,0,4,36,21,2,49,3,5,6,0,28,35,0
1991,MD,0,16,32,2,0,6,27,1,0,0,4,21,8,1,24,4,4,1,1,17,17,0
1992,MD,0,31,82,0,0,5,76,1,0,0,2,41,30,9,72,3,2,1,4,39,43,0
1993,MD,1,26,81,1,0,8,74,0,0,0,3,32,30,17,68,8,1,2,3,39,43,0
1994,MD,1,19,42,5,0,8,39,0,0,0,5,17,12,13,41,3,2,1,0,28,19,0
1995,MD,0,25,65,3,0,9,58,0,0,0,0,27,12,28,54,5,2,2,4,39,28,0
1996,MD,0,18,54,3,0,7,50,0,0,0,4,22,3,27,42,6,3,6,0,34,22,0
1997,MD,1,9,40,3,0,4,39,0,0,0,1,9,5,28,35,4,1,1,2,21,22,0
1998,MD,0,7,42,3,0,6,39,0,0,0,1,10,9,25,23,5,6,6,5,21,24,0
1999,MD,0,3,30,2,0,2,29,0,0,1,4,7,0,21,24,1,3,1,2,19,13,0
2000,MD,0,5,25,1,0,1,25,0,0,0,1,5,4,17,17,6,2,1,1,10,17,0
2001,MD,0,4,41,2,0,10,34,0,0,0,0,5,4,35,33,4,6,0,1,19,24,0
2002,MD,0,4,20,1,0,1,20,0,0,0,0,3,13,6,18,2,0,1,1,8,14,0
2003,MD,0,10,24,3,0,4,23,0,0,0,2,8,10,7,14,9,0,3,1,14,13,0
2004,MD,0,7,29,4,0,5,28,0,0,0,4,8,5,16,13,7,1,9,3,13,20,0
2005,MD,0,9,19,1,0,5,15,0,0,0,0,8,5,7,13,7,0,0,0,13,7,0
2006,MD,0,21,37,1,0,6,31,0,0,1,2,13,19,4,24,7,0,5,2,24,14,0
2007,MD,0,4,27,1,0,5,23,0,0,0,0,6,4,18,22,2,1,1,2,8,20,0
2008,MD,0,9,20,2,0,7,15,0,0,0,5,4,7,6,7,6,3,3,3,11,11,0
2009,MD,0,9,27,0,0,8,18,0,1,0,2,9,12,4,10,8,1,7,1,12,15,0
2010,MD,0,6,12,2,0,1,13,0,0,0,0,7,4,3,11,1,2,0,0,7,7,0
2011,MD,0,4,12,0,0,2,10,0,0,0,1,5,3,3,6,5,1,0,0,7,5,0
2012,MD,0,4,15,0,0,1,14,0,0,0,4,3,2,6,9,2,3,1,0,7,8,0
2013,MD,0,2,8,2,0,3,7,0,0,0,2,5,2,1,3,3,0,2,2,4,6,0
2014,MD,0,1,17,1,0,8,10,0,0,0,2,1,13,2,10,8,0,0,0,1,17,0
2015,MD,0,3,16,0,0,7,10,0,0,0,1,7,2,7,7,7,1,1,1,10,7,0
2016,MD,0,0,12,0,0,5,6,0,1,0,1,2,3,6,6,4,0,0,2,2,10,0
2017,MD,0,5,14,2,0,10,6,0,0,0,2,6,0,7,7,3,1,1,3,5,11,0
2018,MD,0,6,19,2,0,6,15,0,0,0,3,5,6,6,9,4,2,0,5,10,10,0
2019,MD,1,3,10,2,0,4,8,0,0,0,1,5,3,3,8,3,1,0,0,6,6,0
2020,MD,0,2,15,2,0,7,10,0,0,0,1,8,2,6,11,2,0,0,3,9,8,0
1980,MA,0,18,17,1,0,11,7,0,0,0,1,4,12,1,2,11,3,0,2,9,10,0
1981,MA,0,19,18,1,0,13,4,0,1,0,0,7,10,2,3,4,8,1,2,10,9,0
1982,MA,0,15,14,1,0,9,5,0,0,1,2,7,3,2,4,7,2,1,0,11,4,0
1983,MA,0,15,13,2,0,11,4,0,0,0,3,10,1,1,5,4,0,1,4,15,0,0
1984,MA,0,12,11,1,0,8,4,0,0,0,3,2,4,2,3,8,0,0,1,9,3,0
1985,MA,0,20,17,2,0,9,11,0,0,0,3,5,5,5,10,3,1,4,1,10,10,0
1986,MA,0,12,12,0,0,5,3,0,4,0,0,10,0,1,1,1,4,0,5,8,4,0
1987,MA,0,25,22,4,0,14,10,1,0,0,4,12,1,8,5,12,5,0,4,11,14,0
1988,MA,0,21,18,3,0,6,15,0,0,0,3,14,0,4,11,8,1,0,0,11,10,0
1989,MA,0,19,19,0,0,7,12,0,0,0,0,13,6,0,12,7,0,0,0,15,4,0
1990,MA,0,21,21,0,0,3,19,0,0,0,1,8,5,7,15,5,1,0,0,16,5,0
1991,MA,1,16,17,0,0,5,10,0,0,2,0,9,1,7,13,5,0,0,0,12,6,0
1992,MA,0,30,30,0,0,13,17,0,0,0,0,10,13,7,17,11,2,0,0,13,17,0
1993,MA,0,22,21,1,0,7,16,0,0,0,0,12,9,1,17,3,0,1,1,12,10,0
1994,MA,1,13,14,0,0,8,5,0,0,0,0,5,6,2,9,2,0,0,2,7,6,0
1995,MA,0,13,13,0,0,7,6,0,0,0,0,4,5,4,11,1,1,0,0,9,4,0
1996,MA,0,14,13,1,0,5,9,0,0,0,0,4,9,1,10,4,0,0,0,3,11,0
1997,MA,0,24,23,1,0,12,4,0,8,0,0,16,4,4,11,5,8,1,0,6,18,0
1998,MA,0,10,9,1,0,5,4,0,1,0,0,5,1,4,2,3,3,2,0,5,5,0
1999,MA,1,13,14,0,0,7,4,0,2,1,1,6,1,6,11,2,1,0,0,4,10,0
2000,MA,0,10,10,0,0,2,3,0,4,0,0,1,1,7,4,5,0,0,0,3,6,0
2001,MA,1,13,13,1,0,11,2,0,1,0,2,8,1,3,6,4,1,1,2,6,8,0
2002,MA,0,5,5,0,0,2,3,0,0,0,0,2,2,1,3,1,1,0,0,3,2,0
2003,MA,0,10,9,1,0,4,3,0,3,0,2,5,0,3,7,0,0,1,2,3,7,0
2004,MA,0,11,11,0,0,7,4,0,0,0,0,5,0,6,1,2,2,2,4,5,6,0
2005,MA,0,11,10,1,0,6,4,0,1,0,0,4,0,7,4,4,2,0,1,6,5,0
2006,MA,0,8,7,1,0,6,1,0,1,0,0,2,2,4,4,2,0,0,2,5,3,0
2007,MA,0,10,10,0,0,4,4,0,2,0,0,4,3,3,7,2,0,0,1,6,4,0
2008,MA,0,14,12,2,0,3,9,0,1,1,2,3,3,6,8,0,0,0,6,2,12,0
2009,MA,0,7,7,0,0,4,3,0,0,0,0,4,1,2,6,0,1,0,0,2,5,0
2010,MA,0,15,14,1,0,6,6,0,2,1,0,3,2,10,7,4,0,2,2,4,11,0
2011,MA,0,7,7,0,0,4,3,0,0,0,0,2,1,4,5,1,0,0,1,2,5,0
2012,MA,0,4,4,0,0,1,3,0,0,0,0,0,1,3,3,1,0,0,0,3,1,0
2013,MA,0,5,5,0,0,2,3,0,0,0,0,2,1,2,1,4,0,0,0,1,4,0
2014,MA,1,2,3,0,0,3,0,0,0,0,1,1,0,1,3,0,0,0,0,2,1,0
2015,MA,0,6,6,0,0,1,5,0,0,0,0,0,3,3,5,1,0,0,0,2,4,0
2016,MA,0,10,10,0,0,8,2,0,0,0,0,6,1,3,6,4,0,0,0,3,7,0
2017,MA,0,8,8,0,0,4,4,0,0,0,2,2,0,4,3,5,0,0,0,6,2,0
2018,MA,0,3,3,0,0,1,2,0,0,0,0,0,0,3,3,0,0,0,0,0,3,0
2019,MA,0,3,2,1,0,2,1,0,0,0,0,2,0,1,1,2,0,0,0,3,0,0
2020,MA,0,9,8,1,0,4,4,0,0,1,0,3,3,3,9,0,0,0,0,4,5,0
1980,MI,1,58,56,3,0,22,37,0,0,0,8,25,20,6,31,16,5,4,3,39,20,0
1981,MI,1,58,53,6,0,17,42,0,0,0,13,26,10,10,30,12,7,4,6,34,25,0
1982,MI,0,32,29,3,0,12,20,0,0,1,2,17,8,6,21,6,1,3,1,21,12,0
1983,MI,2,36,33,5,0,16,22,0,0,0,4,26,6,1,22,8,4,1,2,28,9,0
1984,MI,1,58,54,5,0,11,48,0,0,0,7,22,14,15,38,12,1,5,3,31,29,0
1985,MI,2,69,69,2,0,15,56,0,0,0,8,34,13,16,54,6,7,2,2,44,27,0
1986,MI,3,93,84,12,0,20,76,0,0,0,8,51,17,19,69,9,7,5,6,50,45,0
1987,MI,2,134,123,13,0,21,115,0,0,0,13,79,31,13,109,11,10,2,4,69,67,0
1988,MI,0,100,92,8,0,19,81,0,0,0,5,61,18,16,74,7,9,2,8,50,50,0
1989,MI,0,116,111,4,0,18,95,0,1,1,8,63,27,17,82,9,17,4,3,47,69,0
1990,MI,0,128,120,8,0,20,108,0,0,0,9,52,37,31,98,13,13,1,3,66,62,0
1991,MI,0,120,117,3,0,24,93,2,0,1,6,65,24,25,89,12,6,10,2,57,63,0
1992,MI,0,99,96,3,0,19,80,0,0,0,9,53,29,8,81,8,3,1,6,42,57,0
1993,MI,1,101,94,8,0,16,85,0,0,1,4,60,29,9,86,6,5,2,3,60,43,0
1994,MI,1,96,88,8,0,22,74,0,1,0,6,49,25,17,76,9,2,2,7,49,48,0
1995,MI,2,81,78,5,0,18,62,1,0,1,7,32,25,19,66,8,0,5,3,48,35,0
1996,MI,1,56,56,1,0,11,45,0,0,1,5,30,13,8,45,6,2,1,3,32,25,0
1997,MI,0,71,66,5,0,22,49,0,0,0,9,38,14,10,52,7,2,2,7,27,44,0
1998,MI,1,48,47,2,0,16,30,1,2,0,5,28,5,11,37,4,2,2,4,27,22,0
1999,MI,0,35,32,3,0,14,18,0,0,3,6,22,0,7,20,1,2,2,10,11,24,0
2000,MI,0,29,29,0,0,5,24,0,0,0,3,15,6,5,24,3,2,0,0,15,14,0
2001,MI,0,31,27,4,0,7,22,1,0,1,3,21,3,4,16,4,2,4,4,12,18,0
2002,MI,4,30,29,4,1,7,25,0,1,1,5,16,3,10,19,3,2,4,6,13,21,0
2003,MI,0,22,16,6,0,6,15,0,0,1,3,9,5,5,12,4,3,3,0,6,16,0
2004,MI,0,24,19,5,0,9,15,0,0,0,3,9,3,9,18,3,0,1,2,15,9,0
2005,MI,0,36,32,4,0,9,28,0,0,0,3,8,8,18,28,4,0,1,4,12,24,0
2006,MI,1,56,54,3,0,9,47,0,0,1,4,17,5,31,36,3,10,1,7,14,43,0
2007,MI,0,41,36,4,1,11,29,0,0,1,1,11,2,27,24,5,0,1,11,12,29,0
2008,MI,0,28,25,4,0,4,25,0,0,0,4,7,5,13,20,1,3,2,3,10,19,0
2009,MI,0,38,36,2,0,4,33,0,0,1,4,3,8,23,30,2,0,0,6,7,31,0
2010,MI,0,31,27,4,0,11,20,0,0,1,7,9,3,13,17,7,1,3,4,17,15,0
2011,MI,0,25,21,4,0,7,18,0,0,0,1,7,6,11,13,6,0,3,3,7,18,0
2012,MI,0,31,28,3,0,7,21,0,0,3,5,10,5,11,28,2,1,0,0,17,14,0
2013,MI,0,18,18,0,0,2,16,0,0,0,2,7,4,5,17,0,0,1,0,8,10,0
2014,MI,0,46,33,6,7,5,31,0,0,11,4,10,4,29,33,5,2,4,3,18,29,0
2015,MI,2,27,29,0,0,5,24,0,0,1,5,2,2,21,23,4,0,0,3,6,24,0
2016,MI,0,29,26,3,0,8,20,0,0,1,3,11,4,12,24,2,1,0,2,9,20,0
2017,MI,0,33,31,2,0,13,20,0,0,0,4,4,5,20,23,2,6,0,2,6,27,0
2018,MI,0,32,24,8,0,4,28,0,0,0,0,7,3,22,26,2,0,2,2,6,26,0
2019,MI,2,28,27,3,0,7,18,0,0,5,3,4,5,18,28,1,0,1,0,6,24,0
2020,MI,0,44,36,8,0,9,33,1,0,1,1,9,2,32,40,0,0,1,3,12,32,0
1980,MN,2,8,8,2,0,5,5,0,0,0,2,3,5,0,4,1,3,1,1,7,3,0
1981,MN,0,2,2,0,0,2,0,0,0,0,0,2,0,0,1,0,0,1,0,2,0,0
1982,MN,0,5,3,2,0,3,0,2,0,0,0,4,1,0,3,1,0,0,1,3,2,0
1983,MN,0,2,1,1,0,2,0,0,0,0,2,0,0,0,0,0,0,0,2,0,2,0
1984,MN,0,1,1,0,0,1,0,0,0,0,0,1,0,0,1,0,0,0,0,1,0,0
1985,MN,0,4,4,0,0,1,3,0,0,0,0,2,2,0,2,1,0,1,0,3,1,0
1986,MN,0,10,10,0,0,4,4,1,0,0,2,3,4,0,6,2,1,0,0,5,4,0
1987,MN,0,9,8,1,0,5,1,1,0,1,4,4,0,0,4,4,0,0,0,9,0,0
1988,MN,0,23,23,0,0,12,5,3,2,0,3,17,3,0,3,12,0,6,1,8,14,0
1989,MN,0,6,6,0,0,5,1,0,0,0,0,4,2,0,3,2,0,1,0,4,2,0
1990,MN,0,6,4,2,0,2,4,0,0,0,2,2,2,0,4,0,0,0,2,4,2,0
1991,MN,0,20,20,0,0,6,10,5,0,0,5,10,6,0,10,8,0,0,2,11,9,0
1992,MN,0,25,25,0,0,5,10,1,9,0,0,12,11,1,20,2,0,2,0,8,17,0
1993,MN,0,22,17,5,0,8,11,1,1,0,5,13,5,0,13,5,3,1,0,15,7,0
1994,MN,0,29,29,0,0,10,17,1,1,0,3,9,17,0,21,3,0,4,0,11,18,0
1995,MN,0,28,25,3,0,6,15,1,4,2,2,13,12,1,24,3,0,1,0,14,14,0
1996,MN,0,12,11,1,0,4,5,2,0,0,2,10,0,0,7,1,0,2,1,7,4,0
1997,MN,0,24,21,3,0,14,2,3,0,5,1,16,7,0,19,2,0,2,1,8,16,0
1998,MN,0,14,14,0,0,2,9,3,0,0,1,2,5,6,10,1,1,2,0,3,11,0
1999,MN,0,8,5,3,0,4,3,1,0,0,3,4,0,1,3,1,1,0,3,4,4,0
2000,MN,0,11,11,0,0,3,4,0,4,0,1,5,1,3,8,1,1,0,0,5,5,0
2001,MN,0,9,9,0,0,2,1,2,4,0,1,7,1,0,7,1,1,0,0,4,5,0
2002,MN,0,13,13,0,0,5,2,4,0,2,2,6,5,0,3,1,5,4,0,4,9,0
2003,MN,0,10,8,1,0,2,5,1,0,1,2,6,1,0,7,0,0,1,1,4,5,0
2004,MN,0,12,12,0,0,1,7,4,0,0,2,4,6,0,8,2,0,1,1,8,4,0
2005,MN,0,17,17,0,0,4,11,2,0,0,2,8,6,1,13,1,0,3,0,5,12,0
2006,MN,0,11,11,0,0,1,7,1,0,1,1,3,6,0,10,0,0,1,0,4,6,0
2007,MN,0,7,5,1,0,3,2,1,0,0,2,2,2,0,5,1,0,0,0,5,1,0
2008,MN,0,13,11,2,0,2,10,0,0,1,1,12,0,0,4,8,1,0,0,5,8,0
2009,MN,0,1,1,0,0,0,0,1,0,0,0,0,1,0,0,1,0,0,0,1,0,0
2010,MN,0,9,9,0,0,2,7,0,0,0,0,6,0,3,4,2,3,0,0,2,7,0
2011,MN,0,7,6,1,0,2,5,0,0,0,1,3,1,2,7,0,0,0,0,2,5,0
2012,MN,0,8,8,0,0,0,7,1,0,0,0,3,4,0,3,0,0,3,1,2,6,0
2013,MN,0,6,6,0,0,4,2,0,0,0,1,5,0,0,2,4,0,0,0,4,2,0
2014,MN,0,2,2,0,0,0,1,1,0,0,0,2,0,0,1,1,0,0,0,2,0,0
2015,MN,0,7,7,0,0,1,4,1,0,1,0,3,3,1,4,1,0,1,1,3,4,0
2016,MN,0,2,2,0,0,0,2,0,0,0,0,0,0,2,2,0,0,0,0,1,1,0
2017,MN,0,7,6,1,0,1,6,0,0,0,1,4,0,2,4,1,0,0,2,3,4,0
2018,MN,0,10,9,1,0,0,5,3,1,1,1,6,0,3,7,1,0,0,2,2,8,0
2019,MN,0,13,12,1,0,2,8,2,0,1,1,2,0,10,8,3,0,1,1,2,11,0
2020,MN,0,10,10,0,0,1,7,0,1,1,3,0,0,7,8,1,0,1,0,4,6,0
1980,MS,0,19,14,5,0,7,12,0,0,0,5,9,5,0,12,2,4,0,2,16,4,0
1981,MS,0,10,7,3,0,1,8,0,0,0,3,4,3,0,4,3,0,1,1,10,0,0
1982,MS,0,14,14,0,0,2,13,0,0,0,2,5,8,0,11,0,3,0,0,11,3,0
1983,MS,0,11,5,6,0,5,6,0,0,0,5,5,2,0,3,5,2,2,0,8,3,0
1984,MS,0,8,6,2,0,0,6,0,2,0,0,5,3,0,3,5,0,0,0,6,2,0
1985,MS,0,13,11,2,0,5,8,0,0,0,0,11,2,0,10,3,0,0,0,11,2,0
1986,MS,0,18,18,0,0,9,9,0,0,0,9,9,0,0,11,5,0,0,2,13,5,0
1987,MS,0,13,9,3,0,2,11,0,0,0,5,5,3,0,8,2,0,2,2,8,5,0
1988,MS,0,11,8,3,0,3,8,0,0,0,3,8,0,0,9,2,0,0,0,8,3,0
1989,MS,0,9,9,0,0,3,6,0,0,0,2,3,5,0,6,0,2,0,2,8,2,0
1990,MS,0,16,16,0,0,4,13,0,0,0,2,5,7,2,9,4,4,0,0,9,7,0
1991,MS,0,51,47,5,0,8,43,0,0,0,2,30,18,2,37,6,3,5,0,24,27,0
1992,MS,0,46,41,5,0,8,33,0,5,0,6,20,11,8,36,6,2,2,0,28,17,0
1993,MS,0,51,46,5,0,5,44,0,0,2,6,24,19,2,38,6,0,5,2,27,24,0
1994,MS,0,68,50,18,0,4,64,0,0,0,4,29,32,4,55,0,5,5,2,39,29,0
1995,MS,0,44,44,0,0,5,38,0,0,0,5,31,5,2,37,0,5,0,2,30,14,0
1996,MS,0,29,25,5,0,3,26,0,0,0,2,15,13,0,23,2,5,0,0,10,20,0
1997,MS,0,25,23,2,0,2,23,0,0,0,4,17,4,0,21,2,2,0,0,19,6,0
1998,MS,0,26,26,0,0,3,23,0,0,0,0,17,7,2,16,7,0,2,2,9,17,0
1999,MS,0,24,16,9,0,0,24,0,0,0,4,14,1,4,20,4,0,0,0,7,17,0
2000,MS,0,15,11,5,0,0,15,0,0,0,0,12,2,2,14,2,0,0,0,9,6,0
2001,MS,0,14,12,2,0,2,12,0,0,0,0,9,5,0,12,2,0,0,0,5,9,0
2002,MS,0,16,14,1,0,1,14,0,0,0,3,7,6,0,9,4,0,0,3,6,10,0
2003,MS,1,17,19,0,0,3,16,0,0,0,1,6,11,0,16,0,0,3,0,6,13,0
2004,MS,0,10,10,0,0,1,9,0,0,0,1,4,5,0,8,1,0,0,1,4,6,0
2005,MS,0,7,7,0,0,0,7,0,0,0,1,3,1,1,5,0,0,1,0,3,4,0
2006,MS,0,15,13,3,0,1,14,0,0,0,1,12,0,3,10,4,1,0,0,5,10,0
2007,MS,0,14,14,0,0,1,12,0,0,0,1,7,4,1,10,1,1,0,1,10,4,0
2008,MS,0,14,12,3,0,4,10,0,0,0,3,9,3,0,12,1,0,1,0,8,6,0
2009,MS,0,10,9,1,0,1,9,0,0,0,0,9,0,1,9,1,0,0,0,2,7,0
2010,MS,0,11,11,0,0,1,10,0,0,0,3,8,1,0,11,0,0,0,0,5,6,0
2011,MS,0,6,5,1,0,1,5,0,0,0,1,3,3,0,5,0,1,0,0,4,3,0
2012,MS,0,11,10,1,0,3,9,0,0,0,1,6,3,1,8,0,3,0,1,8,4,0
2013,MS,0,24,23,1,0,0,24,0,0,0,1,12,7,4,23,1,0,0,0,8,16,0
2014,MS,0,9,9,0,0,3,5,0,0,2,0,9,0,0,5,0,0,3,2,5,5,0
2015,MS,0,11,11,0,0,0,11,0,0,0,0,3,3,5,11,0,0,0,0,6,5,0
2016,MS,0,11,11,0,0,0,11,0,0,0,0,3,0,8,11,0,0,0,0,2,9,0
2017,MS,0,15,15,0,0,0,15,0,0,0,5,5,0,5,10,0,0,2,3,7,8,0
2018,MS,0,7,6,1,0,0,7,0,0,0,0,1,0,6,7,0,0,0,0,2,4,0
2019,MS,0,10,9,2,0,0,10,0,0,0,2,3,0,5,9,0,0,0,2,2,9,0
2020,MS,0,34,27,7,0,1,33,0,0,0,0,22,4,7,31,0,0,1,1,13,21,0
1980,MO,0,28,26,2,0,12,16,0,0,0,9,9,7,3,15,13,0,0,0,19,9,0
1981,MO,1,18,13,5,0,5,13,0,0,0,5,10,3,0,11,3,3,1,0,16,3,0
1982,MO,1,24,24,1,0,9,16,0,0,0,1,12,6,6,18,3,1,0,3,13,13,0
1983,MO,0,24,21,3,0,11,14,0,0,0,2,7,4,11,16,3,0,3,2,15,10,0
1984,MO,0,18,16,2,0,15,3,0,0,0,3,11,2,2,10,1,2,1,4,12,6,0
1985,MO,1,15,11,5,0,8,9,0,0,0,4,7,3,2,5,3,0,4,3,8,9,0
1986,MO,1,14,14,1,0,8,8,0,0,0,0,8,4,3,8,5,1,1,0,13,2,0
1987,MO,0,16,16,0,0,8,8,0,0,0,1,11,2,1,9,2,3,1,0,10,6,0
1988,MO,1,20,20,1,0,7,13,1,0,0,7,11,1,2,12,5,1,0,2,16,4,0
1989,MO,0,32,30,1,1,3,28,0,0,1,2,19,5,6,25,3,0,1,3,21,11,0
1990,MO,0,35,31,4,0,16,19,0,0,0,4,22,1,7,27,2,1,3,1,16,19,0
1991,MO,1,49,48,2,0,10,40,0,0,0,2,30,11,6,30,11,2,1,5,29,21,0
1992,MO,0,43,40,2,0,8,34,0,1,0,4,26,3,9,34,2,0,1,5,27,15,0
1993,MO,0,98,94,4,0,11,88,0,0,0,8,42,43,5,84,3,0,3,8,44,54,0
1994,MO,0,72,70,2,0,11,60,0,0,0,2,37,22,10,62,4,3,1,1,29,43,0
1995,MO,0,57,54,3,0,11,46,0,0,0,10,25,16,6,47,3,2,3,1,29,28,0
1996,MO,1,38,38,1,0,7,33,0,0,0,1,20,8,10,29,5,2,0,3,26,14,0
1997,MO,0,31,29,2,0,9,22,0,0,0,2,18,4,7,26,1,0,2,2,20,11,0
1998,MO,1,27,26,2,0,10,18,0,0,0,5,8,9,6,18,3,3,0,3,16,12,0
1999,MO,0,18,14,3,0,8,10,0,0,0,5,4,7,1,10,1,1,3,2,13,4,0
2000,MO,1,24,21,4,0,4,21,0,0,0,3,8,6,7,18,2,0,1,4,13,13,0
2001,MO,0,11,11,0,0,2,9,0,0,0,1,2,0,8,9,0,0,0,2,8,3,0
2002,MO,0,16,16,0,0,6,10,0,0,0,2,5,0,9,12,2,0,0,2,11,5,0
2003,MO,0,8,6,2,0,3,5,0,0,0,0,3,3,2,5,1,2,0,0,5,3,0
2004,MO,0,31,26,5,0,6,25,0,0,0,5,11,6,9,21,1,3,0,6,18,13,0
2005,MO,0,32,29,3,0,6,26,0,0,0,4,14,7,7,27,0,1,1,3,19,13,0
2006,MO,0,21,19,2,0,10,11,0,0,0,4,9,3,4,13,8,0,0,0,11,10,0
2007,MO,0,21,21,0,0,4,17,0,0,0,2,8,5,5,14,2,1,2,2,6,15,0
2008,MO,0,24,23,1,0,7,17,0,0,0,2,12,5,5,23,0,0,0,1,13,11,0
2009,MO,0,36,32,4,0,12,25,0,0,0,2,18,8,9,26,2,1,2,6,20,17,0
2010,MO,2,20,21,1,0,7,15,0,0,0,3,5,1,13,20,1,0,0,1,10,12,0
2011,MO,0,25,25,0,0,2,23,0,0,0,3,5,2,15,25,0,0,0,0,6,19,0
2012,MO,0,22,22,0,0,4,18,0,0,0,5,5,7,5,18,1,2,0,1,10,12,0
2013,MO,0,17,16,1,0,6,11,0,0,0,1,3,3,10,12,5,0,0,0,6,11,0
2014,MO,0,23,21,2,0,8,15,0,0,0,2,4,7,10,17,2,3,0,1,4,19,0
2015,MO,1,24,22,3,0,11,14,0,0,0,5,6,4,10,16,3,1,1,4,11,14,0
2016,MO,0,28,27,1,0,7,21,0,0,0,0,10,7,11,24,3,0,0,1,12,16,0
2017,MO,0,30,27,3,0,6,24,0,0,0,3,5,2,20,28,1,1,0,0,10,20,0
2018,MO,0,40,36,4,0,8,33,0,0,0,5,9,5,21,37,3,0,0,0,19,22,0
2019,MO,0,27,27,0,0,7,20,0,0,0,2,10,3,12,26,1,0,0,0,13,14,0
2020,MO,0,36,34,1,0,10,24,0,0,1,1,10,3,22,29,0,0,1,5,13,23,0
1980,MT,0,1,1,0,0,1,0,0,0,0,1,0,0,0,1,0,0,0,0,1,0,0
1981,MT,0,0,0,0,0,0,0,0,0,0,0,0,0,0,0,0,0,0,0,0,0,0
1983,MT,0,3,3,0,0,3,0,0,0,0,1,1,0,0,3,0,0,0,0,0,3,0
1984,MT,0,3,3,0,0,2,0,1,0,0,1,2,0,0,2,1,0,0,0,1,2,0
1985,MT,0,0,0,0,0,0,0,0,0,0,0,0,0,0,0,0,0,0,0,0,0,0
1988,MT,0,2,2,0,0,2,0,0,0,0,2,0,0,0,2,0,0,0,0,2,0,0
1989,MT,0,0,0,0,0,0,0,0,0,0,0,0,0,0,0,0,0,0,0,0,0,0
1991,MT,0,0,0,0,0,0,0,0,0,0,0,0,0,0,0,0,0,0,0,0,0,0
1992,MT,0,1,1,0,0,1,0,0,0,0,0,0,1,0,0,0,1,0,0,0,1,0
1995,MT,0,3,2,2,0,3,0,0,0,0,0,3,0,0,2,0,0,0,2,3,0,0
2000,MT,0,2,2,0,0,0,0,2,0,0,2,0,0,0,2,0,0,0,0,2,0,0
2003,MT,0,7,7,0,0,7,0,0,0,0,1,6,0,0,7,0,0,0,0,1,6,0
2004,MT,0,3,1,1,0,3,0,0,0,0,0,0,0,3,0,3,0,0,0,0,3,0
2005,MT,0,0,0,0,0,0,0,0,0,0,0,0,0,0,0,0,0,0,0,0,0,0
2006,MT,0,0,0,0,0,0,0,0,0,0,0,0,0,0,0,0,0,0,0,0,0,0
2007,MT,0,0,0,0,0,0,0,0,0,0,0,0,0,0,0,0,0,0,0,0,0,0
2008,MT,0,1,1,0,0,1,0,0,0,0,0,1,0,0,1,0,0,0,0,0,1,0
2009,MT,1,3,3,1,0,4,0,0,0,0,1,1,1,1,3,0,0,0,1,3,1,0
2010,MT,0,0,0,0,0,0,0,0,0,0,0,0,0,0,0,0,0,0,0,0,0,0
2011,MT,0,0,0,0,0,0,0,0,0,0,0,0,0,0,0,0,0,0,0,0,0,0
2012,MT,0,1,1,0,0,0,0,1,0,0,1,0,0,0,0,1,0,0,0,1,0,0
2013,MT,0,0,0,0,0,0,0,0,0,0,0,0,0,0,0,0,0,0,0,0,0,0
2014,MT,0,0,0,0,0,0,0,0,0,0,0,0,0,0,0,0,0,0,0,0,0,0
2015,MT,0,2,2,0,0,1,0,1,0,0,1,1,0,0,1,0,0,0,1,2,0,0
2016,MT,0,0,0,0,0,0,0,0,0,0,0,0,0,0,0,0,0,0,0,0,0,0
2017,MT,0,0,0,0,0,0,0,0,0,0,0,0,0,0,0,0,0,0,0,0,0,0
2018,MT,0,3,3,0,0,0,0,3,0,0,0,1,0,2,0,0,0,0,3,1,2,0
2019,MT,0,0,0,0,0,0,0,0,0,0,0,0,0,0,0,0,0,0,0,0,0,0
2020,MT,0,3,3,0,0,2,0,0,1,0,2,1,0,0,1,0,1,0,1,1,2,0
1980,NE,0,6,6,0,0,2,4,0,0,0,1,2,2,0,1,2,1,0,1,6,0,0
1981,NE,0,3,3,0,0,1,2,0,0,0,0,0,3,0,2,0,1,0,0,2,1,0
1982,NE,0,1,1,0,0,1,0,0,0,0,0,0,1,0,0,1,0,0,0,1,0,0
1983,NE,0,2,2,0,0,2,0,0,0,0,0,2,0,0,0,0,0,0,2,0,2,0
1984,NE,0,3,2,1,0,1,1,1,0,0,1,2,0,0,2,1,0,0,0,3,0,0
1985,NE,0,4,4,0,0,4,0,0,0,0,0,2,2,0,1,0,2,1,0,1,3,0
1986,NE,0,5,5,0,0,1,4,0,0,0,0,1,4,0,1,0,1,0,3,2,3,0
1988,NE,0,11,9,1,0,5,5,0,0,0,0,5,5,0,4,3,2,1,0,5,5,0
1989,NE,0,7,7,0,0,3,4,0,0,0,2,0,5,0,5,0,0,0,2,5,2,0
1990,NE,0,5,5,0,0,4,1,0,0,0,0,4,1,0,2,3,0,0,0,1,4,0
1991,NE,0,5,5,0,0,0,5,0,0,0,0,4,1,0,3,0,0,2,0,2,3,0
1992,NE,0,3,3,0,0,3,0,0,0,0,3,0,0,0,3,0,0,0,0,3,0,0
2004,NE,0,6,6,0,0,6,0,0,0,0,1,4,0,0,6,0,0,0,0,3,3,0
2009,NE,0,6,5,1,0,5,1,0,0,0,1,4,1,0,1,2,3,0,0,0,6,0
2010,NE,0,4,4,0,0,1,3,0,0,0,2,0,2,0,1,2,0,0,1,2,2,0
2011,NE,0,8,7,1,0,6,2,0,0,0,0,4,3,1,5,0,0,3,0,3,5,0
2012,NE,0,2,2,0,0,2,0,0,0,0,0,2,0,0,1,0,0,0,1,2,0,0
2013,NE,0,2,2,0,0,1,1,0,0,0,0,0,2,0,2,0,0,0,0,0,2,0
2014,NE,0,6,6,0,0,1,5,0,0,0,0,4,2,0,3,0,0,3,0,2,4,0
2015,NE,0,6,5,1,0,2,4,0,0,0,0,2,3,1,5,0,0,0,1,3,3,0
2016,NE,0,1,1,0,0,1,0,0,0,0,0,1,0,0,1,0,0,0,0,0,1,0
2017,NE,0,2,1,1,0,0,2,0,0,0,0,2,0,0,2,0,0,0,0,0,2,0
2018,NE,0,5,4,1,0,2,3,0,0,0,1,3,1,0,5,0,0,0,0,2,3,0
2019,NE,0,4,3,1,0,3,1,0,0,0,0,4,0,0,4,0,0,0,0,1,3,0
2020,NE,1,6,7,0,0,4,1,1,0,0,2,3,1,0,6,0,0,0,1,6,1,0
1980,NV,0,10,10,0,0,9,1,0,0,0,0,2,8,0,1,7,2,0,0,2,8,0
1981,NV,0,5,4,1,0,1,4,0,0,0,1,1,3,0,2,1,1,1,0,5,0,0
1982,NV,0,6,5,1,0,3,3,0,0,0,1,2,3,0,6,0,0,0,0,1,5,0
1983,NV,0,4,4,0,0,2,2,0,0,0,2,1,1,0,3,0,1,0,0,3,1,0
1984,NV,0,5,5,0,0,3,2,0,0,0,0,3,2,0,5,0,0,0,0,1,4,0
1985,NV,0,8,7,1,0,4,4,0,0,0,1,4,3,0,4,4,0,0,0,1,7,0
1986,NV,0,7,6,1,0,5,0,1,1,0,1,6,0,0,5,0,1,1,0,3,3,0
1987,NV,0,3,3,0,0,3,0,0,0,0,1,2,0,0,1,2,0,0,0,2,1,0
1988,NV,0,12,12,0,0,9,2,0,0,0,1,4,7,0,7,4,0,0,1,7,5,0
1989,NV,0,7,6,1,0,4,3,0,0,0,2,3,0,2,6,0,0,1,0,5,2,0
1990,NV,0,8,7,1,0,3,5,0,0,0,3,3,1,0,6,0,2,0,0,6,2,0
1991,NV,0,7,7,0,0,6,1,0,0,0,1,2,3,0,7,0,0,0,0,5,2,0
1992,NV,0,8,7,1,0,8,0,0,0,0,0,8,0,0,8,0,0,0,0,2,6,0
1993,NV,0,8,8,0,0,3,3,0,1,0,0,3,4,0,7,0,0,1,0,4,3,0
1994,NV,0,15,14,1,0,10,5,0,0,0,1,7,7,0,15,0,0,0,0,13,2,0
1995,NV,0,9,8,1,0,1,7,1,0,0,1,6,2,0,4,1,4,0,0,4,5,0
1996,NV,0,21,17,4,0,13,8,0,0,0,3,12,1,5,15,2,0,0,4,6,15,0
1997,NV,0,8,8,0,0,6,2,0,0,0,1,5,2,0,4,0,0,1,3,5,3,0
1998,NV,0,22,19,3,0,7,10,5,0,0,3,8,10,1,16,0,6,0,0,5,17,0
1999,NV,0,10,10,0,0,9,1,0,0,0,2,2,6,0,9,0,0,0,1,2,8,0
2000,NV,0,11,10,1,0,8,3,0,0,0,2,7,1,1,9,1,0,0,1,7,4,0
2001,NV,0,8,7,1,0,3,5,0,0,0,0,0,5,3,4,0,3,1,0,0,8,0
2002,NV,0,9,9,0,0,7,1,0,1,0,0,7,1,1,7,0,2,0,0,4,5,0
2003,NV,0,5,4,1,0,3,2,0,0,0,0,1,4,0,3,2,0,0,0,2,3,0
2004,NV,0,6,6,0,0,3,3,0,0,0,0,4,1,1,6,0,0,0,0,5,1,0
2005,NV,0,10,8,2,0,3,6,0,1,0,1,5,4,0,4,2,2,0,2,5,5,0
2006,NV,0,6,6,0,0,3,3,0,0,0,0,3,0,3,5,1,0,0,0,4,2,0
2007,NV,0,12,11,1,0,6,6,0,0,0,2,2,7,1,12,0,0,0,0,8,4,0
2008,NV,0,8,8,0,0,6,2,0,0,0,0,6,1,1,4,2,1,1,0,7,1,0
2009,NV,0,14,12,2,0,8,4,0,2,0,1,8,4,1,6,0,1,6,1,7,7,0
2010,NV,0,3,3,0,0,3,0,0,0,0,0,2,1,0,1,1,0,0,1,2,1,0
2011,NV,0,4,4,0,0,3,1,0,0,0,0,3,1,0,2,2,0,0,0,2,2,0
2012,NV,0,6,5,1,0,4,2,0,0,0,3,1,2,0,4,1,0,1,0,2,4,0
2013,NV,0,4,4,0,0,3,0,0,0,1,1,1,2,0,2,2,0,0,0,3,1,0
2014,NV,0,11,11,0,0,7,4,0,0,0,1,4,0,6,8,1,2,0,0,5,6,0
2015,NV,0,6,6,0,0,3,2,1,0,0,1,2,1,2,5,1,0,0,0,6,0,0
2016,NV,0,5,5,0,0,3,0,0,2,0,1,2,2,0,3,1,1,0,0,3,2,0
2017,NV,0,7,7,0,0,5,2,0,0,0,1,5,1,0,6,0,0,1,0,3,4,0
2018,NV,0,19,18,1,0,10,9,0,0,0,3,7,0,9,18,2,0,0,0,7,13,0
2019,NV,1,6,7,0,0,3,4,0,0,0,1,1,4,1,6,0,0,0,1,5,2,0
2020,NV,0,7,7,0,0,4,3,0,0,0,0,3,0,4,7,0,0,0,0,3,4,0
1980,NM,0,6,6,0,0,5,1,0,0,0,1,4,0,1,5,1,0,0,0,4,3,0
1982,NM,0,4,4,0,0,4,0,0,0,0,0,4,0,0,4,0,0,0,0,3,1,0
1983,NM,0,2,2,0,0,2,0,0,0,0,0,2,0,0,0,2,0,0,0,2,0,0
1984,NM,0,4,4,0,0,4,0,0,0,0,4,0,0,0,4,0,0,0,0,4,0,0
1985,NM,0,6,5,1,0,5,1,0,0,0,1,5,0,0,1,5,0,0,0,5,1,0
1986,NM,0,20,18,1,0,17,0,1,1,0,6,10,4,0,10,7,1,0,1,13,6,0
1987,NM,0,9,9,0,0,7,0,1,0,0,1,5,2,0,4,4,0,1,0,7,1,0
1988,NM,0,13,13,0,0,9,1,3,0,0,1,8,4,0,5,1,3,0,4,9,4,0
1989,NM,0,7,7,0,0,5,0,1,0,0,1,5,0,0,3,3,0,1,0,5,1,0
1990,NM,0,6,6,0,0,6,0,0,0,0,0,2,5,0,5,2,0,0,0,3,3,0
1991,NM,0,9,8,2,0,9,0,0,0,0,3,5,2,0,6,2,2,0,0,8,2,0
1992,NM,0,8,8,0,0,8,0,0,0,0,2,5,2,0,6,2,0,0,0,6,2,0
1993,NM,0,7,7,0,0,7,0,0,0,0,1,1,4,0,5,1,0,0,0,3,4,0
1994,NM,0,23,22,2,0,23,0,0,0,0,5,8,8,2,13,8,2,0,0,13,10,0
1995,NM,0,23,19,4,0,19,1,1,0,1,3,13,7,0,13,9,0,0,0,5,17,0
1996,NM,0,17,17,0,0,14,1,1,0,0,0,10,6,1,11,4,1,0,0,7,10,0
1997,NM,0,14,14,0,0,14,0,0,0,0,1,6,6,0,9,3,3,0,0,8,6,0
1998,NM,0,7,7,0,0,5,0,0,1,0,0,4,3,0,1,4,0,1,0,3,4,0
1999,NM,1,10,10,1,0,10,0,1,0,0,0,7,4,0,7,2,1,0,0,8,2,0
2000,NM,0,7,6,1,0,6,0,1,0,0,1,5,1,0,6,0,0,0,1,7,0,0
2001,NM,0,6,5,1,0,5,1,0,0,0,1,3,1,0,2,1,2,0,0,2,3,0
2002,NM,0,13,13,0,0,12,0,1,0,0,1,9,2,1,4,7,1,0,1,6,8,0
2003,NM,0,6,6,0,0,4,0,2,0,0,0,2,3,1,2,2,0,2,0,3,3,0
2004,NM,0,12,10,2,0,12,0,0,0,0,5,8,0,0,1,6,0,2,3,9,3,0
2005,NM,0,11,11,0,0,10,0,1,0,0,1,6,2,1,5,4,0,0,1,5,5,0
2006,NM,0,8,8,0,0,7,0,1,0,0,0,4,3,1,3,3,0,1,1,5,3,0
2007,NM,0,16,14,2,0,16,0,0,0,0,3,5,5,2,8,3,0,1,3,11,5,0
2008,NM,0,8,8,0,0,7,1,0,0,0,1,4,3,0,7,0,1,0,0,6,2,0
2009,NM,1,11,12,0,0,11,0,1,0,0,2,7,1,1,11,0,0,1,0,8,4,0
2010,NM,0,11,10,1,0,8,2,0,0,0,2,5,2,1,8,1,0,1,0,10,1,0
2011,NM,0,15,12,4,0,13,0,1,0,1,0,12,3,1,8,1,1,3,3,4,12,0
2012,NM,0,9,6,2,0,5,0,1,0,2,1,3,4,0,4,2,0,0,2,5,3,0
2013,NM,0,3,2,1,0,3,0,0,0,0,3,0,0,0,2,0,0,0,1,3,0,0
2014,NM,0,6,4,2,0,6,0,0,0,0,0,2,4,0,1,0,0,0,5,2,4,0
2015,NM,0,15,15,0,0,12,0,2,0,0,0,4,10,1,13,0,0,0,1,5,10,0
2016,NM,0,5,4,1,0,3,3,0,0,0,3,1,1,0,1,1,0,0,3,4,1,0
2017,NM,0,2,1,1,0,1,0,1,0,0,1,1,0,0,2,0,0,0,0,2,0,0
2018,NM,0,25,21,5,0,23,1,0,1,0,0,16,6,3,25,0,0,0,0,2,23,0
2019,NM,0,11,8,2,0,7,1,1,0,1,1,7,1,1,7,1,1,0,1,7,4,0
2020,NM,0,13,13,0,0,12,1,0,0,0,0,6,4,4,12,0,0,0,1,6,7,0
1980,HI,0,1,1,0,0,0,0,0,1,0,0,0,1,0,0,1,0,0,0,0,1,0
1981,HI,0,3,2,1,0,0,0,0,1,2,1,1,1,0,2,1,0,0,0,3,0,0
1982,HI,0,0,0,0,0,0,0,0,0,0,0,0,0,0,0,0,0,0,0,0,0,0
1983,HI,0,2,2,0,0,0,1,0,1,0,0,1,1,0,0,1,0,1,0,1,1,0
1984,HI,0,1,1,0,0,0,0,0,1,0,0,0,1,0,0,1,0,0,0,1,0,0
1985,HI,0,1,1,0,0,0,0,0,1,0,1,0,0,0,0,1,0,0,0,1,0,0
1986,HI,0,0,0,0,0,0,0,0,0,0,0,0,0,0,0,0,0,0,0,0,0,0
1987,HI,0,1,1,0,0,0,0,0,1,0,0,0,1,0,1,0,0,0,0,1,0,0
1988,HI,0,5,5,0,0,0,0,0,5,0,2,2,1,0,2,0,0,3,0,3,2,0
1989,HI,0,2,2,0,0,1,0,0,1,0,0,1,1,0,0,1,1,0,0,1,1,0
1990,HI,0,2,2,0,0,0,0,0,2,0,0,0,2,0,1,0,0,0,1,2,0,0
1991,HI,0,2,2,0,0,1,0,0,1,0,0,2,0,0,1,1,0,0,0,2,0,0
1992,HI,0,3,1,2,0,1,0,0,2,0,2,1,0,0,0,1,0,1,1,3,0,0
1993,HI,0,1,0,1,0,1,0,0,0,0,0,1,0,0,0,1,0,0,0,0,1,0
1994,HI,0,3,3,0,0,1,0,0,2,0,0,2,1,0,3,0,0,0,0,1,2,0
1995,HI,0,8,8,0,0,1,0,0,6,1,0,5,3,0,0,2,3,3,0,3,5,0
1996,HI,0,9,9,0,0,1,0,0,8,0,0,6,3,0,0,0,7,1,1,2,7,0
1997,HI,0,0,0,0,0,0,0,0,0,0,0,0,0,0,0,0,0,0,0,0,0,0
1998,HI,0,5,4,1,0,2,0,0,3,0,0,2,3,0,2,2,0,1,0,3,2,0
1999,HI,0,1,1,0,0,1,0,0,0,0,0,1,0,0,0,0,0,1,0,0,1,0
2000,HI,0,2,2,0,0,0,0,0,2,0,0,0,2,0,1,0,0,0,1,2,0,0
2001,HI,0,5,5,0,0,1,0,0,4,0,0,2,3,0,0,0,2,3,0,2,3,0
2002,HI,0,0,0,0,0,0,0,0,0,0,0,0,0,0,0,0,0,0,0,0,0,0
2003,HI,0,0,0,0,0,0,0,0,0,0,0,0,0,0,0,0,0,0,0,0,0,0
2004,HI,0,0,0,0,0,0,0,0,0,0,0,0,0,0,0,0,0,0,0,0,0,0
2005,HI,0,2,0,2,0,0,1,0,1,0,2,0,0,0,0,1,0,0,1,2,0,0
2006,HI,0,0,0,0,0,0,0,0,0,0,0,0,0,0,0,0,0,0,0,0,0,0
2007,HI,0,2,2,0,0,1,0,0,1,0,0,2,0,0,1,0,0,1,0,2,0,0
2008,HI,0,0,0,0,0,0,0,0,0,0,0,0,0,0,0,0,0,0,0,0,0,0
2009,HI,0,0,0,0,0,0,0,0,0,0,0,0,0,0,0,0,0,0,0,0,0,0
2010,HI,0,1,1,0,0,1,0,0,0,0,0,0,1,0,0,0,0,1,0,0,1,0
2011,HI,0,1,1,0,0,0,0,0,1,0,0,0,1,0,0,0,0,1,0,1,0,0
2012,HI,0,0,0,0,0,0,0,0,0,0,0,0,0,0,0,0,0,0,0,0,0,0
2013,HI,0,0,0,0,0,0,0,0,0,0,0,0,0,0,0,0,0,0,0,0,0,0
2014,HI,0,0,0,0,0,0,0,0,0,0,0,0,0,0,0,0,0,0,0,0,0,0
2015,HI,0,0,0,0,0,0,0,0,0,0,0,0,0,0,0,0,0,0,0,0,0,0
2016,HI,0,1,1,0,0,0,0,0,1,0,0,0,1,0,0,0,1,0,0,0,1,0
2017,HI,0,2,2,0,0,0,0,0,2,0,1,0,1,0,0,1,0,1,0,2,0,0
2018,HI,0,3,1,2,0,0,0,0,1,2,1,0,0,2,2,0,0,0,1,1,2,0
2019,HI,0,0,0,0,0,0,0,0,0,0,0,0,0,0,0,0,0,0,0,0,0,0
2020,HI,0,0,0,0,0,0,0,0,0,0,0,0,0,0,0,0,0,0,0,0,0,0
1980,ID,0,0,0,0,0,0,0,0,0,0,0,0,0,0,0,0,0,0,0,0,0,0
1981,ID,0,1,1,0,0,1,0,0,0,0,0,0,1,0,1,0,0,0,0,1,0,0
1982,ID,0,5,5,0,0,5,0,0,0,0,0,5,0,0,0,0,0,5,0,0,5,0
1983,ID,0,1,1,0,0,1,0,0,0,0,0,1,0,0,1,0,0,0,0,1,0,0
1984,ID,0,1,1,0,0,1,0,0,0,0,0,1,0,0,0,0,1,0,0,1,0,0
1985,ID,0,1,1,0,0,1,0,0,0,0,0,1,0,0,1,0,0,0,0,1,0,0
1986,ID,0,3,3,0,0,3,0,0,0,0,0,2,1,0,0,0,0,1,2,0,3,0
1987,ID,0,0,0,0,0,0,0,0,0,0,0,0,0,0,0,0,0,0,0,0,0,0
1988,ID,0,0,0,0,0,0,0,0,0,0,0,0,0,0,0,0,0,0,0,0,0,0
1989,ID,0,2,2,0,0,2,0,0,0,0,2,0,0,0,2,0,0,0,0,2,0,0
1990,ID,0,1,1,0,0,1,0,0,0,0,0,0,1,0,0,1,0,0,0,1,0,0
1991,ID,0,1,1,0,0,1,0,0,0,0,0,0,1,0,1,0,0,0,0,0,1,0
1992,ID,0,3,3,0,0,3,0,0,0,0,1,0,2,0,0,3,0,0,0,2,1,0
1993,ID,0,4,3,1,0,4,0,0,0,0,0,4,0,0,1,3,0,0,0,1,3,0
1994,ID,0,7,7,0,0,7,0,0,0,0,3,2,2,0,4,3,0,0,0,5,2,0
1995,ID,0,9,9,0,0,9,0,0,0,0,1,6,2,0,8,0,1,0,0,2,7,0
1996,ID,0,2,1,1,0,2,0,0,0,0,1,1,0,0,1,0,0,0,1,1,1,0
1997,ID,0,6,5,1,0,6,0,0,0,0,0,6,0,0,0,5,1,0,0,1,5,0
1998,ID,0,8,7,1,0,8,0,0,0,0,1,2,3,2,7,0,0,1,0,0,8,0
1999,ID,0,2,1,1,0,2,0,0,0,0,0,1,0,1,1,0,0,0,1,1,1,0
2000,ID,0,2,2,0,0,2,0,0,0,0,0,2,0,0,1,0,0,0,1,2,0,0
2001,ID,0,1,1,0,0,1,0,0,0,0,1,0,0,0,1,0,0,0,0,1,0,0
2002,ID,0,3,3,0,0,3,0,0,0,0,1,1,1,0,1,0,1,1,0,2,1,0
2003,ID,0,2,1,1,0,2,0,0,0,0,1,1,0,0,2,0,0,0,0,0,2,0
2004,ID,0,0,0,0,0,0,0,0,0,0,0,0,0,0,0,0,0,0,0,0,0,0
2005,ID,0,3,3,0,0,3,0,0,0,0,1,0,0,3,3,0,0,1,0,1,3,0
2006,ID,0,5,3,1,0,5,0,0,0,0,1,2,0,1,2,2,0,0,0,1,3,0
2007,ID,0,4,4,0,0,4,0,0,0,0,1,3,0,0,1,2,1,0,0,4,0,0
2008,ID,0,4,3,1,0,4,0,0,0,0,1,2,0,1,3,0,0,1,0,2,2,0
2009,ID,0,2,1,1,0,2,0,0,0,0,2,0,0,0,1,0,0,0,1,1,1,0
2010,ID,0,0,0,0,0,0,0,0,0,0,0,0,0,0,0,0,0,0,0,0,0,0
2011,ID,0,0,0,0,0,0,0,0,0,0,0,0,0,0,0,0,0,0,0,0,0,0
2012,ID,0,1,1,0,0,1,0,0,0,0,1,0,0,0,1,0,0,0,0,1,0,0
2013,ID,0,0,0,0,0,0,0,0,0,0,0,0,0,0,0,0,0,0,0,0,0,0
2014,ID,0,1,1,0,0,1,0,0,0,0,1,0,0,0,1,0,0,0,0,1,0,0
2015,ID,0,1,1,0,0,1,0,0,0,0,0,1,0,0,1,0,0,0,0,0,1,0
2016,ID,0,0,0,0,0,0,0,0,0,0,0,0,0,0,0,0,0,0,0,0,0,0
2017,ID,0,0,0,0,0,0,0,0,0,0,0,0,0,0,0,0,0,0,0,0,0,0
2018,ID,0,4,4,0,0,4,0,0,0,0,0,4,0,0,4,0,0,0,0,0,4,0
2019,ID,0,1,1,0,0,0,0,0,0,1,0,0,1,0,0,1,0,0,0,0,1,0
2020,ID,0,1,1,0,0,1,0,0,0,0,1,0,0,0,1,0,0,0,0,0,1,0
1980,NY,2,150,136,16,0,26,85,0,0,41,13,36,52,51,78,45,4,12,14,83,69,0
1981,NY,0,145,134,11,0,59,80,0,0,6,4,33,76,32,74,43,9,12,7,75,70,0
1982,NY,4,149,138,15,0,79,70,0,4,0,12,28,63,50,74,41,5,24,8,68,85,0
1983,NY,3,145,129,19,0,67,78,0,3,0,22,38,19,69,82,39,1,18,8,79,68,0
1984,NY,1,97,93,5,0,45,53,0,1,0,12,17,28,41,49,25,8,12,4,53,46,0
1985,NY,0,91,87,4,0,43,48,0,0,0,7,27,22,36,43,27,3,17,1,57,35,0
1986,NY,1,127,114,13,1,51,71,0,5,1,21,33,36,38,72,29,6,13,8,65,63,0
1987,NY,3,125,120,8,1,54,70,0,4,0,7,59,38,25,76,33,1,11,8,71,58,0
1988,NY,0,148,140,8,0,49,97,0,1,1,8,57,23,60,100,21,8,11,9,87,60,0
1989,NY,1,129,122,8,0,43,81,0,4,2,13,60,15,42,91,19,7,4,9,75,55,0
1990,NY,1,213,202,12,0,61,148,0,2,2,6,85,19,104,150,40,17,1,6,108,106,0
1991,NY,0,146,133,13,0,40,100,0,4,2,4,33,26,83,111,20,3,4,8,79,67,0
1992,NY,2,138,137,3,0,43,85,1,9,2,7,34,19,80,104,31,1,2,2,73,67,0
1993,NY,1,128,120,9,0,43,83,2,1,0,6,33,30,60,95,18,7,1,8,81,47,0
1994,NY,0,109,106,3,0,35,74,0,0,0,7,27,23,52,73,21,4,5,6,45,65,0
1995,NY,0,80,74,6,0,26,51,1,0,2,8,20,11,41,48,10,5,12,5,51,29,0
1996,NY,1,78,73,5,0,30,48,0,1,0,5,16,17,41,43,17,6,7,5,45,33,0
1997,NY,1,63,59,5,0,22,38,0,0,3,5,15,9,34,39,13,2,7,2,34,29,0
1998,NY,0,54,48,5,0,13,34,0,2,4,5,18,12,19,29,12,1,7,4,28,26,0
1999,NY,1,59,56,4,0,23,33,2,0,2,3,18,18,21,37,16,3,3,1,33,27,0
2000,NY,0,60,53,6,0,18,40,0,0,1,4,11,44,0,33,9,11,4,2,29,31,0
2001,NY,0,47,37,9,0,18,29,0,0,0,6,16,23,2,19,12,1,6,8,26,21,0
2002,NY,1,48,46,3,0,25,20,0,1,3,4,8,33,3,24,19,3,0,3,26,23,0
2003,NY,0,38,35,3,0,10,29,0,0,0,2,12,15,10,22,4,3,4,4,19,19,0
2004,NY,0,56,49,7,0,24,32,0,0,1,4,19,31,2,25,25,1,3,3,25,32,0
2005,NY,0,44,40,4,0,11,33,0,0,0,4,6,20,14,22,13,0,7,2,19,25,0
2006,NY,0,91,86,5,0,33,53,0,4,1,9,43,35,4,47,19,9,1,15,36,55,0
2007,NY,0,54,50,4,0,9,45,0,0,0,2,32,13,7,33,9,6,0,6,29,25,0
2008,NY,0,56,49,7,0,15,41,0,0,0,3,29,20,4,32,16,2,1,5,26,30,0
2009,NY,0,43,39,4,0,14,28,0,1,0,0,20,22,1,26,14,1,0,2,18,25,0
2010,NY,0,41,36,5,0,17,24,0,0,0,2,14,16,9,18,13,2,1,7,22,19,0
2011,NY,0,52,44,5,3,19,27,0,2,4,3,15,26,8,25,16,6,0,5,28,24,0
2012,NY,0,34,27,3,4,10,20,0,0,4,3,8,13,10,17,11,1,1,4,18,16,0
2013,NY,3,30,29,2,2,6,25,0,0,2,2,7,7,17,12,8,5,2,6,12,21,0
2014,NY,0,29,25,3,1,8,18,0,1,2,0,9,13,7,13,9,1,1,6,13,16,0
2015,NY,0,33,28,5,0,8,24,0,0,1,1,13,7,12,24,6,0,1,2,14,19,0
2016,NY,0,21,21,0,0,7,14,0,0,0,2,8,5,6,15,4,1,0,1,15,6,0
2017,NY,0,24,21,3,0,7,16,0,0,0,0,10,1,12,15,4,3,1,0,10,13,0
2018,NY,0,36,33,3,0,8,27,0,0,1,0,10,4,22,17,15,0,3,0,13,23,0
2019,NY,0,33,32,1,0,8,23,0,2,0,1,7,2,23,18,12,0,2,1,11,22,0
2020,NY,0,41,37,4,0,13,25,0,2,1,5,7,1,28,17,15,1,4,4,12,29,0
1980,IL,0,88,78,10,0,37,49,1,1,0,8,44,36,0,59,18,7,1,2,53,35,0
1981,IL,1,138,132,8,0,39,100,0,0,0,5,62,68,3,100,15,13,4,7,50,89,0
1982,IL,0,119,115,4,0,31,87,0,1,0,5,49,65,0,83,21,4,6,5,35,84,0
1983,IL,0,103,97,5,0,28,72,0,2,0,5,51,45,1,59,18,16,6,4,39,64,0
1986,IL,0,109,102,8,0,38,72,0,0,0,6,53,45,5,55,24,18,10,3,52,58,0
1988,IL,0,120,113,7,0,31,88,0,1,0,4,62,50,4,83,16,9,6,6,49,72,0
1989,IL,0,137,130,7,0,38,99,0,0,0,7,60,69,1,100,17,10,5,5,52,85,0
1990,IL,0,170,164,6,0,48,123,0,0,0,8,83,80,0,127,22,14,3,3,59,112,0
1991,IL,2,263,247,18,0,49,215,0,2,0,13,134,116,3,208,21,17,13,6,80,186,0
1992,IL,0,206,189,13,4,42,160,0,0,4,11,100,91,4,165,22,8,8,4,80,126,0
1993,IL,1,295,283,14,0,71,225,0,0,0,7,128,147,14,244,11,19,11,11,108,188,0
1994,IL,5,309,306,8,0,74,236,1,2,0,9,123,123,59,267,14,13,8,12,104,210,0
1995,IL,0,247,238,9,0,60,187,0,0,0,6,104,122,15,199,11,6,15,17,75,172,0
1996,IL,0,231,222,9,0,46,179,0,6,0,6,92,113,20,203,5,2,12,9,76,156,0
1997,IL,0,165,155,10,0,46,119,0,0,0,4,65,77,19,155,1,4,0,4,89,77,0
1998,IL,3,93,89,7,0,26,70,0,0,0,7,43,40,6,78,7,1,7,3,91,6,0
1999,IL,0,64,60,4,0,23,39,0,1,0,6,29,22,7,54,7,1,0,1,60,4,0
2000,IL,0,53,50,3,0,20,33,0,0,0,0,17,27,9,47,1,1,0,3,34,19,0
2001,IL,0,86,78,7,0,30,56,0,0,0,1,3,12,70,43,1,1,1,38,31,55,0
2002,IL,0,63,59,4,0,15,48,0,0,0,4,13,9,37,41,3,0,9,10,22,41,0
2003,IL,0,62,59,3,0,21,41,0,0,0,2,9,20,32,47,5,6,3,2,27,35,0
2004,IL,0,74,73,2,0,26,49,0,0,0,7,16,16,36,54,7,12,0,2,35,40,0
2005,IL,0,56,56,0,0,15,41,0,0,0,2,7,14,34,41,7,2,5,2,32,24,0
2006,IL,0,50,46,3,0,16,34,0,0,0,2,6,5,37,43,5,0,2,0,26,24,0
2007,IL,0,71,71,0,0,18,52,2,0,0,2,13,34,23,58,2,8,3,0,18,53,0
2008,IL,0,39,37,1,0,15,24,0,0,0,1,24,6,7,22,4,1,7,3,15,24,0
2009,IL,0,56,55,2,0,6,50,0,0,0,0,16,29,11,45,0,6,5,0,18,39,0
2010,IL,0,28,26,2,0,12,16,0,0,0,0,5,14,9,16,6,5,0,2,9,19,0
2011,IL,0,43,43,0,0,8,35,0,0,0,2,8,16,18,32,0,3,2,6,18,25,0
2012,IL,0,51,48,3,0,13,38,0,0,0,0,12,28,12,44,1,0,3,3,16,35,0
2013,IL,0,46,46,0,0,16,29,0,0,0,3,20,16,7,34,2,3,5,2,11,34,0
2014,IL,0,44,43,2,0,8,36,0,0,0,2,2,33,8,44,0,0,0,0,19,25,0
2015,IL,0,30,30,0,0,7,22,0,0,0,0,4,12,13,28,0,0,1,0,12,18,0
2016,IL,0,49,45,4,0,9,39,0,1,0,1,17,11,20,45,2,2,0,0,17,32,0
2017,IL,1,34,31,4,0,11,24,0,0,0,4,10,8,13,28,6,0,0,1,19,16,0
2018,IL,0,19,18,1,0,5,14,0,0,0,0,8,3,8,18,1,0,0,0,11,8,0
2019,IL,1,19,20,0,0,8,13,0,0,0,1,8,4,8,19,0,0,0,1,12,9,0
2020,IL,0,50,49,1,0,12,38,0,0,0,3,13,12,21,42,3,3,1,0,18,32,0
1980,NC,1,26,26,1,0,19,8,0,0,0,8,11,5,3,20,4,1,1,1,19,8,0
1981,NC,0,22,21,1,0,9,12,1,0,0,7,11,3,1,12,5,0,5,0,15,7,0
1982,NC,1,26,25,2,0,8,17,1,0,1,5,13,8,1,13,6,5,1,2,11,16,0
1983,NC,0,19,17,2,0,6,12,0,1,0,9,9,1,0,11,6,0,2,0,15,4,0
1984,NC,0,16,13,3,0,12,5,0,0,0,1,10,5,0,7,8,1,0,0,9,7,0
1985,NC,0,27,22,4,0,8,17,1,0,0,5,18,3,0,12,10,2,1,1,18,8,0
1986,NC,0,24,21,3,0,10,13,0,0,0,6,12,5,0,14,3,3,2,1,15,8,0
1987,NC,2,15,15,2,0,6,10,1,0,0,6,6,4,1,13,2,0,2,0,7,10,0
1988,NC,1,26,21,6,0,15,11,1,0,0,6,18,1,2,19,6,1,0,1,21,6,0
1989,NC,0,36,33,3,0,7,27,1,1,0,5,20,11,0,22,7,4,0,3,23,13,0
1990,NC,0,44,37,6,0,12,31,0,0,0,8,25,9,1,31,5,1,4,2,24,20,0
1991,NC,0,55,52,3,0,11,41,2,0,0,7,28,19,0,38,7,1,1,7,31,23,0
1992,NC,0,73,69,4,0,7,64,1,0,0,7,40,24,2,54,4,5,3,6,37,36,0
1993,NC,0,70,66,4,0,10,57,3,0,0,8,40,16,6,48,9,5,2,6,38,33,0
1994,NC,0,82,69,12,0,11,68,0,2,0,6,55,6,14,59,7,1,8,6,45,37,0
1995,NC,0,59,56,3,0,7,48,2,2,0,7,28,14,11,49,1,3,3,3,25,35,0
1996,NC,0,44,43,1,0,11,32,1,0,0,4,24,6,10,27,8,0,5,4,23,21,0
1997,NC,1,55,53,3,0,19,34,0,3,0,1,33,16,6,43,6,0,3,4,19,37,0
1998,NC,1,46,41,6,0,11,36,0,0,0,6,21,17,3,31,3,1,2,10,14,33,0
1999,NC,3,40,39,4,0,14,27,2,0,0,3,14,8,17,32,7,0,0,4,22,22,0
2000,NC,1,33,30,4,0,9,25,0,0,0,5,15,3,10,24,2,4,4,0,15,18,0
2001,NC,0,37,31,4,2,11,24,0,0,2,3,13,4,17,28,2,0,1,6,15,22,0
2002,NC,3,32,31,4,0,10,21,1,0,2,5,5,9,15,21,3,2,1,7,17,17,0
2003,NC,0,37,29,8,0,11,26,0,0,0,6,13,6,11,25,2,1,4,5,18,20,0
2004,NC,0,26,23,2,0,6,20,0,0,0,3,9,1,12,21,1,0,1,2,12,13,0
2005,NC,1,43,41,3,0,12,30,1,0,1,4,17,9,14,31,3,2,4,4,19,26,0
2006,NC,0,42,36,6,0,7,35,0,0,0,4,16,10,11,37,1,0,3,1,14,28,0
2007,NC,0,35,31,4,0,6,27,0,0,1,2,9,8,15,23,8,2,1,0,9,25,0
2008,NC,0,44,42,2,0,14,30,0,0,0,0,6,9,29,33,1,0,2,8,7,37,0
2009,NC,0,25,24,1,0,9,15,0,0,0,3,4,5,12,20,2,0,2,1,6,19,0
2010,NC,0,51,43,9,0,13,35,1,2,0,1,6,13,31,44,2,3,0,2,11,41,0
2011,NC,0,37,32,5,0,8,29,0,0,0,3,3,7,24,27,4,1,5,0,11,26,0
2012,NC,0,29,26,2,0,7,20,1,0,0,3,5,7,13,20,0,0,4,4,5,23,0
2013,NC,0,24,23,1,0,3,20,1,0,0,1,0,2,21,18,4,0,0,2,3,21,0
2014,NC,1,33,32,2,0,4,29,0,0,0,2,4,9,18,23,2,3,4,1,10,24,0
2015,NC,0,35,27,8,0,5,30,0,0,0,3,8,1,22,23,3,0,3,5,13,21,0
2016,NC,0,25,22,3,0,6,18,1,0,0,1,3,2,18,21,1,1,1,1,6,19,0
2017,NC,1,36,37,0,0,9,28,0,0,0,2,5,3,26,29,1,0,4,2,12,25,0
2018,NC,0,53,45,8,0,14,39,0,0,0,3,14,9,27,50,0,0,1,1,18,35,0
2019,NC,1,66,59,9,0,13,51,2,0,0,6,21,15,26,60,2,0,0,5,17,50,0
2020,NC,1,59,54,6,0,13,45,2,0,0,2,21,2,34,55,0,0,0,5,13,47,0
1980,IN,0,17,16,1,0,8,8,0,0,0,4,7,6,0,10,2,0,0,5,17,0,0
1981,IN,1,17,17,1,0,14,5,0,0,0,5,10,3,0,9,7,1,0,1,11,7,0
1982,IN,0,24,23,1,0,5,17,0,0,1,2,11,8,3,15,2,2,2,2,16,8,0
1983,IN,0,19,16,3,0,10,9,0,0,0,1,12,4,1,17,2,0,0,0,12,7,0
1984,IN,1,15,15,1,0,9,7,0,0,0,3,7,4,1,12,1,1,1,0,13,2,0
1985,IN,0,21,18,2,0,9,12,0,0,0,7,10,2,1,10,5,2,1,2,16,5,0
1986,IN,0,19,18,1,0,13,6,0,0,0,3,13,3,1,11,1,3,0,4,16,3,0
1987,IN,0,7,7,0,0,4,3,0,0,0,1,4,1,0,6,1,0,0,0,6,1,0
1988,IN,0,20,19,1,0,16,4,0,0,0,4,8,8,0,6,9,4,0,1,9,11,0
1989,IN,0,19,18,1,0,9,9,0,0,0,7,8,3,1,12,4,1,1,0,16,3,0
1990,IN,1,27,26,1,1,5,22,0,0,1,5,11,11,1,23,3,0,3,0,15,14,0
1991,IN,0,28,26,1,0,7,21,0,0,0,6,18,4,0,17,10,1,0,0,12,15,0
1992,IN,0,21,16,5,0,9,13,0,0,0,1,15,5,0,15,4,3,0,0,8,14,0
1993,IN,0,23,22,1,0,6,17,0,0,0,1,12,6,4,16,1,1,4,1,17,6,0
1994,IN,0,44,43,1,0,15,29,0,0,0,4,21,13,6,30,1,5,8,0,18,26,0
1995,IN,1,43,41,4,0,17,28,0,0,0,4,24,10,6,36,1,0,6,1,14,31,0
1996,IN,0,37,35,1,0,10,27,0,0,0,1,20,14,1,33,0,3,1,0,16,21,0
1997,IN,0,22,21,1,0,6,16,0,0,0,1,14,5,2,20,0,1,1,0,13,9,0
1998,IN,0,25,22,2,0,12,13,0,0,0,2,16,6,0,21,0,4,0,0,16,8,0
1999,IN,0,36,35,1,0,11,24,0,1,0,0,32,1,2,20,2,13,0,0,11,25,0
2000,IN,2,13,15,0,0,2,12,0,0,1,3,7,3,1,14,0,0,1,0,8,7,0
2001,IN,0,12,12,0,0,6,7,0,0,0,0,6,4,2,4,3,3,0,1,6,7,0
2002,IN,0,16,14,2,0,7,9,0,0,0,1,11,3,0,12,1,0,2,0,7,9,0
2003,IN,0,12,10,2,0,7,4,0,0,0,1,6,0,4,12,0,0,0,0,3,9,0
2004,IN,0,4,4,0,0,1,3,0,0,0,1,1,1,1,3,1,0,0,0,2,2,0
2005,IN,0,12,11,1,0,4,8,0,0,0,0,8,3,1,10,2,0,0,0,9,3,0
2006,IN,0,16,15,0,1,3,12,0,0,1,0,11,4,1,15,1,0,0,0,8,9,0
2007,IN,0,16,14,1,1,4,10,0,0,2,3,7,5,0,13,1,0,2,0,12,4,0
2008,IN,0,12,12,0,0,5,6,0,0,0,1,5,1,4,8,2,0,1,0,5,6,0
2009,IN,0,21,20,1,0,5,15,0,0,1,1,12,3,5,17,2,0,1,1,8,13,0
2010,IN,0,17,16,1,0,3,13,0,0,0,1,7,2,7,14,1,0,0,1,6,11,0
2011,IN,0,14,14,0,0,8,7,0,0,0,0,5,4,4,10,3,1,0,0,10,4,0
2012,IN,0,28,24,3,0,11,14,0,0,2,2,11,7,8,18,1,1,2,6,7,21,0
2013,IN,0,20,20,0,0,7,13,0,0,0,0,10,2,8,17,1,0,0,2,4,15,0
2014,IN,0,17,17,0,0,2,15,0,0,0,0,6,5,5,17,0,0,0,0,8,10,0
2015,IN,0,20,19,1,0,0,20,0,0,0,0,12,3,5,18,0,0,0,3,11,10,0
2016,IN,0,23,21,1,0,6,16,0,0,0,0,13,0,10,20,0,0,1,1,8,15,0
2017,IN,1,27,26,2,0,5,22,0,0,1,3,10,4,11,23,3,0,0,2,12,16,0
2018,IN,0,13,11,2,0,4,8,0,0,1,1,5,2,5,8,2,0,1,1,11,2,0
2019,IN,0,11,11,0,0,5,5,0,0,1,1,5,0,5,7,0,0,0,4,4,7,0
2020,IN,0,25,23,2,0,4,20,0,0,1,2,10,5,8,24,1,0,0,0,5,20,0
1980,ND,0,4,4,0,0,2,0,2,0,0,0,1,3,0,3,0,0,1,0,1,3,0
1981,ND,0,1,1,0,0,0,0,1,0,0,1,0,0,0,0,1,0,0,0,1,0,0
1982,ND,0,0,0,0,0,0,0,0,0,0,0,0,0,0,0,0,0,0,0,0,0,0
1983,ND,0,0,0,0,0,0,0,0,0,0,0,0,0,0,0,0,0,0,0,0,0,0
1984,ND,0,1,1,0,0,1,0,0,0,0,1,0,0,0,0,0,0,0,1,1,0,0
1985,ND,0,0,0,0,0,0,0,0,0,0,0,0,0,0,0,0,0,0,0,0,0,0
1986,ND,0,0,0,0,0,0,0,0,0,0,0,0,0,0,0,0,0,0,0,0,0,0
1987,ND,0,2,2,0,0,2,0,0,0,0,1,1,0,0,2,0,0,0,0,2,0,0
1988,ND,0,0,0,0,0,0,0,0,0,0,0,0,0,0,0,0,0,0,0,0,0,0
1989,ND,0,0,0,0,0,0,0,0,0,0,0,0,0,0,0,0,0,0,0,0,0,0
1990,ND,0,0,0,0,0,0,0,0,0,0,0,0,0,0,0,0,0,0,0,0,0,0
1992,ND,0,1,1,0,0,1,0,0,0,0,1,0,0,0,1,0,0,0,0,1,0,0
1993,ND,1,1,1,1,0,1,0,1,0,0,1,1,0,0,0,1,0,1,0,2,0,0
1994,ND,0,0,0,0,0,0,0,0,0,0,0,0,0,0,0,0,0,0,0,0,0,0
1995,ND,0,11,11,0,0,6,0,5,0,0,0,0,11,0,11,0,0,0,0,0,11,0
1996,ND,0,1,1,0,0,1,0,0,0,0,0,0,0,1,0,1,0,0,0,0,1,0
1997,ND,0,0,0,0,0,0,0,0,0,0,0,0,0,0,0,0,0,0,0,0,0,0
1998,ND,0,1,0,1,0,1,0,0,0,0,1,0,0,0,0,0,0,1,0,1,0,0
1999,ND,0,0,0,0,0,0,0,0,0,0,0,0,0,0,0,0,0,0,0,0,0,0
2000,ND,0,0,0,0,0,0,0,0,0,0,0,0,0,0,0,0,0,0,0,0,0,0
2001,ND,0,0,0,0,0,0,0,0,0,0,0,0,0,0,0,0,0,0,0,0,0,0
2002,ND,0,0,0,0,0,0,0,0,0,0,0,0,0,0,0,0,0,0,0,0,0,0
2003,ND,0,0,0,0,0,0,0,0,0,0,0,0,0,0,0,0,0,0,0,0,0,0
2004,ND,0,0,0,0,0,0,0,0,0,0,0,0,0,0,0,0,0,0,0,0,0,0
2005,ND,0,0,0,0,0,0,0,0,0,0,0,0,0,0,0,0,0,0,0,0,0,0
2006,ND,0,0,0,0,0,0,0,0,0,0,0,0,0,0,0,0,0,0,0,0,0,0
2007,ND,0,2,2,0,0,1,0,1,0,0,1,1,0,0,0,0,0,2,0,2,0,0
2008,ND,0,0,0,0,0,0,0,0,0,0,0,0,0,0,0,0,0,0,0,0,0,0
2009,ND,0,0,0,0,0,0,0,0,0,0,0,0,0,0,0,0,0,0,0,0,0,0
2010,ND,0,0,0,0,0,0,0,0,0,0,0,0,0,0,0,0,0,0,0,0,0,0
2011,ND,0,0,0,0,0,0,0,0,0,0,0,0,0,0,0,0,0,0,0,0,0,0
2013,ND,0,0,0,0,0,0,0,0,0,0,0,0,0,0,0,0,0,0,0,0,0,0
2014,ND,0,0,0,0,0,0,0,0,0,0,0,0,0,0,0,0,0,0,0,0,0,0
2015,ND,0,0,0,0,0,0,0,0,0,0,0,0,0,0,0,0,0,0,0,0,0,0
2016,ND,0,0,0,0,0,0,0,0,0,0,0,0,0,0,0,0,0,0,0,0,0,0
2017,ND,0,0,0,0,0,0,0,0,0,0,0,0,0,0,0,0,0,0,0,0,0,0
2018,ND,0,0,0,0,0,0,0,0,0,0,0,0,0,0,0,0,0,0,0,0,0,0
2019,ND,0,2,2,0,0,2,0,0,0,0,1,1,0,0,2,0,0,0,0,2,0,0
2020,ND,0,2,2,0,0,0,2,0,0,0,0,2,0,0,0,0,2,0,0,0,2,0
1980,OH,1,50,46,5,0,34,17,0,0,0,5,19,26,1,30,13,1,4,3,31,20,0
1981,OH,0,33,23,10,0,20,13,0,0,0,14,8,11,0,14,5,6,3,4,22,11,0
1982,OH,2,30,27,5,0,19,14,0,0,0,7,12,13,1,13,12,3,1,4,20,13,0
1983,OH,0,24,19,4,0,14,10,0,0,0,9,10,5,0,5,9,2,6,1,22,1,0
1984,OH,0,24,23,1,0,14,8,0,2,0,2,10,13,0,12,3,1,7,1,15,10,0
1985,OH,0,29,25,4,0,14,15,0,0,0,4,14,11,0,15,6,2,2,3,14,15,0
1986,OH,0,34,28,6,0,19,15,0,0,0,3,18,11,1,18,8,3,2,2,26,8,0
1987,OH,1,33,30,3,0,13,21,0,0,0,10,16,7,1,17,8,1,3,4,22,12,0
1988,OH,1,31,23,9,0,10,22,0,0,0,5,15,10,1,7,8,4,8,5,14,18,0
1989,OH,1,33,31,3,0,13,21,0,0,0,3,20,11,0,27,3,1,1,2,26,9,0
1990,OH,1,45,40,5,0,15,29,1,0,0,4,22,20,0,25,9,5,7,0,23,23,0
1991,OH,1,59,56,4,0,10,50,0,0,0,3,27,18,12,37,7,4,4,8,29,31,0
1992,OH,1,85,76,10,0,11,72,0,0,3,7,41,26,12,72,7,3,2,2,46,40,0
1993,OH,0,80,78,2,0,12,68,0,0,0,4,42,26,8,61,7,3,8,1,37,43,0
1994,OH,1,84,77,8,0,17,66,0,0,2,11,38,26,10,64,8,1,4,8,46,39,0
1995,OH,0,73,69,3,0,11,62,0,0,0,8,32,30,2,58,7,1,3,3,37,36,0
1996,OH,0,67,61,6,0,12,54,0,1,0,5,35,25,2,43,7,2,9,5,27,40,0
1997,OH,1,51,50,3,0,30,23,0,0,0,4,30,10,9,26,0,4,20,3,26,27,0
1998,OH,1,35,31,5,0,7,27,0,0,1,7,16,12,0,20,4,1,5,6,19,17,0
1999,OH,0,15,15,0,0,5,10,0,0,0,1,10,1,2,10,2,0,1,1,9,6,0
2000,OH,0,25,21,5,0,15,10,0,0,0,3,12,7,3,17,2,0,5,1,15,10,0
2001,OH,1,30,26,5,0,6,25,0,0,0,7,14,6,4,19,1,2,4,5,23,8,0
2002,OH,0,24,20,3,0,14,10,0,0,0,5,12,1,5,18,1,0,2,2,13,11,0
2003,OH,0,29,24,5,0,14,15,0,0,0,4,17,2,5,20,1,0,5,3,19,11,0
2004,OH,1,29,28,2,0,6,23,0,0,1,5,4,2,18,24,0,1,2,3,14,16,0
2005,OH,1,40,38,3,0,9,31,0,0,0,3,7,8,22,22,1,2,6,9,16,25,0
2006,OH,0,38,35,3,0,8,28,0,0,1,1,19,4,14,33,2,0,1,2,15,23,0
2007,OH,1,52,47,5,0,13,39,0,0,1,2,14,11,26,36,4,2,4,6,21,32,0
2008,OH,0,58,56,1,1,7,49,0,0,2,2,13,2,41,44,0,0,5,9,27,31,0
2009,OH,1,29,27,3,0,6,22,0,1,0,2,12,7,8,17,5,1,4,2,12,17,0
2010,OH,0,33,33,0,0,3,30,0,0,0,2,11,6,14,27,1,3,1,1,13,20,0
2011,OH,1,31,27,5,0,9,23,0,0,0,4,14,8,6,23,2,1,2,4,14,19,0
2012,OH,0,23,18,5,0,8,15,0,0,0,0,13,7,3,13,4,3,0,3,7,16,0
2013,OH,0,19,18,1,0,2,16,0,0,1,0,6,8,5,17,1,0,0,1,8,11,0
2014,OH,1,31,29,3,0,5,27,0,0,0,2,19,0,11,25,3,0,0,4,9,23,0
2015,OH,0,23,20,3,0,4,19,0,0,0,1,10,6,6,17,2,1,0,3,11,12,0
2016,OH,0,35,31,4,0,7,28,0,0,0,9,8,4,14,30,2,1,0,2,16,19,0
2017,OH,0,44,35,9,0,15,28,0,0,0,5,13,5,20,27,3,1,4,8,15,28,0
2018,OH,0,37,34,3,0,9,26,0,0,2,3,12,5,18,35,1,0,1,0,8,29,0
2019,OH,0,32,30,2,0,5,25,0,0,2,4,11,5,11,27,1,3,0,1,13,19,0
2020,OH,1,36,36,1,0,7,26,0,0,3,4,17,2,14,30,4,0,0,2,18,19,0
1980,IA,0,3,3,0,0,1,2,0,0,0,0,2,1,0,2,0,0,1,0,0,3,0
1981,IA,0,4,4,0,0,2,2,0,0,0,0,3,1,0,1,1,0,2,0,4,0,0
1982,IA,1,7,5,2,0,8,0,0,0,0,3,4,0,0,3,1,0,1,2,5,2,0
1983,IA,0,2,2,0,0,2,0,0,0,0,1,0,1,0,1,0,1,0,0,1,1,0
1984,IA,0,6,6,0,0,6,0,0,0,0,1,3,1,0,2,1,0,1,1,3,2,0
1985,IA,0,4,2,2,0,3,1,0,0,0,3,1,0,0,2,2,0,0,0,3,1,0
1986,IA,0,7,6,1,0,7,0,0,0,0,3,2,2,0,5,0,2,0,0,3,4,0
1987,IA,0,2,0,2,0,2,0,0,0,0,2,0,0,0,0,0,0,0,2,2,0,0
1988,IA,0,1,1,0,0,1,0,0,0,0,1,0,0,0,1,0,0,0,0,1,0,0
1989,IA,0,5,5,0,0,4,1,0,0,0,0,3,2,0,2,0,0,3,0,2,3,0
1990,IA,0,3,3,0,0,2,1,0,0,0,0,0,3,0,0,1,2,0,0,0,3,0
1992,IA,0,4,2,2,0,4,0,0,0,0,0,0,2,2,2,0,0,2,0,4,0,0
1993,IA,0,15,13,2,0,9,4,2,0,0,2,9,4,0,9,6,0,0,0,8,8,0
1994,IA,0,13,11,2,0,11,2,0,0,0,1,5,6,0,11,2,0,0,0,4,9,0
1995,IA,0,4,4,0,0,4,0,0,0,0,0,2,2,0,3,0,0,0,1,1,3,0
1996,IA,0,7,6,1,0,4,3,0,1,0,0,5,1,2,5,1,0,1,0,4,4,0
1997,IA,0,0,0,0,0,0,0,0,0,0,0,0,0,0,0,0,0,0,0,0,0,0
1998,IA,0,9,8,1,0,7,1,0,1,0,1,4,1,2,7,1,0,0,1,6,3,0
1999,IA,0,4,4,0,0,3,2,0,0,0,0,4,0,0,3,2,0,0,0,2,3,0
2000,IA,0,3,2,1,0,3,0,0,0,0,0,0,2,1,1,0,2,0,0,0,3,0
2001,IA,0,4,3,1,0,4,0,0,0,0,1,1,1,1,0,1,0,0,3,3,1,0
2002,IA,0,10,6,4,0,7,3,0,0,0,0,3,5,2,4,0,0,4,2,1,9,0
2003,IA,0,0,0,0,0,0,0,0,0,0,0,0,0,0,0,0,0,0,0,0,0,0
2004,IA,0,6,6,0,0,6,0,0,0,0,1,2,1,2,2,2,0,0,2,2,4,0
2005,IA,0,3,0,3,0,1,2,0,0,0,0,0,2,1,1,2,0,0,0,0,3,0
2006,IA,0,2,2,0,0,1,1,0,0,0,0,2,0,0,1,0,0,0,1,1,1,0
2007,IA,0,3,2,1,0,1,2,0,0,0,0,3,0,0,1,2,0,0,0,2,1,0
2008,IA,0,6,5,1,0,3,3,0,0,0,1,3,1,1,4,1,0,0,1,2,4,0
2009,IA,0,3,2,1,0,0,2,0,1,0,1,0,1,1,1,0,0,1,1,2,1,0
2010,IA,0,6,6,0,0,2,2,1,0,1,1,1,4,0,6,0,0,0,0,4,2,0
2011,IA,0,1,0,1,0,1,0,0,0,0,0,1,0,0,0,0,0,0,1,0,1,0
2012,IA,0,5,5,0,0,1,4,0,0,0,1,1,0,3,5,0,0,0,0,1,4,0
2013,IA,0,2,0,2,0,1,1,0,0,0,0,2,0,0,1,1,0,0,0,1,1,0
2014,IA,0,4,4,0,0,1,3,0,0,0,1,1,0,2,1,0,0,3,0,1,3,0
2015,IA,0,9,9,0,0,5,4,0,0,0,3,1,0,5,5,3,1,0,0,5,4,0
2016,IA,0,10,10,0,0,1,9,0,0,0,0,6,0,4,8,0,0,0,2,1,9,0
2017,IA,0,5,5,0,0,0,5,0,0,0,0,2,0,3,5,0,0,0,0,0,5,0
2018,IA,0,4,2,1,0,4,0,0,0,0,0,1,0,2,0,0,0,1,2,0,4,0
2019,IA,0,7,7,0,0,3,3,0,0,1,0,2,0,5,6,0,1,0,0,1,6,0
2020,IA,0,12,10,2,0,2,8,0,2,0,1,4,2,5,11,1,0,0,0,2,10,0
1980,OK,1,11,11,1,0,8,4,0,0,0,5,5,1,1,9,2,0,1,0,9,3,0
1981,OK,0,14,11,3,0,10,4,0,0,0,4,5,5,0,9,0,2,3,0,8,6,0
1982,OK,0,6,5,1,0,6,0,0,0,0,1,5,0,0,4,0,0,2,0,6,0,0
1983,OK,0,17,9,8,0,13,3,1,0,0,10,5,2,0,9,2,0,3,3,9,8,0
1984,OK,0,11,11,0,0,7,3,0,0,0,1,7,2,0,7,3,0,0,0,8,2,0
1985,OK,0,7,6,1,0,4,3,0,0,0,1,5,1,0,3,2,0,1,1,7,0,0
1986,OK,0,26,24,2,0,17,6,2,0,0,2,16,7,0,9,8,6,0,2,12,13,0
1987,OK,0,14,9,5,0,9,5,0,0,0,4,7,3,0,8,2,1,1,2,8,6,0
1988,OK,1,22,21,2,0,11,12,0,0,0,7,10,6,0,11,4,2,4,2,15,8,0
1989,OK,0,23,21,2,0,13,8,2,0,0,6,12,5,0,15,6,0,1,1,12,11,0
1990,OK,1,25,24,2,0,11,15,0,0,0,5,16,5,0,18,5,0,3,0,11,15,0
1991,OK,0,26,23,3,0,10,15,1,0,0,5,13,8,0,21,1,0,2,2,10,16,0
1992,OK,0,37,32,5,0,11,23,2,0,0,4,14,18,0,29,5,0,0,3,14,22,0
1993,OK,1,38,37,2,0,11,28,0,0,0,8,12,18,1,35,2,1,0,1,14,25,0
1994,OK,0,45,35,10,0,25,18,2,0,0,8,25,12,0,30,6,6,3,0,20,25,0
1995,OK,0,31,28,3,0,14,12,5,0,0,2,18,11,0,25,3,3,0,0,7,24,0
1996,OK,0,28,27,1,0,8,14,3,3,0,1,20,6,1,24,0,0,1,3,6,22,0
1997,OK,1,25,23,3,0,10,16,0,0,0,5,12,6,3,18,2,0,2,4,11,15,0
1998,OK,0,28,25,3,0,15,12,1,0,0,3,22,3,0,23,2,1,2,0,11,17,0
1999,OK,0,25,21,4,0,5,19,1,0,0,4,15,6,0,20,1,1,0,3,14,11,0
2000,OK,0,19,12,7,0,9,6,4,0,0,5,12,2,0,10,7,2,0,0,10,9,0
2001,OK,0,18,15,3,0,9,6,2,1,0,3,10,5,0,10,3,2,2,1,7,11,0
2002,OK,1,16,14,3,0,9,8,0,0,0,2,9,6,0,8,5,1,3,0,4,13,0
2003,OK,0,13,10,3,0,6,7,0,0,0,1,7,2,3,12,1,0,0,0,2,11,0
2004,OK,0,8,8,0,0,4,3,1,0,0,0,8,0,0,8,0,0,0,0,3,5,0
2005,OK,0,10,9,1,0,6,3,1,0,0,0,6,2,2,10,0,0,0,0,4,6,0
2006,OK,0,17,16,1,0,4,11,0,0,2,1,12,2,2,13,0,2,1,1,5,12,0
2007,OK,0,15,10,5,0,4,10,1,0,0,3,9,3,0,8,2,0,5,0,6,9,0
2008,OK,0,27,23,4,0,13,13,1,0,0,3,12,8,4,17,6,3,1,0,11,16,0
2009,OK,0,21,20,1,0,5,14,2,0,0,2,9,8,2,15,5,0,1,0,6,15,0
2010,OK,0,16,16,0,0,3,12,0,0,0,1,8,4,2,11,2,0,2,0,9,6,0
2011,OK,0,15,14,1,0,7,7,1,0,0,2,7,3,3,11,2,0,1,1,8,7,0
2012,OK,0,10,8,2,0,3,5,2,0,0,1,5,3,1,8,2,0,0,0,5,5,0
2013,OK,0,11,10,1,0,4,7,0,0,0,0,4,5,2,7,1,1,0,2,1,10,0
2014,OK,0,12,9,3,0,7,3,2,0,0,2,8,1,1,7,1,0,0,4,4,8,0
2015,OK,0,16,13,3,0,10,6,1,0,0,2,12,1,2,10,2,0,1,4,5,12,0
2016,OK,0,14,12,2,0,6,5,3,0,0,2,4,5,3,11,1,0,1,1,5,9,0
2017,OK,0,19,19,0,0,6,12,0,0,1,3,9,5,2,18,0,0,0,1,7,12,0
2018,OK,0,16,15,1,0,8,7,1,0,0,3,5,6,2,11,1,0,4,0,10,6,0
2019,OK,0,16,11,5,0,8,6,1,0,1,2,9,2,3,13,1,0,1,1,6,10,0
2020,OK,0,25,24,1,0,8,15,2,0,0,3,13,6,3,22,0,2,0,1,7,18,0
1980,KS,0,9,9,0,0,5,1,1,1,0,3,2,3,0,2,2,1,1,2,2,6,0
1981,KS,0,6,4,2,0,0,5,1,0,0,1,4,1,0,5,1,0,0,0,3,3,0
1982,KS,0,7,7,0,0,5,1,1,0,0,2,3,2,0,4,0,2,1,0,4,3,0
1983,KS,0,3,2,1,0,2,0,1,0,0,1,2,0,0,1,1,0,1,0,3,0,0
1984,KS,0,5,4,1,0,3,1,0,1,0,1,4,0,0,3,1,0,1,0,2,3,0
1985,KS,0,8,7,1,0,5,3,0,0,0,3,4,1,0,5,2,0,1,0,7,1,0
1986,KS,0,6,4,1,0,6,0,0,0,0,1,4,0,0,2,3,0,0,0,3,2,0
1987,KS,0,7,7,0,0,6,0,0,0,1,3,3,1,0,6,0,0,1,0,1,6,0
1989,KS,0,12,9,4,0,5,7,0,0,0,2,2,7,2,5,0,4,4,0,12,0,0
1990,KS,0,10,10,0,0,4,5,0,0,0,1,3,5,0,3,1,3,2,0,4,5,0
1991,KS,0,10,9,1,0,5,5,0,0,0,0,3,4,3,9,0,0,1,0,3,7,0
1992,KS,0,9,9,0,0,4,5,0,0,0,0,5,1,3,7,1,0,1,0,4,5,0
2001,KS,0,6,5,1,0,5,0,0,1,0,2,1,1,1,3,1,0,1,0,5,1,0
2002,KS,0,6,5,1,0,6,0,0,0,0,0,4,1,1,0,2,0,4,0,4,2,0
2003,KS,0,1,1,0,0,1,0,0,0,0,0,1,0,0,0,0,0,1,0,1,0,0
2004,KS,0,3,3,0,0,3,0,0,0,0,0,3,0,0,2,0,0,0,2,3,0,0
2005,KS,1,18,16,3,0,5,9,0,4,0,3,8,6,1,5,14,0,0,0,6,13,0
2006,KS,0,9,8,1,0,6,3,0,0,0,1,6,1,1,4,1,1,0,3,6,3,0
2007,KS,0,9,9,0,0,6,3,0,0,0,0,2,4,3,9,0,0,0,0,1,8,0
2008,KS,0,12,12,0,0,7,5,0,0,0,1,5,1,5,9,1,0,2,0,9,3,0
2009,KS,0,13,13,0,0,9,4,0,1,0,0,4,8,2,10,4,0,0,0,1,12,0
2010,KS,0,7,7,0,0,4,3,0,0,0,1,2,1,3,5,0,0,0,2,2,5,0
2011,KS,0,12,12,0,0,6,6,0,0,0,0,8,3,1,11,1,0,0,0,5,7,0
2012,KS,0,2,2,0,0,2,0,0,0,0,0,0,1,1,1,0,0,1,0,0,2,0
2013,KS,0,8,8,0,0,2,6,0,0,0,2,0,5,1,7,0,0,0,1,3,5,0
2014,KS,0,7,6,1,0,5,2,0,0,0,1,1,3,2,3,4,0,0,0,2,5,0
2015,KS,0,3,3,0,0,2,1,0,0,0,0,0,0,3,3,0,0,0,0,0,3,0
2016,KS,0,9,9,0,0,0,9,0,0,0,0,5,2,2,8,1,0,0,0,1,8,0
2017,KS,0,14,12,1,0,6,7,0,0,0,1,7,2,2,6,1,0,1,5,5,9,0
2018,KS,0,7,7,0,0,3,4,0,0,0,2,3,2,0,7,0,0,0,0,3,4,0
2019,KS,1,12,12,1,0,8,6,0,0,0,0,7,2,5,14,0,0,0,0,5,9,0
2020,KS,0,12,10,2,0,11,1,0,0,0,2,2,6,2,8,0,2,0,2,1,11,0
1980,OR,0,3,2,1,0,3,0,0,0,0,1,1,1,0,2,0,0,0,1,3,0,0
1981,OR,0,9,9,0,0,5,3,0,0,0,1,1,4,2,6,2,0,0,0,1,7,0
1982,OR,0,9,5,4,0,7,2,0,0,0,4,4,1,0,4,1,4,0,0,5,4,0
1983,OR,0,3,3,0,0,2,0,1,0,0,0,1,1,1,3,0,0,0,0,1,2,0
1984,OR,0,8,6,2,0,8,0,0,0,0,2,3,2,1,3,0,2,3,0,1,7,0
1985,OR,1,9,10,0,0,10,0,0,0,0,2,8,0,0,6,1,1,0,2,5,5,0
1986,OR,1,11,12,0,0,10,2,0,0,0,3,7,2,0,5,2,2,2,1,10,2,0
1987,OR,0,13,12,1,0,5,5,1,2,0,6,4,3,0,8,4,1,0,0,11,2,0
1988,OR,0,6,5,1,0,5,1,0,0,0,2,1,3,0,4,1,0,0,1,5,1,0
1989,OR,1,6,7,0,0,6,1,0,0,0,1,5,1,0,5,1,1,0,0,5,2,0
1990,OR,0,9,8,1,0,6,3,0,0,0,3,4,2,0,6,1,0,0,2,8,1,0
1991,OR,0,11,11,0,0,7,4,0,0,0,1,4,4,1,6,4,0,0,1,5,5,0
1992,OR,0,12,12,0,0,10,2,0,0,0,2,9,1,0,5,2,1,2,2,8,4,0
1993,OR,0,18,15,3,0,10,6,2,0,0,2,7,9,0,5,3,5,0,5,6,12,0
1994,OR,0,14,14,0,0,8,4,0,2,0,3,6,5,0,10,3,0,1,0,9,5,0
1995,OR,1,12,12,1,0,8,5,0,0,0,1,7,5,0,8,1,2,2,0,5,8,0
1996,OR,0,11,9,2,0,9,2,0,0,0,0,3,6,1,3,4,1,1,1,4,6,0
1997,OR,0,6,5,1,0,2,4,0,0,0,1,4,1,0,3,0,3,0,0,1,5,0
1998,OR,0,16,15,1,0,16,0,0,0,0,3,8,4,1,7,2,4,1,2,6,10,0
1999,OR,0,6,4,2,0,3,3,0,0,0,0,6,0,0,4,1,0,0,1,3,3,0
2000,OR,0,2,2,0,0,0,2,0,0,0,0,0,2,0,0,0,0,2,0,0,2,0
2001,OR,0,5,3,2,0,4,0,1,0,0,0,4,0,1,4,0,0,1,0,0,5,0
2002,OR,0,2,1,1,0,2,0,0,0,0,1,0,1,0,1,0,1,0,0,2,0,0
2003,OR,0,3,2,1,0,3,0,0,0,0,1,0,2,0,0,1,2,0,0,2,1,0
2004,OR,0,11,9,2,0,8,2,0,0,1,1,6,4,0,6,3,0,2,0,6,5,0
2005,OR,0,5,5,0,0,4,1,0,0,0,1,2,2,0,4,0,1,0,0,2,3,0
2006,OR,0,4,3,1,0,4,0,0,0,0,2,2,0,0,2,0,0,1,1,4,0,0
2007,OR,0,10,10,0,0,8,1,0,0,1,0,4,2,4,1,6,3,0,0,1,9,0
2008,OR,0,6,1,5,0,4,1,0,0,1,1,5,0,0,5,0,0,0,1,1,5,0
2009,OR,0,11,10,1,0,7,1,3,0,0,0,10,1,0,4,7,0,0,0,2,9,0
2010,OR,0,7,7,0,0,6,1,0,0,0,0,3,1,2,3,1,0,1,1,3,3,0
2011,OR,0,5,4,1,0,4,1,0,0,0,0,4,0,1,3,2,0,0,0,3,2,0
2012,OR,0,0,0,0,0,0,0,0,0,0,0,0,0,0,0,0,0,0,0,0,0,0
2013,OR,0,4,3,1,0,3,1,0,0,0,1,1,2,0,2,0,1,0,1,1,3,0
2014,OR,0,4,4,0,0,4,0,0,0,0,2,2,0,0,4,0,0,0,0,0,4,0
2015,OR,0,4,4,0,0,2,0,1,0,0,1,1,1,0,1,0,0,1,1,4,0,0
2016,OR,0,7,7,0,0,7,0,0,0,0,0,2,0,4,1,5,0,0,0,3,3,0
2017,OR,0,13,9,4,0,11,2,0,0,0,3,5,2,3,10,2,1,0,0,4,9,0
2018,OR,0,8,7,1,0,5,3,0,0,0,1,2,0,5,4,0,2,0,2,0,8,0
2019,OR,0,8,6,2,0,6,2,0,0,0,0,1,1,6,7,1,0,0,0,2,6,0
2020,OR,1,9,10,0,0,6,3,0,0,1,0,3,4,3,5,0,3,1,1,2,8,0
1980,PA,1,59,56,4,0,23,37,0,0,0,10,18,32,0,19,18,4,12,7,31,29,0
1981,PA,0,62,57,5,0,18,44,0,0,0,10,22,29,0,23,15,4,13,6,34,28,0
1982,PA,0,39,34,5,0,22,17,0,0,0,7,13,19,0,12,10,3,9,5,20,19,0
1983,PA,0,21,19,2,0,11,10,0,0,0,4,10,6,1,5,9,2,2,3,12,9,0
1984,PA,0,23,17,6,0,6,17,0,0,0,7,10,4,2,13,6,0,4,0,16,7,0
1985,PA,1,30,23,8,0,7,24,0,0,0,9,13,9,0,16,6,2,6,1,25,6,0
1986,PA,0,43,41,2,0,28,16,0,0,0,7,28,7,1,21,17,0,2,4,35,8,0
1987,PA,0,36,31,5,0,20,16,0,0,0,6,10,20,0,20,5,4,0,8,20,16,0
1988,PA,0,50,48,2,0,18,32,0,0,0,8,29,7,6,16,13,12,7,2,30,20,0
1989,PA,2,59,57,4,0,18,44,0,0,0,3,34,19,5,47,7,3,2,2,37,25,0
1990,PA,1,60,59,2,0,28,33,0,0,0,4,38,17,2,44,8,3,2,3,31,31,0
1991,PA,0,54,51,2,0,13,40,0,1,0,4,36,13,0,44,8,0,2,0,24,30,0
1992,PA,0,71,61,9,0,24,45,0,1,0,4,51,8,7,48,9,6,5,2,37,33,0
1993,PA,0,68,60,6,1,19,48,0,0,0,8,29,20,10,49,4,2,5,7,41,27,0
1994,PA,1,86,85,2,0,18,67,0,1,0,4,39,40,4,60,5,10,9,2,52,35,0
1995,PA,0,67,66,1,0,14,51,0,2,0,6,28,27,6,53,3,3,7,0,27,41,0
1996,PA,0,53,48,4,0,18,33,0,1,0,2,27,12,11,41,8,0,1,2,25,27,0
1997,PA,0,43,42,1,0,15,24,0,4,0,4,19,13,7,33,5,2,2,1,24,19,0
1998,PA,1,44,42,3,0,16,29,0,0,0,5,23,9,8,35,2,5,3,0,30,15,0
1999,PA,1,44,37,8,0,13,33,0,0,0,4,21,15,5,27,4,1,9,3,26,19,0
2000,PA,1,21,19,3,0,4,17,0,1,0,4,11,1,5,15,1,0,5,1,10,11,0
2001,PA,0,23,20,2,0,5,17,0,0,0,2,10,4,6,19,0,0,0,3,11,12,0
2002,PA,0,32,31,1,0,9,23,0,0,0,7,10,5,9,26,4,2,0,0,18,15,0
2003,PA,0,32,29,3,0,10,21,0,0,1,3,22,3,4,22,1,0,1,8,19,13,0
2004,PA,0,29,29,0,0,4,24,0,1,0,0,15,7,7,21,2,3,0,3,10,19,0
2005,PA,0,37,37,0,0,7,29,0,0,0,1,21,0,14,29,3,1,1,2,27,9,0
2006,PA,0,28,27,1,0,5,23,0,0,0,1,19,1,7,21,2,1,0,4,21,7,0
2007,PA,0,45,41,4,0,7,38,0,0,0,9,18,4,14,29,7,0,3,6,33,12,0
2008,PA,0,39,37,2,0,10,28,0,1,0,1,19,7,12,27,1,1,5,5,20,19,0
2009,PA,1,25,24,2,0,9,17,0,0,0,1,15,1,9,17,5,0,1,3,19,7,0
2010,PA,0,35,34,1,0,6,29,0,0,0,2,13,10,10,27,1,1,5,1,19,16,0
2011,PA,0,14,13,1,0,2,12,0,0,0,0,8,2,4,13,0,0,0,1,7,7,0
2012,PA,0,20,18,2,0,8,13,0,0,0,2,13,1,5,18,0,0,0,2,13,8,0
2013,PA,0,13,13,0,0,6,7,0,0,0,1,7,1,4,9,2,0,1,1,10,3,0
2014,PA,0,12,11,1,0,5,7,0,0,0,0,5,0,7,8,3,0,0,1,6,6,0
2015,PA,0,27,25,2,0,4,23,0,0,0,2,12,9,4,19,2,2,0,4,13,14,0
2016,PA,0,18,18,0,0,8,11,0,0,0,3,8,3,5,12,3,1,0,3,10,9,0
2017,PA,0,19,18,1,0,5,14,0,0,0,0,10,4,5,15,0,0,3,1,11,8,0
2018,PA,0,15,15,0,0,7,8,0,0,0,1,4,3,7,14,1,0,0,0,10,5,0
2019,PA,0,14,7,7,0,2,12,0,0,0,2,10,0,2,10,1,0,1,2,10,5,0
1980,KY,0,14,12,2,0,10,3,0,0,0,1,11,2,0,6,4,3,0,1,9,5,0
1981,KY,0,12,10,2,0,8,4,0,0,0,2,5,5,0,11,1,0,0,0,7,5,0
1982,KY,0,6,5,1,0,4,3,0,0,0,3,3,1,0,3,3,0,1,0,6,0,0
1983,KY,0,19,16,3,0,14,5,0,0,0,5,11,1,1,12,3,3,0,1,18,1,0
1984,KY,0,7,5,2,0,6,1,0,0,0,4,3,0,0,4,0,1,0,2,3,4,0
1985,KY,0,18,15,3,0,14,4,0,0,0,2,12,3,1,14,3,0,0,1,7,11,0
1986,KY,0,10,9,1,0,8,2,0,0,0,3,5,2,0,6,2,2,0,0,8,2,0
1989,KY,0,9,5,4,0,7,2,0,0,0,2,2,0,5,9,0,0,0,0,4,5,0
1990,KY,0,17,15,2,0,8,10,0,0,0,5,1,4,6,12,1,0,1,3,12,5,0
1991,KY,0,15,12,3,0,7,8,0,0,0,1,4,1,9,9,0,1,3,2,9,6,0
1992,KY,0,9,9,0,0,7,2,0,0,0,0,1,0,8,6,1,1,0,1,6,3,0
1993,KY,0,22,22,0,0,11,12,0,0,0,3,8,7,3,16,2,2,1,1,15,7,0
1995,KY,0,21,18,3,0,12,10,0,0,0,5,7,4,4,13,0,4,1,3,10,12,0
1996,KY,0,17,17,0,0,6,6,0,4,0,4,5,2,5,11,2,1,1,1,9,7,0
1997,KY,0,27,26,1,0,9,18,0,0,0,2,14,11,0,18,2,5,0,1,17,10,0
1998,KY,0,8,8,0,0,0,8,0,0,0,0,2,6,0,8,0,0,0,0,2,6,0
2004,KY,0,16,14,2,0,8,9,0,0,0,1,4,7,4,15,1,0,0,0,8,9,0
2005,KY,0,13,12,1,0,8,5,0,0,0,3,4,4,1,10,2,0,1,0,10,3,0
2006,KY,0,11,10,1,0,4,7,0,0,0,1,4,6,0,10,1,0,0,0,7,4,0
2007,KY,0,6,6,0,0,1,5,0,0,0,1,1,4,0,2,0,1,3,0,2,4,0
2008,KY,0,12,12,0,0,3,9,0,0,0,3,5,3,1,11,0,1,0,0,6,6,0
2009,KY,0,13,11,2,0,4,9,0,0,0,3,3,5,2,5,2,5,0,1,2,11,0
2010,KY,0,4,3,1,0,3,1,0,0,0,2,1,1,0,4,0,0,0,0,2,2,0
2011,KY,0,6,5,1,0,2,4,0,0,0,3,0,3,0,1,0,1,3,1,3,3,0
2012,KY,0,9,8,1,0,4,5,0,0,0,3,2,1,3,5,1,1,2,0,6,3,0
2013,KY,0,3,1,2,0,2,1,0,0,0,2,0,1,0,1,0,0,1,1,3,0,0
2014,KY,0,13,13,0,0,4,9,0,0,0,1,6,3,3,12,0,0,1,0,3,10,0
2015,KY,0,10,10,1,0,6,4,0,0,1,3,4,2,2,8,0,0,0,3,5,6,0
2016,KY,0,23,18,5,0,8,15,0,0,0,1,11,8,3,16,5,0,1,1,6,17,0
2017,KY,0,30,26,4,0,7,23,0,0,0,3,10,17,0,19,1,7,0,3,11,19,0
2018,KY,0,15,12,3,0,6,9,0,0,0,3,7,4,1,11,1,0,0,3,9,6,0
2019,KY,0,26,24,2,0,10,16,0,0,0,3,10,11,2,25,0,0,1,0,10,16,0
2020,KY,0,19,17,2,0,5,14,0,0,0,1,6,11,0,19,0,0,0,0,7,11,0
1980,RI,0,2,2,0,0,2,0,0,0,0,0,1,1,0,0,0,2,0,0,2,0,0
1981,RI,0,1,1,0,0,1,0,0,0,0,0,0,1,0,0,0,0,1,0,0,1,0
1982,RI,0,2,2,0,0,2,0,0,0,0,0,2,0,0,0,2,0,0,0,2,0,0
1983,RI,0,1,0,1,0,1,0,0,0,0,1,0,0,0,0,0,0,0,1,1,0,0
1984,RI,0,0,0,0,0,0,0,0,0,0,0,0,0,0,0,0,0,0,0,0,0,0
1985,RI,0,2,2,0,0,0,2,0,0,0,0,1,1,0,0,1,1,0,0,2,0,0
1986,RI,0,3,3,0,0,3,0,0,0,0,0,2,1,0,3,0,0,0,0,2,1,0
1987,RI,0,0,0,0,0,0,0,0,0,0,0,0,0,0,0,0,0,0,0,0,0,0
1988,RI,0,3,3,0,0,1,2,0,0,0,0,0,1,2,1,0,2,0,0,1,2,0
1989,RI,0,1,1,0,0,0,1,0,0,0,0,1,0,0,0,1,0,0,0,1,0,0
1990,RI,0,3,3,0,0,1,2,0,0,0,0,2,0,1,3,0,0,0,0,3,0,0
1991,RI,0,2,2,0,0,1,1,0,0,0,0,2,0,0,2,0,0,0,0,0,2,0
1992,RI,0,3,3,0,0,2,0,0,1,0,0,2,1,0,3,0,0,0,0,1,2,0
1993,RI,0,12,12,0,0,6,2,0,4,0,0,9,2,1,7,2,2,0,1,2,10,0
1994,RI,0,1,1,0,0,1,0,0,0,0,0,0,0,1,0,0,1,0,0,0,1,0
1995,RI,0,3,3,0,0,3,0,0,0,0,0,3,0,0,3,0,0,0,0,1,2,0
1996,RI,0,3,2,1,0,2,1,0,0,0,1,1,1,0,1,1,1,0,0,3,0,0
1997,RI,0,2,2,0,0,1,1,0,0,0,0,2,0,0,0,1,0,0,1,2,0,0
1998,RI,0,0,0,0,0,0,0,0,0,0,0,0,0,0,0,0,0,0,0,0,0,0
1999,RI,0,1,1,0,0,0,0,0,1,0,0,1,0,0,0,0,1,0,0,0,1,0
2000,RI,0,3,3,0,0,0,3,0,0,0,0,0,0,3,0,3,0,0,0,0,3,0
2001,RI,0,2,2,0,0,0,2,0,0,0,0,2,0,0,0,2,0,0,0,2,0,0
2002,RI,0,5,5,0,0,1,0,0,4,0,0,1,4,0,5,0,0,0,0,2,3,0
2003,RI,0,2,2,0,0,1,1,0,0,0,1,1,0,0,1,1,0,0,0,2,0,0
2004,RI,0,0,0,0,0,0,0,0,0,0,0,0,0,0,0,0,0,0,0,0,0,0
2005,RI,0,1,1,0,0,0,1,0,0,0,0,0,0,1,0,0,0,1,0,1,0,0
2006,RI,0,0,0,0,0,0,0,0,0,0,0,0,0,0,0,0,0,0,0,0,0,0
2007,RI,0,3,3,0,0,1,1,0,1,0,0,1,2,0,2,0,0,0,1,1,2,0
2008,RI,0,5,4,1,0,0,0,0,5,0,0,0,5,0,5,0,0,0,0,0,5,0
2009,RI,0,0,0,0,0,0,0,0,0,0,0,0,0,0,0,0,0,0,0,0,0,0
2010,RI,0,0,0,0,0,0,0,0,0,0,0,0,0,0,0,0,0,0,0,0,0,0
2011,RI,0,1,0,1,0,0,0,1,0,0,0,0,0,1,1,0,0,0,0,0,1,0
2012,RI,0,2,2,0,0,0,2,0,0,0,0,0,0,2,2,0,0,0,0,0,2,0
2013,RI,0,1,1,0,0,0,1,0,0,0,0,0,0,1,1,0,0,0,0,0,1,0
2014,RI,0,2,2,0,0,0,2,0,0,0,0,1,0,1,1,1,0,0,0,1,1,0
2015,RI,0,2,2,0,0,0,2,0,0,0,0,2,0,0,2,0,0,0,0,0,2,0
2016,RI,0,0,0,0,0,0,0,0,0,0,0,0,0,0,0,0,0,0,0,0,0,0
2017,RI,0,2,2,0,0,2,0,0,0,0,0,1,0,1,2,0,0,0,0,0,2,0
2018,RI,0,1,1,0,0,1,0,0,0,0,0,0,0,1,1,0,0,0,0,1,0,0
2019,RI,0,6,6,0,0,5,1,0,0,0,0,2,4,0,2,0,0,4,0,0,6,0
2020,RI,0,1,0,1,0,0,0,0,0,1,0,0,0,1,1,0,0,0,0,0,1,0
1980,LA,0,32,32,0,0,6,25,0,0,0,5,16,9,1,16,10,4,0,1,29,3,0
1981,LA,0,35,29,5,0,11,24,0,0,0,4,20,11,0,18,10,3,1,2,23,12,0
1982,LA,1,23,23,1,0,6,19,0,0,0,0,15,8,1,13,8,1,1,1,21,3,0
1983,LA,0,22,17,5,0,6,16,0,0,0,5,9,7,1,14,6,1,0,1,19,2,0
1984,LA,0,24,18,6,0,9,15,0,0,0,3,14,6,1,17,6,0,0,1,17,7,0
1985,LA,0,15,14,1,0,6,9,0,0,0,1,2,11,0,9,3,1,0,1,7,8,0
1986,LA,0,35,34,1,0,7,28,0,0,0,4,16,12,2,27,7,1,0,0,25,10,0
1987,LA,1,19,19,1,0,1,19,0,0,0,3,15,3,0,12,1,1,0,6,10,11,0
1988,LA,0,35,35,0,0,12,23,0,0,0,3,24,3,3,29,5,1,0,0,29,6,0
1989,LA,2,56,52,7,0,9,49,0,0,0,9,39,8,2,41,13,2,2,0,37,22,0
1990,LA,0,73,65,9,0,14,60,0,0,0,4,43,26,0,51,5,16,0,1,36,37,0
1992,LA,1,69,65,4,0,4,65,0,0,0,6,42,22,0,58,4,3,2,1,48,21,0
1993,LA,1,77,72,6,0,10,68,0,0,0,5,51,18,5,68,1,0,5,5,37,41,0
1994,LA,0,83,79,4,0,16,66,0,1,0,3,50,23,7,66,4,3,5,4,42,42,0
1995,LA,0,68,62,6,0,8,59,0,0,1,8,34,16,9,56,4,1,6,1,39,29,0
1996,LA,0,69,66,3,0,5,61,0,3,0,5,50,12,2,57,6,1,3,2,28,42,0
1997,LA,0,58,55,3,0,5,49,0,3,0,6,32,15,4,43,9,1,3,2,30,28,0
1998,LA,0,31,31,0,0,5,26,0,0,0,1,18,9,3,23,3,3,1,1,19,12,0
1999,LA,0,20,17,3,0,2,18,0,0,0,2,10,6,1,12,3,1,2,1,9,10,0
2000,LA,0,27,26,1,0,5,22,0,0,0,7,8,9,2,17,5,0,3,2,15,13,0
2001,LA,0,13,13,0,0,1,12,0,0,0,2,7,4,0,9,3,0,0,1,4,9,0
2002,LA,0,30,26,4,0,9,21,0,0,0,2,20,3,4,18,4,1,5,1,10,20,0
2003,LA,0,23,19,3,0,1,20,0,1,0,2,12,5,3,14,2,1,2,3,10,12,0
2004,LA,0,30,28,2,0,1,29,0,0,0,1,11,15,2,22,3,2,2,1,18,12,0
2005,LA,0,21,20,1,0,0,21,0,0,0,0,12,3,6,18,2,0,0,1,14,8,0
2006,LA,0,58,56,1,0,7,49,0,2,0,3,28,17,9,48,4,4,1,0,23,35,0
2007,LA,0,42,41,1,0,2,40,0,0,0,3,11,9,19,38,3,0,0,1,23,19,0
2008,LA,0,24,23,1,0,1,23,0,0,0,1,15,3,5,19,4,0,0,1,11,13,0
2009,LA,0,37,35,2,0,4,32,0,0,0,3,16,10,8,31,1,1,1,2,22,15,0
2010,LA,0,49,47,2,0,4,45,0,0,0,1,13,16,19,39,4,0,4,1,19,31,0
2011,LA,0,20,18,2,0,1,19,0,0,0,0,6,4,10,18,2,0,0,0,11,10,0
2012,LA,0,25,25,0,0,2,23,0,0,0,1,7,15,2,21,1,0,3,0,11,15,0
2013,LA,0,23,22,1,0,2,21,0,0,0,3,15,3,1,19,3,0,1,0,15,8,0
2014,LA,0,26,26,0,0,7,19,0,0,0,5,14,3,3,20,1,0,2,2,16,9,0
2015,LA,0,25,25,0,0,2,23,0,0,0,2,13,4,6,22,3,0,0,0,14,11,0
2016,LA,0,25,24,1,0,4,21,0,0,0,2,10,5,8,18,0,0,3,4,13,12,0
2017,LA,1,33,30,4,0,2,32,0,0,0,3,18,4,9,27,1,1,4,1,16,19,0
2018,LA,0,41,38,3,0,5,36,0,0,0,1,16,4,19,36,3,0,1,1,15,25,0
2019,LA,0,33,32,1,0,2,30,0,1,0,4,10,4,15,29,2,0,0,2,19,15,0
2020,LA,1,45,42,4,0,7,39,0,0,0,4,21,2,19,43,1,0,1,1,17,29,0
1980,SC,0,16,15,1,0,11,5,0,0,0,3,10,3,0,9,4,1,2,0,11,5,0
1981,SC,0,16,14,2,0,10,6,0,0,0,4,9,3,0,10,6,0,0,0,11,5,0
1982,SC,0,13,9,4,0,8,5,0,0,0,2,10,1,0,8,3,2,0,0,8,5,0
1983,SC,0,8,6,2,0,2,6,0,0,0,1,4,3,0,4,3,0,0,1,4,4,0
1984,SC,0,10,8,2,0,3,7,0,0,0,4,4,1,1,6,3,0,0,1,7,3,0
1985,SC,0,19,17,2,0,5,14,0,0,0,3,5,9,2,13,3,1,1,1,10,9,0
1986,SC,0,19,19,0,0,11,8,0,0,0,6,6,7,0,13,4,2,0,0,13,6,0
1987,SC,1,23,20,4,0,7,16,0,0,0,3,12,5,3,14,5,3,0,1,16,7,0
1988,SC,0,22,20,2,0,6,16,0,0,0,5,9,3,5,17,3,1,1,0,9,13,0
1989,SC,2,22,22,2,0,11,13,0,0,0,5,11,4,4,15,1,3,4,1,9,15,0
1990,SC,1,31,30,2,0,8,24,0,0,0,5,17,8,2,18,6,3,2,3,22,10,0
1991,SC,0,47,46,1,0,4,42,0,0,0,3,24,14,5,34,4,6,1,1,16,31,0
1992,SC,0,51,49,2,0,3,48,0,0,0,2,22,24,2,41,3,1,6,0,12,39,0
1993,SC,0,59,56,3,0,5,54,0,0,0,4,35,18,2,51,1,3,1,3,17,42,0
1994,SC,0,78,70,8,0,12,66,0,0,0,6,35,23,14,69,3,0,0,6,17,61,0
1995,SC,1,47,44,4,0,8,40,0,0,0,2,25,17,4,36,5,1,4,2,14,34,0
1996,SC,0,44,41,3,0,4,40,0,0,0,3,21,14,6,34,6,1,1,2,16,28,0
1997,SC,0,71,65,6,0,19,49,0,3,0,8,25,25,14,51,5,0,10,5,19,52,0
1998,SC,1,41,35,7,0,8,34,0,0,0,8,15,10,9,31,4,1,2,4,11,31,0
1999,SC,1,45,43,4,0,10,36,0,0,0,2,22,10,12,33,4,4,2,4,5,42,0
2000,SC,0,24,21,2,0,5,19,0,0,0,5,8,9,2,20,2,0,1,1,6,17,0
2001,SC,0,21,18,3,0,4,17,0,0,0,4,8,8,1,17,0,1,2,1,6,15,0
2002,SC,0,29,26,3,0,10,19,0,0,0,1,13,10,6,21,3,3,0,2,3,26,0
2003,SC,0,38,34,4,0,3,35,0,0,0,4,12,17,5,31,2,1,1,3,7,31,0
2004,SC,0,27,24,3,0,4,22,0,0,1,3,12,8,4,18,3,0,1,5,5,22,0
2005,SC,0,32,28,4,0,4,28,0,0,0,2,16,11,3,23,5,1,1,2,2,30,0
2006,SC,0,42,35,7,0,6,34,0,2,0,1,12,16,13,35,1,0,0,6,5,37,0
2007,SC,0,46,41,5,0,3,43,0,0,0,2,22,15,7,35,7,1,0,3,7,39,0
2008,SC,0,40,39,1,0,3,37,0,0,0,2,26,10,2,34,3,1,2,0,12,28,0
2009,SC,0,41,39,2,0,5,36,0,0,0,6,17,8,9,33,4,1,3,0,8,33,0
2010,SC,0,36,27,8,0,6,29,0,0,0,2,18,9,6,27,0,2,5,1,2,33,0
2011,SC,0,34,30,4,0,10,24,0,0,0,5,18,2,9,31,2,0,1,0,7,27,0
2012,SC,0,17,16,1,0,1,16,0,0,0,0,9,3,5,17,0,0,0,0,2,15,0
2013,SC,0,36,33,3,0,9,27,0,0,0,4,11,4,18,31,3,0,1,1,11,25,0
2014,SC,0,27,25,2,0,6,21,0,0,0,1,16,4,6,22,3,0,1,1,9,18,0
2015,SC,0,31,29,2,0,7,23,0,0,1,4,20,1,6,25,2,0,3,1,11,20,0
2016,SC,0,50,46,4,0,8,42,0,0,0,1,17,11,21,49,0,0,0,1,11,39,0
2017,SC,0,34,32,2,0,4,30,0,0,0,1,11,6,16,28,3,2,0,1,6,28,0
2018,SC,0,50,43,7,0,7,43,0,0,0,3,20,10,17,47,1,0,0,2,11,39,0
2019,SC,0,55,50,4,0,8,46,0,0,0,0,32,4,19,55,0,0,0,0,7,47,0
2020,SC,1,47,42,6,0,6,42,0,0,0,4,23,10,11,40,5,0,1,2,10,38,0
1980,ME,0,0,0,0,0,0,0,0,0,0,0,0,0,0,0,0,0,0,0,0,0,0
1981,ME,0,1,1,0,0,1,0,0,0,0,1,0,0,0,1,0,0,0,0,1,0,0
1982,ME,0,2,2,0,0,2,0,0,0,0,0,2,0,0,1,0,1,0,0,2,0,0
1983,ME,0,1,1,0,0,1,0,0,0,0,0,0,1,0,0,1,0,0,0,1,0,0
1984,ME,0,4,4,0,0,4,0,0,0,0,1,0,3,0,1,0,0,3,0,1,3,0
1985,ME,0,1,0,1,0,1,0,0,0,0,1,0,0,0,1,0,0,0,0,1,0,0
1986,ME,0,2,2,0,0,2,0,0,0,0,0,2,0,0,1,0,0,1,0,2,0,0
1987,ME,0,1,0,1,0,1,0,0,0,0,1,0,0,0,0,1,0,0,0,1,0,0
1988,ME,1,4,5,0,0,5,0,0,0,0,1,3,1,0,2,0,0,0,3,5,0,0
1989,ME,1,1,1,1,0,2,0,0,0,0,2,0,0,0,0,1,0,0,1,2,0,0
1990,ME,0,0,0,0,0,0,0,0,0,0,0,0,0,0,0,0,0,0,0,0,0,0
1994,ME,0,1,1,0,0,1,0,0,0,0,1,0,0,0,0,1,0,0,0,1,0,0
1995,ME,0,0,0,0,0,0,0,0,0,0,0,0,0,0,0,0,0,0,0,0,0,0
1996,ME,0,1,1,0,0,1,0,0,0,0,1,0,0,0,1,0,0,0,0,1,0,0
1997,ME,0,3,3,0,0,2,0,0,1,0,0,3,0,0,1,1,0,1,0,3,0,0
1998,ME,0,1,1,0,0,0,0,0,1,0,0,1,0,0,0,1,0,0,0,1,0,0
1999,ME,0,1,1,0,0,1,0,0,0,0,0,1,0,0,0,1,0,0,0,1,0,0
2000,ME,0,1,0,1,0,1,0,0,0,0,0,1,0,0,0,0,0,0,1,1,0,0
2001,ME,0,0,0,0,0,0,0,0,0,0,0,0,0,0,0,0,0,0,0,0,0,0
2002,ME,0,0,0,0,0,0,0,0,0,0,0,0,0,0,0,0,0,0,0,0,0,0
2003,ME,0,0,0,0,0,0,0,0,0,0,0,0,0,0,0,0,0,0,0,0,0,0
2004,ME,0,0,0,0,0,0,0,0,0,0,0,0,0,0,0,0,0,0,0,0,0,0
2005,ME,0,1,1,0,0,1,0,0,0,0,0,1,0,0,0,0,1,0,0,1,0,0
2006,ME,0,0,0,0,0,0,0,0,0,0,0,0,0,0,0,0,0,0,0,0,0,0
2007,ME,0,0,0,0,0,0,0,0,0,0,0,0,0,0,0,0,0,0,0,0,0,0
2008,ME,0,0,0,0,0,0,0,0,0,0,0,0,0,0,0,0,0,0,0,0,0,0
2009,ME,0,1,1,0,0,1,0,0,0,0,1,0,0,0,0,0,0,1,0,1,0,0
2010,ME,0,0,0,0,0,0,0,0,0,0,0,0,0,0,0,0,0,0,0,0,0,0
2011,ME,0,0,0,0,0,0,0,0,0,0,0,0,0,0,0,0,0,0,0,0,0,0
2012,ME,1,0,0,1,0,1,0,0,0,0,0,1,0,0,0,0,0,1,0,1,0,0
2013,ME,0,0,0,0,0,0,0,0,0,0,0,0,0,0,0,0,0,0,0,0,0,0
2014,ME,0,0,0,0,0,0,0,0,0,0,0,0,0,0,0,0,0,0,0,0,0,0
2015,ME,0,2,2,0,0,2,0,0,0,0,2,0,0,0,0,2,0,0,0,1,1,0
2016,ME,0,1,1,0,0,1,0,0,0,0,1,0,0,0,0,1,0,0,0,1,0,0
2017,ME,0,1,1,0,0,1,0,0,0,0,1,0,0,0,0,0,0,1,0,1,0,0
2018,ME,0,3,3,0,0,3,0,0,0,0,2,1,0,0,0,2,0,1,0,1,2,0
2019,ME,0,0,0,0,0,0,0,0,0,0,0,0,0,0,0,0,0,0,0,0,0,0
2020,ME,0,0,0,0,0,0,0,0,0,0,0,0,0,0,0,0,0,0,0,0,0,0
1980,NH,0,2,2,0,0,2,0,0,0,0,0,2,0,0,1,0,0,1,0,2,0,0
1981,NH,0,0,0,0,0,0,0,0,0,0,0,0,0,0,0,0,0,0,0,0,0,0
1982,NH,0,0,0,0,0,0,0,0,0,0,0,0,0,0,0,0,0,0,0,0,0,0
1983,NH,0,1,1,0,0,1,0,0,0,0,0,1,0,0,1,0,0,0,0,1,0,0
1984,NH,0,0,0,0,0,0,0,0,0,0,0,0,0,0,0,0,0,0,0,0,0,0
1985,NH,0,0,0,0,0,0,0,0,0,0,0,0,0,0,0,0,0,0,0,0,0,0
1986,NH,0,1,1,0,0,1,0,0,0,0,0,1,0,0,1,0,0,0,0,1,0,0
1987,NH,0,5,5,0,0,5,0,0,0,0,0,5,0,0,2,2,0,0,1,4,1,0
1988,NH,0,3,3,0,0,2,1,0,0,0,0,3,0,0,0,2,1,0,0,1,2,0
1989,NH,0,1,0,1,0,1,0,0,0,0,1,0,0,0,0,0,0,1,0,1,0,0
1990,NH,0,3,3,0,0,3,0,0,0,0,0,0,3,0,3,0,0,0,0,0,3,0
1991,NH,1,1,2,0,0,2,0,0,0,0,1,0,1,0,2,0,0,0,0,2,0,0
1992,NH,0,0,0,0,0,0,0,0,0,0,0,0,0,0,0,0,0,0,0,0,0,0
1993,NH,0,1,1,0,0,1,0,0,0,0,0,1,0,0,1,0,0,0,0,1,0,0
1994,NH,0,0,0,0,0,0,0,0,0,0,0,0,0,0,0,0,0,0,0,0,0,0
1995,NH,0,2,2,0,0,1,0,0,0,1,1,1,0,0,1,0,0,1,0,2,0,0
1996,NH,0,3,3,0,0,3,0,0,0,0,2,1,0,0,2,1,0,0,0,1,2,0
1998,NH,0,0,0,0,0,0,0,0,0,0,0,0,0,0,0,0,0,0,0,0,0,0
1999,NH,0,0,0,0,0,0,0,0,0,0,0,0,0,0,0,0,0,0,0,0,0,0
2000,NH,0,0,0,0,0,0,0,0,0,0,0,0,0,0,0,0,0,0,0,0,0,0
2001,NH,0,3,3,0,0,3,0,0,0,0,0,0,3,0,0,2,0,1,0,0,3,0
2002,NH,0,0,0,0,0,0,0,0,0,0,0,0,0,0,0,0,0,0,0,0,0,0
2003,NH,0,0,0,0,0,0,0,0,0,0,0,0,0,0,0,0,0,0,0,0,0,0
2004,NH,0,0,0,0,0,0,0,0,0,0,0,0,0,0,0,0,0,0,0,0,0,0
2005,NH,0,0,0,0,0,0,0,0,0,0,0,0,0,0,0,0,0,0,0,0,0,0
2006,NH,0,0,0,0,0,0,0,0,0,0,0,0,0,0,0,0,0,0,0,0,0,0
2007,NH,0,0,0,0,0,0,0,0,0,0,0,0,0,0,0,0,0,0,0,0,0,0
2008,NH,0,2,1,1,0,2,0,0,0,0,0,2,0,0,0,2,0,0,0,0,2,0
2009,NH,0,2,2,0,0,2,0,0,0,0,0,0,2,0,0,2,0,0,0,0,2,0
2010,NH,0,0,0,0,0,0,0,0,0,0,0,0,0,0,0,0,0,0,0,0,0,0
2011,NH,0,0,0,0,0,0,0,0,0,0,0,0,0,0,0,0,0,0,0,0,0,0
2012,NH,0,0,0,0,0,0,0,0,0,0,0,0,0,0,0,0,0,0,0,0,0,0
2013,NH,0,0,0,0,0,0,0,0,0,0,0,0,0,0,0,0,0,0,0,0,0,0
2014,NH,0,0,0,0,0,0,0,0,0,0,0,0,0,0,0,0,0,0,0,0,0,0
2015,NH,0,1,1,0,0,1,0,0,0,0,0,0,1,0,0,1,0,0,0,0,1,0
2016,NH,0,4,4,0,0,4,0,0,0,0,0,4,0,0,4,0,0,0,0,0,4,0
2017,NH,0,2,2,0,0,2,0,0,0,0,0,2,0,0,2,0,0,0,0,2,0,0
2018,NH,0,0,0,0,0,0,0,0,0,0,0,0,0,0,0,0,0,0,0,0,0,0
2019,NH,1,2,3,0,0,2,0,0,0,1,3,0,0,0,1,2,0,0,0,3,0,0
2020,NH,0,0,0,0,0,0,0,0,0,0,0,0,0,0,0,0,0,0,0,0,0,0
1980,NJ,0,56,54,2,0,28,29,0,0,0,3,19,34,1,22,8,18,4,5,26,31,0
1981,NJ,1,47,47,1,0,14,34,0,0,0,3,10,27,8,21,10,8,8,1,18,30,0
1982,NJ,0,55,51,4,0,19,36,0,0,0,4,16,28,7,13,15,13,7,7,17,38,0
1983,NJ,0,34,32,2,0,11,23,0,0,0,3,17,10,4,9,7,12,6,0,16,18,0
1984,NJ,0,26,23,3,0,5,19,0,0,2,2,9,12,3,9,7,3,3,3,14,13,0
1985,NJ,1,37,36,2,0,8,30,0,0,0,3,9,21,5,17,5,9,4,3,15,23,0
1986,NJ,0,34,33,1,0,10,23,0,0,0,2,11,19,1,16,9,3,4,1,11,22,0
1987,NJ,2,36,35,3,0,12,25,1,0,0,7,11,16,4,15,9,4,6,4,17,21,0
1988,NJ,0,40,39,1,0,12,29,0,0,0,2,25,12,2,24,8,3,2,4,16,25,0
1989,NJ,0,34,33,1,0,14,20,0,0,0,4,21,8,1,21,8,4,1,0,15,19,0
1990,NJ,0,42,38,3,1,18,24,0,0,0,3,12,27,0,15,13,4,7,3,22,20,0
1991,NJ,0,49,47,2,0,12,37,0,0,0,2,22,21,4,26,6,5,9,3,24,25,0
1992,NJ,0,50,48,3,0,16,35,0,0,0,4,16,29,2,33,8,2,4,4,20,31,0
1993,NJ,0,52,49,3,0,7,42,0,0,3,1,26,19,6,31,8,8,3,2,12,40,0
1994,NJ,1,37,36,2,0,10,27,0,1,0,3,11,17,7,28,5,2,1,2,25,13,0
1995,NJ,0,45,43,2,0,12,33,0,0,0,1,20,15,9,33,4,1,4,3,28,17,0
1996,NJ,1,38,37,2,0,5,32,0,1,0,1,11,12,14,22,2,1,9,4,17,21,0
1997,NJ,0,39,36,3,0,17,22,0,0,1,4,23,6,7,24,2,6,3,4,19,21,0
1998,NJ,1,24,23,2,0,9,16,0,0,0,1,11,8,5,15,1,2,4,3,13,12,0
1999,NJ,0,17,14,3,0,4,13,0,0,0,2,7,4,4,8,6,0,3,0,15,2,0
2000,NJ,1,15,11,5,0,5,11,0,0,0,5,6,1,4,6,5,0,1,4,12,4,0
2001,NJ,0,27,23,4,0,6,21,0,0,0,1,4,17,5,8,6,0,12,1,11,16,0
2002,NJ,0,16,15,1,0,4,12,0,0,0,2,7,5,2,11,3,1,1,0,10,6,0
2003,NJ,1,25,24,2,0,8,18,0,0,0,4,5,14,3,12,5,5,3,1,10,16,0
2004,NJ,0,25,25,0,0,10,15,0,0,0,0,6,15,4,14,5,4,2,0,13,12,0
2005,NJ,0,25,24,1,0,7,18,0,0,0,3,5,15,2,9,1,9,5,1,12,13,0
2006,NJ,0,26,23,2,1,5,20,0,0,1,2,9,12,3,14,9,1,2,0,19,7,0
2007,NJ,0,37,36,1,0,8,29,0,0,0,1,15,21,0,20,4,4,8,1,14,23,0
2008,NJ,0,23,20,3,0,9,14,0,0,0,3,10,8,2,12,5,3,2,1,11,12,0
2009,NJ,0,26,25,1,0,4,22,0,0,0,3,6,15,2,11,2,11,1,1,10,16,0
2010,NJ,0,21,20,1,0,5,16,0,0,0,0,6,14,1,12,0,0,9,0,6,15,0
2011,NJ,0,16,16,0,0,3,13,0,0,0,1,4,8,3,8,1,1,6,0,8,8,0
2012,NJ,0,19,18,1,0,7,12,0,0,0,0,9,6,4,9,6,0,1,3,8,11,0
2013,NJ,0,18,18,0,0,0,17,0,1,0,1,6,10,1,11,1,0,5,1,9,9,0
2014,NJ,0,6,5,1,0,2,4,0,0,0,1,3,1,1,4,0,0,2,0,6,0,0
2015,NJ,0,12,11,1,0,4,8,0,0,0,0,5,3,4,11,1,0,0,0,7,5,0
2016,NJ,0,14,13,1,0,3,11,0,0,0,0,2,5,7,12,2,0,0,0,8,6,0
2017,NJ,0,12,12,0,0,6,6,0,0,0,3,2,6,1,11,1,0,0,0,6,6,0
2018,NJ,0,15,13,2,0,9,6,0,0,0,1,2,9,3,12,0,0,2,1,10,5,0
2019,NJ,0,14,14,0,0,3,11,0,0,0,2,9,1,2,11,3,0,0,0,8,6,0
2020,NJ,1,12,12,1,0,2,11,0,0,0,0,2,4,7,8,1,0,1,3,6,7,0