Year,State,Less than a high school diploma,High school diploma only,Percent of adults with less than a high school diploma,Percent of adults with a high school diploma only
1980,AL,5254,2611,59.5,29.6
1980,AL,11666,7011,53.9,32.4
1980,AL,9678,5578,54,31.1
1980,AL,141531,132921,35.3,33.1
1980,AL,11841,7947,50.1,33.6
1980,AL,13473,11735,36.4,31.7
1980,AL,21870,12652,54.4,31.5
1980,AZ,220040,307465,25,34.9
1980,AZ,22493,16011,45,32
1980,AR,13778,7451,53.8,29.1
1980,CA,162536,215093,24,31.7
1980,CA,73252,129454,18.3,32.3
1980,CA,10246,20478,18.8,37.7
1980,CA,1336041,1336165,30.2,30.2
1980,CA,15133,36832,10.1,24.6
1980,CA,221997,360814,19.6,31.9
1980,CA,16277,26147,22.6,36.2
1980,CA,125066,139431,31.1,34.7
1980,CA,102522,159194,22,34.2
1980,CA,6015,3696,43.5,26.7
1980,CA,146148,180774,29,35.8
1980,CA,236104,355635,22,33.1
1980,CA,124793,120456,26,25.1
1980,CA,69840,119239,18.4,31.5
1980,CA,154450,217564,20.5,28.9
1980,CA,16314,17837,26.5,29
1980,CO,34675,57185,26.5,43.7
1980,CO,19523,54421,11.4,31.8
1980,CO,546,1531,12.3,34.5
1980,CO,78298,93134,25.3,30.1
1980,CO,1665,5191,11.5,35.7
1980,CO,938,1796,23.3,44.7
1980,CO,206,527,13,33.2
1980,CO,29824,78198,13.8,36.1
1980,CO,571,1228,17.7,38
1980,CT,150629,172412,30.3,34.7
1980,CT,21520,28988,26.9,36.2
1980,CT,14661,22798,23.2,36.1
1980,DE,63865,82914,27.6,35.9
1980,DC,131277,101817,32.9,25.5
1980,FL,4057,2903,49.3,35.3
1980,FL,207702,263549,29.6,37.5
1980,FL,9901,14533,26.3,38.6
1980,FL,109223,117321,33.2,35.7
1980,FL,12676,11954,40.1,37.8
1980,FL,131178,134571,34.2,35
1980,FL,27532,25201,38.2,34.9
1980,FL,377497,319136,36,30.4
1980,FL,7654,6886,41.9,37.7
1980,FL,81017,99504,29.6,36.3
1980,FL,11978,11738,38.6,37.8
1980,FL,116364,140957,29.3,35.5
1980,FL,63432,52929,44.2,36.9
1980,FL,166139,189108,31.7,36.1
1980,FL,10830,11227,34,35.3
1980,FL,25723,39010,23.8,36.1
1980,GA,7656,2683,62.3,21.8
1980,GA,14009,5948,60.1,25.5
1980,GA,4295,2228,56.4,29.3
1980,GA,16452,8145,53.1,26.3
1980,GA,13980,8768,47.9,30.1
1980,GA,27152,32632,33.5,40.2
1980,GA,48227,53420,27.7,30.7
1980,GA,12251,6038,53.9,26.5
1980,GA,1790,724,63.3,25.6
1980,GA,65035,79330,23.1,28.2
1980,GA,12754,10953,42.6,36.6
1980,GA,4524,6304,26.7,37.2
1980,GA,7848,4914,49.2,30.8
1980,GA,118339,92138,34,26.5
1980,GA,26891,31351,28.3,32.9
1980,GA,6380,2888,58,26.2
1980,GA,2426,849,64.5,22.6
1980,GA,9559,6936,45.6,33.1
1980,GA,2583,1071,58.6,24.3
1980,GA,3834,1914,54.3,27.1
1980,GA,7191,2966,60.6,25
1980,GA,3780,1405,58.9,21.9
1980,GA,10480,5242,54.9,27.5
1980,GA,8529,4380,58.3,30
1980,GA,4368,1591,62.1,22.6
1980,GA,2771,1503,53.1,28.8
1980,GA,7594,7420,36.6,35.7
1980,GA,15244,7064,55.6,25.8
1980,GA,10836,4124,62,23.6
1980,IL,4273,3298,44.7,34.5
1980,IL,1940,1224,53.2,33.6
1980,IL,8073,6933,44.7,38.4
1980,IL,1112739,976980,35.7,31.4
1980,IL,8983,13493,24.8,37.2
1980,IL,64804,128369,16.9,33.4
1980,IL,5874,8216,33.3,46.5
1980,IL,4721,4665,40.7,40.3
1980,IL,45904,58491,29.4,37.5
1980,IL,4730,9602,23.1,46.9
1980,IL,55019,83230,22.4,33.9
1980,IL,21371,33936,25.1,39.9
1980,IL,11982,13031,39.7,43.2
1980,IL,54604,57481,37.2,39.1
1980,IL,4803,5085,40.2,42.6
1980,IL,60955,50382,40.9,33.8
1980,IL,52832,71149,29.8,40.2
1980,IN,5517,9823,25.5,45.4
1980,IN,2492,2815,33.4,37.7
1980,IN,18465,20752,36.4,40.9
1980,IN,7710,8289,39.3,42.2
1980,IN,13438,14581,37.4,40.6
1980,IN,9188,17755,19.4,37.4
1980,IN,6615,12117,26.5,48.6
1980,IN,5793,7073,37.5,45.8
1980,IN,9360,18954,23.6,47.7
1980,IN,4953,6278,35.7,45.2
1980,IN,12611,19171,29.2,44.3
1980,IN,106435,119450,36.7,41.1
1980,IN,28805,35915,35.5,44.2
1980,IN,144440,163470,32.5,36.8
1980,IN,10247,13362,35.1,45.7
1980,IN,2963,3882,35.2,46.2
1980,IN,1385,1252,45.8,41.4
1980,IN,16517,29631,25.5,45.7
1980,IN,4900,7862,30,48.1
1980,IN,5842,4173,51.4,36.7
1980,IN,8416,10431,36.6,45.3
1980,IN,1495,1717,37.8,43.4
1980,IN,5996,4890,48,39.1
1980,KS,18245,52591,11.2,32.3
1980,KS,8897,12950,27.9,40.5
1980,KS,1989,2378,36.7,43.9
1980,KS,4145,5999,31.6,45.7
1980,KS,37420,38924,38.2,39.7
1980,KY,8706,10418,34.7,41.5
1980,KY,2606,1542,56.3,33.3
1980,KY,10428,8722,47,39.3
1980,KY,21188,17129,44.4,35.9
1980,KY,1569,827,56.8,30
1980,KY,3889,2729,51,35.8
1980,KY,3816,2766,49.1,35.6
1980,KY,147961,139211,36.4,34.2
1980,KY,32000,27188,41,34.8
1980,KY,4761,5700,30.7,36.7
1980,KY,3278,2271,52.5,36.4
1980,KY,6249,4950,44.9,35.6
1980,KY,2084,1035,60.3,30
1980,KY,1878,1397,50.8,37.8
1980,LA,80049,91132,31.6,35.9
1980,LA,130101,86770,40.8,27.2
1980,LA,6558,4579,49.6,34.6
1980,LA,15216,15084,42.4,42
1980,LA,7864,7062,41.1,36.9
1980,LA,5221,3679,48.9,34.5
1980,LA,6758,5763,42.3,36.1
1980,LA,19841,19832,32.2,32.1
1980,MD,62985,77965,29.5,36.5
1980,MD,130396,142928,31.7,34.8
1980,MD,6929,7882,35.4,40.2
1980,MD,21748,20184,38.2,35.4
1980,MD,14327,12190,41.6,35.4
1980,MD,11888,15864,31,41.4
1980,MD,24247,22441,36.6,33.8
1980,MD,25402,30006,30.9,36.5
1980,MD,11874,18368,16.9,26.2
1980,MD,45819,91040,12.7,25.2
1980,MD,83035,140142,22.6,38.1
1980,MD,6982,4990,44.3,31.7
1980,MD,240522,124378,51.6,26.7
1980,MA,135496,87774,47.4,30.7
1980,MA,105515,147046,27,37.7
1980,MA,187100,291578,22.6,35.2
1980,MA,67598,143138,18,38.2
1980,MA,53415,96757,22.9,41.4
1980,MA,124607,139300,32.2,36
1980,MI,12050,16743,32.5,45.2
1980,MI,12571,23967,22.7,43.3
1980,MI,122343,167881,30.8,42.3
1980,MI,133121,210859,22.2,35.1
1980,MI,27276,32483,35,41.6
1980,MI,521105,476819,38.6,35.3
1980,MN,20205,49344,19.9,48.6
1980,MN,5404,8431,27,42.1
1980,MN,4580,6309,31.7,43.7
1980,MN,17125,44243,16.4,42.3
1980,MN,104423,202957,18.3,35.6
1980,MN,4543,5491,34.9,42.2
1980,MN,4509,5418,33.5,40.3
1980,MN,4577,4108,42.4,38
1980,MN,61097,101478,22.8,37.9
1980,MN,5986,10056,25.9,43.6
1980,MN,4179,6576,27.1,42.6
1980,MN,4187,3404,45.4,36.9
1980,MN,10474,26712,17.1,43.6
1980,MN,9668,14216,30.9,45.5
1980,MS,2690,1125,61.1,25.5
1980,MS,12088,10805,42,37.5
1980,MS,8371,3770,56.6,25.5
1980,MS,5231,2816,50.3,27.1
1980,MS,3168,707,69.2,15.4
1980,MO,4305,4202,42.3,41.3
1980,MO,2112,2467,38.2,44.6
1980,MO,8721,13238,30,45.5
1980,MO,18676,34950,23.3,43.6
1980,MO,3027,4257,31.9,44.8
1980,MO,19018,14709,47.5,36.7
1980,MO,110493,144540,29.3,38.3
1980,MO,32544,32402,40.6,40.4
1980,MO,7265,7609,39.1,41
1980,MO,6191,5175,47.3,39.5
1980,MO,5407,11032,20.2,41.2
1980,MO,4993,5689,38.9,44.4
1980,MO,22566,32945,28.7,41.8
1980,MO,153870,201445,26.1,34.2
1980,MO,4189,3343,46.4,37
1980,MO,141644,74858,51.8,27.4
1980,NV,70724,112427,26,41.3
1980,NH,25435,44088,22.7,39.3
1980,NH,13876,17221,30,37.2
1980,NJ,145167,194892,26.3,35.3
1980,NJ,52871,82699,25.7,40.1
1980,NJ,95875,102206,34.5,36.8
1980,NJ,189992,165430,37.2,32.4
1980,NJ,38464,46106,33.8,40.6
1980,NJ,166251,107972,48.5,31.5
1980,NJ,12652,19602,23.9,37
1980,NJ,106372,138350,30,39
1980,NJ,79313,111433,26,36.5
1980,NJ,48894,86139,19.8,34.9
1980,NJ,78010,88703,34.8,39.6
1980,NJ,112710,90820,41.7,33.6
1980,NJ,14445,15836,37.5,41.2
1980,NJ,28974,44398,23,35.2
1980,NJ,16688,28026,24.5,41.1
1980,NJ,101377,119168,31.4,36.9
1980,NY,335762,211877,49.2,31
1980,NY,43022,50888,29.4,34.8
1980,NY,212504,216885,34.6,35.4
1980,NY,600751,429695,45.1,32.2
1980,NY,10159,11774,32.7,37.9
1980,NY,116994,139390,28.3,33.7
1980,NY,184257,311715,22.3,37.7
1980,NY,324150,210765,32,20.8
1980,NY,46274,54808,34.3,40.7
1980,NY,15224,20196,29,38.5
1980,NY,48615,55787,32.5,37.3
1980,NY,8563,8873,38.2,39.6
1980,NY,10239,18540,22.6,41
1980,NY,459941,423064,36.9,33.9
1980,NY,66033,82405,31.5,39.3
1980,NY,35312,50534,23.4,33.4
1980,NY,192565,290550,26.3,39.6
1980,NY,17770,18887,36.2,38.5
1980,NY,137801,178715,24.8,32.2
1980,NY,4549,4943,35.4,38.4
1980,NC,26703,14009,51,26.7
1980,NC,3284,2326,49.6,35.1
1980,NC,10119,4585,56.8,25.7
1980,NC,51507,23219,53.9,24.3
1980,NC,3042,1330,57.1,25
1980,NC,24749,13978,49.9,28.2
1980,NC,22622,12019,53.4,28.4
1980,NC,13336,6777,53.1,27
1980,NC,72799,65024,30.7,27.4
1980,NC,31069,16313,50.6,26.6
1980,NC,18533,12019,47.2,30.6
1980,NC,47489,44742,27.5,25.9
1980,OH,8412,7183,46.6,39.8
1980,OH,50338,54624,35.3,38.3
1980,OH,26921,27385,38.7,39.3
1980,OH,307839,340956,33.3,36.8
1980,OH,7628,12975,25.2,42.9
1980,OH,16425,25399,30.2,46.7
1980,OH,132548,175932,27,35.9
1980,OH,9866,16793,23.3,39.7
1980,OH,179002,166041,35,32.4
1980,OH,5560,6446,39.4,45.7
1980,OH,32403,55182,26.1,44.5
1980,OH,22384,31630,32,45.3
1980,OH,50059,65293,33,43
1980,OH,7528,8214,39.3,42.9
1980,OH,15270,29189,24.1,46
1980,OH,5421,7241,36.4,48.6
1980,OH,6723,8206,39.1,47.7
1980,OH,10052,10951,39.8,43.3
1980,OH,5299,8153,31,47.7
1980,OH,20673,22118,37.3,39.9
1980,OK,7852,12897,24.5,40.3
1980,OK,14654,22435,21.2,32.4
1980,OK,9670,7969,41.9,34.6
1980,OK,6749,6176,42.3,38.7
1980,OK,5969,5353,38.6,34.6
1980,OK,5027,4333,42.1,36.3
1980,OK,87996,116547,26.3,34.8
1980,OR,29851,55239,20.6,38.2
1980,OR,6447,9237,30.7,44
1980,OR,83457,123474,23.6,34.9
1980,OR,21598,49082,15,34
1980,OR,8936,12218,28,38.3
1980,PA,285111,372084,31,40.4
1980,PA,19705,21389,41.3,44.8
1980,PA,44135,56167,35.2,44.8
1980,PA,70224,116345,25.3,41.9
1980,PA,26412,38366,30.9,44.9
1980,PA,43998,66563,23.6,35.7
1980,PA,94280,136855,27.7,40.2
1980,PA,41212,42474,42.2,43.5
1980,PA,97724,147218,24.2,36.4
1980,PA,469464,348100,45.7,33.9
1980,PA,4335,5003,35,40.4
1980,PA,50898,56869,37.6,42
1980,PA,76916,111893,31.4,45.7
1980,RI,10919,7690,38.4,27
1980,RI,31158,34999,33.2,37.2
1980,RI,13496,16240,28,33.6
1980,RI,154535,111662,43.9,31.7
1980,RI,13841,17897,26.3,34
1980,SC,10131,4137,58.4,23.8
1980,SC,16365,8711,53.8,28.6
1980,SC,28313,15360,47.4,25.7
1980,TN,3488,1982,55.4,31.5
1980,TN,6185,4188,50.4,34.2
1980,TN,97086,90512,33.9,31.6
1980,TN,9181,5997,52,33.9
1980,TN,7815,3721,58,27.6
1980,TN,5271,2577,58.9,28.8
1980,TN,6249,2506,65.3,26.2
1980,TN,14615,10205,47.7,33.3
1980,TN,10309,7956,47.6,36.7
1980,TN,17025,16149,37.2,35.3
1980,TN,148026,146979,34.1,33.9
1980,TN,5217,2740,57,29.9
1980,TN,19533,17678,39.5,35.7
1980,TN,9563,5908,52.9,32.7
1980,TN,2186,1083,57.7,28.6
1980,TN,10626,10327,31.1,30.2
1980,TN,12851,12470,38.8,37.7
1980,TX,7411,3727,54.1,27.2
1980,TX,6011,2900,54.4,26.3
1980,TX,1683,1743,35.1,36.4
1980,TX,7582,3972,51,26.7
1980,TX,196198,154249,36.9,29
1980,TX,32171,30616,34.8,33.1
1980,TX,6608,3077,52.8,24.6
1980,TX,4330,3247,42.5,31.9
1980,TX,19154,23179,24,29
1980,TX,9169,6880,40,30
1980,TX,256210,264826,28.8,29.8
1980,TX,17973,22508,23.1,28.9
1980,TX,15186,11113,44.3,32.4
1980,TX,20225,18587,28.4,26.1
1980,TX,39259,36267,34.7,32.1
1980,TX,11367,8675,42.4,32.4
1980,TX,395581,385039,29.5,28.7
1980,TX,6758,3955,37.9,22.2
1980,TX,4293,3518,37.6,30.8
1980,TX,14176,9557,43.4,29.2
1980,TX,15646,13296,39.7,33.8
1980,TX,11231,6876,48,29.4
1980,TX,2365,1989,35.1,29.5
1980,TX,13489,8152,49.9,30.2
1980,TX,7285,3637,54.6,27.2
1980,TX,24545,23976,34.2,33.4
1980,TX,10897,8360,40.7,31.2
1980,TX,2560,2803,29.7,32.5
1980,TX,1190,683,48.8,28
1980,TX,149728,152703,30.4,31
1980,TX,55917,57990,24.6,25.5
1980,TX,4181,2730,41.9,27.4
1980,TX,14967,12672,34.5,29.2
1980,TX,5243,2744,54.8,28.7
1980,TX,7676,5109,47.9,31.9
1980,UT,61859,111210,19.7,35.3
1980,UT,3571,5198,27.8,40.5
1980,VA,2951,1270,59.3,25.5
1980,VA,14228,25992,13.4,24.4
1980,VA,5765,2928,57.2,29
1980,VA,2130,958,58.1,26.1
1980,VA,21500,24966,27,31.3
1980,VA,2721,1854,42.7,29.1
1980,VA,6745,3749,49.9,27.7
1980,VA,7974,3256,60.1,24.5
1980,VA,40983,92825,11.5,26.1
1980,VA,8337,6488,39.7,30.9
1980,VA,5431,3684,43.9,29.8
1980,VA,3823,1750,52.9,24.2
1980,VA,12091,9701,40.3,32.3
1980,VA,34368,34952,30.7,31.2
1980,VA,6565,3471,52,27.5
1980,VA,4834,3810,35.7,28.1
1980,VA,2636,1612,47.2,28.9
1980,VA,8168,11219,24.7,33.9
1980,VA,2532,1637,46.2,29.9
1980,VA,2349,1717,45.1,32.9
1980,VA,3673,2482,47.8,32.3
1980,VA,4017,4463,32.1,35.6
1980,VA,13544,29493,18.1,39.4
1980,VA,2066,1003,53.3,25.9
1980,VA,7903,5937,41.8,31.4
1980,VA,7726,8068,34.8,36.4
1980,VA,3997,1321,62.9,20.8
1980,VA,6029,4448,46,33.9
1980,VA,4695,6757,24,34.6
1980,VA,11988,16329,17,23.1
1980,VA,25008,21700,39.3,34.1
1980,VA,3370,3530,33,34.6
1980,VA,1650,3583,14.4,31.2
1980,VA,938,1560,13.9,23.1
1980,VA,3585,2118,40.5,23.9
1980,VA,21826,22602,32.5,33.7
1980,VA,6141,4592,45.2,33.8
1980,VA,1765,3214,20.8,37.9
1980,VA,1277,1360,40.9,43.5
1980,VA,26563,27414,33,34
1980,VA,52299,45650,38.3,33.4
1980,VA,11893,5835,49.3,24.2
1980,VA,1561,1571,31,31.2
1980,VA,27317,17433,45.4,29
1980,VA,58026,30872,42.9,22.8
1980,VA,14955,6964,53.2,24.8
1980,VA,28239,51992,20,36.9
1980,VA,887,731,22.5,18.5
1980,WA,26583,43886,24.2,40
1980,WA,136536,264517,17.4,33.7
1980,WA,64332,112436,23.7,41.3
1980,WA,1295,2040,28,44.2
1980,WA,43263,78285,22,39.9
1980,WV,7448,5211,43.3,30.3
1980,WI,24863,28670,35.2,40.6
1980,WI,180584,214234,31.5,37.4
1980,WI,7927,14694,20.6,38.1
1980,WI,4778,6313,30,39.7
1980,WI,6265,10441,26.3,43.8
1980,WI,13013,20691,27.9,44.4
1980,WI,30100,65227,18.9,41
1980,AL,7074,6145,40.6,35.2
1980,AL,18125,15380,39.7,33.7
1980,AL,28268,21411,43.3,32.8
1980,AL,14231,11210,44.2,34.8
1980,AL,10585,9169,42.3,36.6
1980,AL,27842,20344,45.1,33
1980,AL,7816,4500,54,31.1
1980,AL,5207,2007,61.8,23.8
1980,AL,5051,2379,56,26.4
1980,AL,17844,13980,41.7,32.7
1980,AL,19666,15561,42.4,33.6
1980,AL,9514,5396,57.1,32.4
1980,AL,13621,9860,37.9,27.4
1980,AL,12837,8272,49.3,31.8
1980,AL,3629,1722,57.5,27.3
1980,AL,32899,34718,29.9,31.5
1980,AL,77046,69871,38.3,34.8
1980,AL,36541,34341,33.2,31.2
1980,AL,20951,18311,40.1,35
1980,AL,6800,3616,56.2,29.9
1980,AL,15314,7656,57.2,28.6
1980,AL,29433,22955,39.9,31.2
1980,AK,10839,36870,11.7,39.6
1980,AK,3762,11660,13.4,41.6
1980,AK,1791,3892,18.6,40.4
1980,AZ,15005,16715,31.2,34.8
1980,AZ,8818,10457,25.6,30.4
1980,AZ,11210,15274,30.9,42.1
1980,AZ,78861,102314,25.4,32.9
1980,AZ,11904,17144,26.1,37.7
1980,AZ,18964,16892,38.4,34.2
1980,AR,18445,17832,38.2,37
1980,AR,2598,1598,54.4,33.5
1980,AR,16279,10388,46,29.4
1980,AR,10100,7744,47.5,36.4
1980,AR,9306,8298,38.1,33.9
1980,AR,18584,16188,40.1,35
1980,AR,3599,2959,46.6,38.3
1980,AR,21300,17133,42.4,34.1
1980,AR,4551,2279,58.4,29.2
1980,AR,3773,2598,47.8,32.9
1980,AR,9075,6794,46.7,34.9
1980,AR,3691,2341,52.1,33.1
1980,AR,9890,7651,45.1,34.9
1980,AR,2124,1629,48.8,37.4
1980,AR,9507,4222,60.6,26.9
1980,AR,55342,70021,28.3,35.8
1980,AR,12341,12568,39.8,40.5
1980,AR,20167,20017,35.6,35.4
1980,AR,19825,17374,36.2,31.7
1980,CA,24743,28587,28.4,32.8
1980,CA,104714,82455,36.3,28.5
1980,CA,23647,11906,49.1,24.7
1980,CA,85492,70627,37.9,31.3
1980,CA,15916,12635,41.3,32.8
1980,CA,14372,11389,39.9,31.6
1980,CA,28243,22220,39.6,31.2
1980,CA,46862,47232,29,29.3
1980,CA,15542,21539,24.6,34.1
1980,CA,75394,64952,37.4,32.2
1980,CA,21459,30880,23.2,33.4
1980,CA,36823,53305,20.9,30.2
1980,CA,25943,33368,22.2,28.6
1980,CA,16968,27844,24.4,40
1980,CA,30457,51166,23.2,38.9
1980,CA,42193,64975,22.4,34.6
1980,CA,58009,48192,38,31.6
1980,CA,9751,9851,32.3,32.6
1980,CA,59651,38667,44.2,28.7
1980,CA,71508,99531,24.1,33.5
1980,CA,9801,9296,36.2,34.3
1980,CO,13308,30296,12.6,28.6
1980,CO,28776,63874,17.3,38.4
1980,CO,14122,26346,17.3,32.3
1980,CO,12055,16883,25.5,35.8
1980,CO,24512,26630,33.5,36.4
1980,CO,825,1956,16.7,39.6
1980,CO,20572,22557,31.2,34.2
1980,CT,135656,157444,27,31.4
1980,CT,150747,165946,32.2,35.4
1980,CT,39855,52878,29,38.5
1980,CT,21740,18597,40.6,34.7
1980,DE,18471,20718,34.6,38.8
1980,DE,25727,21166,42.9,35.3
1980,FL,18559,19965,24.5,26.3
1980,FL,19152,20027,34.2,35.7
1980,FL,41844,64930,24.6,38.1
1980,FL,15157,17484,33.3,38.4
1980,FL,18155,14863,44.7,36.6
1980,FL,16584,20446,28.8,35.5
1980,FL,42937,47740,32.7,36.4
1980,FL,2187,2844,29.2,38
1980,FL,11986,6662,52.9,29.4
1980,FL,1450,1205,43.5,36.1
1980,FL,2557,2629,41.4,42.5
1980,FL,14023,11220,42.8,34.2
1980,FL,13360,13536,33.4,33.8
1980,FL,2889,1804,48.3,30.1
1980,FL,46123,53160,32.6,37.6
1980,FL,16386,21266,21.2,27.5
1980,FL,34824,39614,33.5,38.1
1980,FL,31872,28540,40.5,36.3
1980,FL,13174,16224,29.6,36.5
1980,FL,13391,24546,22.6,41.4
1980,FL,78535,67124,40.2,34.4
1980,FL,20481,19885,37.3,36.2
1980,FL,9397,12007,30.5,38.9
1980,FL,39967,55185,26.6,36.8
1980,FL,7220,5298,48.7,35.8
1980,FL,58148,63678,33.5,36.6
1980,FL,2717,2438,43.3,38.9
1980,FL,6616,4089,49.2,30.4
1980,GA,1464,388,71,18.8
1980,GA,38275,26345,44.2,30.4
1980,GA,2462,1738,52.1,36.8
1980,GA,5116,2075,60.5,24.5
1980,GA,3151,1642,58.1,30.3
1980,GA,6262,2227,61.4,21.9
1980,GA,9484,7805,44.3,36.4
1980,GA,45132,36030,39.4,31.5
1980,GA,1296,3055,18.2,42.8
1980,GA,11654,7162,32.6,20
1980,GA,7161,7729,32.8,35.4
1980,GA,2486,1190,59.5,28.5
1980,GA,3834,1845,56.3,27.1
1980,GA,21653,15608,41.5,29.9
1980,GA,726,386,59,31.4
1980,GA,5328,3368,53.4,33.8
1980,GA,24329,12994,51.2,27.4
1980,GA,12274,10262,38.1,31.9
1980,GA,22942,10826,51.9,24.5
1980,GA,4714,2314,50.3,24.7
1980,GA,12987,16675,31.2,40
1980,GA,4286,3121,45.8,33.3
1980,GA,1836,731,60.6,24.1
1980,GA,2850,1899,45.9,30.6
1980,GA,4460,6141,30.6,42.1
1980,GA,2282,1034,58.9,26.7
1980,GA,1230,753,53.9,33
1980,GA,15244,10945,42.9,30.8
1980,GA,6057,2735,58.1,26.2
1980,GA,2540,1195,58.6,27.6
1980,GA,5880,2719,57.4,26.5
1980,GA,1862,663,64,22.8
1980,GA,4612,2390,54.5,28.2
1980,GA,6824,2630,63.8,24.6
1980,GA,36698,30564,39.1,32.6
1980,GA,2829,1863,39.9,26.3
1980,GA,2932,1334,57.4,26.1
1980,GA,4931,2512,49,25
1980,GA,2811,1272,54.2,24.5
1980,GA,37696,31274,38.6,32
1980,GA,4096,1263,62.7,19.3
1980,GA,3276,1147,66.4,23.3
1980,GA,18505,10002,55.4,29.9
1980,GA,20529,9033,55.3,24.3
1980,GA,5639,2599,56.6,26.1
1980,HI,104633,152346,24.4,35.5
1980,HI,102,29,71.8,20.4
1980,HI,13584,14040,32.3,33.4
1980,ID,17805,33351,18.3,34.3
1980,ID,7012,11935,20.8,35.5
1980,ID,498,710,28.3,40.4
1980,ID,6515,11891,19.4,35.4
1980,ID,530,654,29,35.8
1980,ID,16066,17080,34.8,37
1980,ID,1003,1921,22.6,43.4
1980,ID,2599,2817,36.9,40
1980,ID,2177,2838,29.4,38.3
1980,ID,8547,13667,24.4,39
1980,ID,5485,8037,27.7,40.5
1980,ID,2067,1503,46.9,34.1
1980,IL,3923,2200,53,29.7
1980,IL,5387,7190,33.2,44.3
1980,IL,15710,27712,19.1,33.7
1980,IL,3821,4963,34.6,45
1980,IL,2915,4391,30.7,46.3
1980,IL,10981,15197,32.2,44.5
1980,IL,9015,8026,30.3,27
1980,IL,22567,22375,39,38.7
1980,IL,14879,22957,24,37
1980,IL,24259,32506,31.5,42.3
1980,IL,2819,3973,32.3,45.5
1980,IL,2357,3002,33,42
1980,IL,3705,5303,32.5,46.6
1980,IL,35708,43777,30.7,37.7
1980,IL,2994,4366,30,43.7
1980,IL,29319,40858,30.3,42.2
1980,IL,29465,41363,27.6,38.8
1980,IL,1396,2096,31.3,46.9
1980,IL,23809,32694,31.3,43
1980,IL,21442,22639,37.7,39.8
1980,IL,14754,12562,41.5,35.3
1980,IL,47315,57863,32.5,39.7
1980,IL,5593,8005,29.6,42.3
1980,IN,44484,68627,26.7,41.2
1980,IN,11827,15659,31.5,41.7
1980,IN,1810,3037,29.9,50.1
1980,IN,3756,5797,31.9,49.3
1980,IN,5272,7145,34.8,47.2
1980,IN,23503,28445,33.6,40.7
1980,IN,26994,32281,34.4,41.1
1980,IN,15659,22630,31.5,45.6
1980,IN,23078,26656,36.3,42
1980,IN,12136,14285,25.3,29.7
1980,IN,4048,3921,42.7,41.3
1980,IN,5429,6511,35.9,43.1
1980,IN,45707,56411,32.4,40
1980,IN,4911,6043,37.3,45.8
1980,IN,13764,22199,23.2,37.4
1980,IN,36395,39778,35.8,39.1
1980,IN,4452,4997,39.5,44.3
1980,IN,20378,25080,31.7,39
1980,IN,6742,10252,28.7,43.7
1980,IN,4531,7098,31,48.6
1980,IN,4338,7913,28.7,52.4
1980,IA,4437,6645,31.8,47.6
1980,IA,19811,32968,26.1,43.4
1980,IA,4010,6156,28.6,44
1980,IA,4304,8592,24.3,48.5
1980,IA,15846,21553,31.4,42.7
1980,IA,2635,4028,29.7,45.4
1980,IA,2644,3744,34,48.2
1980,IA,2995,4956,30.4,50.4
1980,IA,6078,11660,14.4,27.6
1980,IA,3832,5396,32.5,45.8
1980,IA,21768,42325,22.4,43.5
1980,IA,2208,3949,28.2,50.5
1980,IA,2688,3463,33.6,43.3
1980,IA,4625,5924,32.8,42
1980,IA,37624,74204,21.2,41.8
1980,IA,15719,23077,31.7,46.6
1980,IA,23056,35122,25.8,39.2
1980,IA,4907,11169,14.4,32.8
1980,IA,4204,9883,21.6,50.9
1980,IA,3772,5325,30.9,43.6
1980,IA,16687,25284,28.3,42.9
1980,KS,7027,10992,26.4,41.3
1980,KS,2085,2330,37.9,42.4
1980,KS,5735,9626,17.7,29.7
1980,KS,4990,7054,27.3,38.6
1980,KS,1913,3668,27.1,52
1980,KS,2697,4525,29,48.6
1980,KS,1881,2345,33.5,41.8
1980,KS,2943,4659,31.3,49.5
1980,KS,2403,4071,27.4,46.5
1980,KS,3714,9145,14.5,35.6
1980,KS,49614,81714,23.5,38.7
1980,KS,20103,38566,21.7,41.7
1980,KS,4885,6873,31.6,44.5
1980,KS,1348,2055,31.1,47.3
1980,KY,5397,2295,61.5,26.1
1980,KY,5393,4186,46.4,36
1980,KY,13856,12394,41,36.7
1980,KY,4255,1751,65.4,26.9
1980,KY,12999,12405,39.5,37.7
1980,KY,7287,5663,44.1,34.3
1980,KY,18959,18224,38.7,37.2
1980,KY,3722,1421,64.5,24.6
1980,KY,32698,32495,28.4,28.2
1980,KY,9607,8420,42.9,37.6
1980,KY,1820,1786,42.8,42
1980,KY,13384,16859,33.5,42.2
1980,KY,10185,8326,42.8,35
1980,KY,5655,4365,40.3,31.1
1980,KY,4056,2324,56.1,32.1
1980,KY,3253,2113,52.9,34.4
1980,KY,4162,4699,35.8,40.4
1980,KY,5473,4122,44.8,33.8
1980,KY,3039,1819,51,30.5
1980,KY,14804,10774,38.7,28.2
1980,KY,4023,3334,39.2,32.5
1980,LA,17914,7744,59.9,25.9
1980,LA,10719,10166,42,39.8
1980,LA,13197,16821,30.9,39.3
1980,LA,55199,43507,38.4,30.2
1980,LA,37794,28985,41.5,31.8
1980,LA,2731,1527,55.6,31.1
1980,LA,7964,4334,53.7,29.2
1980,LA,53066,58947,27.7,30.7
1980,LA,5513,2961,52.7,28.3
1980,LA,5150,3039,52.8,31.2
1980,LA,16550,9972,50.4,30.4
1980,LA,8776,5219,52.4,31.1
1980,LA,27707,21251,35.8,27.4
1980,LA,22448,11620,53.9,27.9
1980,LA,13417,11729,43.5,38
1980,LA,28830,23036,38.9,31.1
1980,LA,7329,3640,56.4,28
1980,LA,32501,24032,43.5,32.2
1980,LA,2805,1297,55.1,25.5
1980,LA,12182,5299,60.7,26.4
1980,LA,20453,11942,49.1,28.6
1980,LA,22185,15259,47.4,32.6
1980,LA,6836,3785,54.2,30
1980,LA,14877,7199,56.4,27.3
1980,LA,12799,8228,49.1,31.6
1980,LA,4803,3212,49.6,33.2
1980,LA,4028,1777,54.2,23.9
1980,ME,23932,20723,41.5,35.9
1980,ME,32517,49812,25,38.3
1980,ME,21322,31961,28.1,42.1
1980,ME,5127,6695,30.6,39.9
1980,ME,26877,31941,32.1,38.2
1980,MD,20435,20370,40.7,40.5
1980,MD,10211,12563,32.8,40.3
1980,MD,6400,3180,55.3,27.5
1980,MD,27642,27285,40.2,39.7
1980,MD,16910,11738,43.7,30.4
1980,MD,9135,5598,47.2,28.9
1980,MA,14084,38568,14.2,38.8
1980,MA,27029,35113,30.3,39.4
1980,MA,89015,102386,33.5,38.5
1980,MA,19371,23837,26,32
1980,MA,127927,136276,33.3,35.5
1980,MI,8110,12061,30.6,45.5
1980,MI,24028,27640,35.6,40.9
1980,MI,34596,35703,35.2,36.3
1980,MI,26853,33733,32.2,40.5
1980,MI,10621,12164,36.6,41.9
1980,MI,8171,14059,27,46.5
1980,MI,10796,21878,21.9,44.4
1980,MI,78943,98793,32.2,40.4
1980,MI,30782,46105,22,33
1980,MI,27270,35506,30.8,40.1
1980,MI,28254,40096,24.2,34.4
1980,MI,72319,91214,29.1,36.8
1980,MI,9370,15303,23.1,37.8
1980,MI,26912,30823,36.6,42
1980,MI,9809,11289,36.2,41.7
1980,MI,30966,34958,34.7,39.2
1980,MI,26228,32488,30.9,38.2
1980,MI,42631,51235,34.2,41.1
1980,MI,14576,14684,37.9,38.2
1980,MI,26964,37211,19.1,26.3
1980,MN,4505,5351,33.6,40
1980,MN,6865,10069,25,36.6
1980,MN,5843,7460,33.3,42.5
1980,MN,6693,8700,27,35.1
1980,MN,2632,3574,31.4,42.6
1980,MN,5228,5194,38.7,38.4
1980,MN,3856,4215,35.7,39.1
1980,MN,3738,5338,26.4,37.7
1980,MN,9455,18851,18.3,36.5
1980,MN,7480,7088,37.2,35.2
1980,MN,36573,52157,28,39.9
1980,MN,17389,19941,33,37.8
1980,MN,4094,4607,36,40.6
1980,MS,7556,3670,52.9,25.7
1980,MS,12737,10644,36.6,30.6
1980,MS,5775,4817,41.4,34.5
1980,MS,27000,30031,32.3,35.9
1980,MS,41039,37626,30,27.5
1980,MS,20091,24226,32.5,39.2
1980,MS,4919,4201,38.5,32.9
1980,MS,9666,5263,45,24.5
1980,MS,2393,1942,45.3,36.8
1980,MS,13873,13267,35.6,34
1980,MS,6612,4164,50,31.5
1980,MS,7931,3469,53.5,23.4
1980,MO,2905,3813,34.4,45.2
1980,MO,3737,1921,59.6,30.6
1980,MO,10071,14047,20.3,28.4
1980,MO,19336,20892,36.6,39.5
1980,MO,7376,6518,40.5,35.8
1980,MO,11958,10914,36.2,33
1980,MO,4678,5697,35.8,43.6
1980,MO,9905,11733,29.9,35.5
1980,MO,3728,2879,48.7,37.6
1980,MO,1859,2378,35.8,45.8
1980,MO,30766,40719,28.9,38.2
1980,MO,20023,19414,38.1,37
1980,MO,4004,3492,44.4,38.7
1980,MO,3291,2752,44.4,37.2
1980,MO,8962,9791,36.7,40.1
1980,MO,3444,2333,51.3,34.7
1980,MO,4700,4138,42.1,37.1
1980,MO,5222,4578,44.4,38.9
1980,MT,1586,1936,30.4,37.2
1980,MT,11284,18393,24.8,40.3
1980,MT,175,232,27.9,37
1980,MT,7953,15215,18.7,35.9
1980,MT,14399,22727,23.4,36.9
1980,NE,3254,5795,27.3,48.5
1980,NE,2936,4186,32.2,45.9
1980,NE,1465,1840,34,42.7
1980,NE,52772,86431,23.2,38.1
1980,NE,6985,12234,25.2,44.1
1980,NE,1428,2392,25.7,43.1
1980,NE,1280,1828,31.4,44.8
1980,NE,19818,39073,18.5,36.5
1980,NE,1652,2358,31.1,44.4
1980,NE,6162,18872,14.2,43.4
1980,NE,3688,5061,32.5,44.6
1980,NE,2756,3618,31.6,41.5
1980,NE,2493,3923,27.8,43.7
1980,NV,174,386,18.2,40.5
1980,NV,23884,45453,19.9,38
1980,NV,4311,8083,21.5,40.2
1980,NH,46685,57600,28.9,35.7
1980,NJ,46508,43588,38.6,36.2
1980,NJ,20241,20152,37.5,37.4
1980,NJ,36231,26690,46.7,34.4
1980,NJ,60185,61425,32.2,32.9
1980,NJ,17129,21789,33.4,42.4
1980,NM,55554,79948,23.5,33.8
1980,NM,16645,14291,34.9,30
1980,NM,6311,6792,33,35.5
1980,NM,13742,14686,34.9,37.3
1980,NM,10593,13311,24.2,30.4
1980,NM,1795,1687,41.6,39.1
1980,NM,11122,12312,35.7,39.5
1980,NY,49153,59034,28.3,34
1980,NY,39125,49671,30.6,38.9
1980,NY,17574,24216,30.5,42
1980,NY,14865,15346,37.2,38.4
1980,NY,18353,20134,36,39.5
1980,NY,11106,13225,31.8,37.9
1980,NY,52953,56497,35,37.4
1980,NY,73729,98854,27.3,36.7
1980,NY,22311,24626,36.6,40.4
1980,NY,29956,32844,34,37.3
1980,NY,23617,33027,26.8,37.5
1980,NY,26932,35700,28.5,37.8
1980,NY,5985,6659,35.8,39.9
1980,NY,7913,11945,28.1,42.5
1980,NY,8432,12948,19.2,29.5
1980,NY,31870,33670,33.2,35
1980,NY,10069,12087,31.2,37.4
1980,NY,11895,12339,37.5,38.9
1980,NC,28078,17513,46,28.7
1980,NC,8193,4087,56.1,28
1980,NC,10185,6555,48.5,31.2
1980,NC,41270,30065,40.6,29.6
1980,NC,23475,11011,54,25.3
1980,NC,22019,10681,55.6,27
1980,NC,30094,16971,48.2,27.2
1980,NC,10094,5681,48.5,27.3
1980,NC,14253,12119,39.1,33.3
1980,NC,35495,43116,30.4,36.9
1980,NC,35690,18603,52.8,27.5
1980,NC,7427,4512,49.5,30.1
1980,NC,30907,22356,34.9,25.3
1980,NC,17021,8834,54.4,28.2
1980,NC,54687,43123,37.3,29.4
1980,NC,68708,50334,36.7,26.9
1980,NC,14302,8829,48.4,29.9
1980,NC,14641,12071,38.5,31.7
1980,NC,5405,2960,52.5,28.8
1980,NC,3218,1459,58.2,26.4
1980,NC,5887,2425,58.4,24.1
1980,NC,19570,11065,49.7,28.1
1980,NC,21410,19537,35.1,32
1980,NC,14767,17701,33.6,40.3
1980,NC,10509,7656,26.4,19.2
1980,NC,3274,1774,52,28.2
1980,NC,6931,3874,52.6,29.4
1980,NC,9410,4766,54.6,27.6
1980,NC,20330,11584,43.2,24.6
1980,NC,29690,16234,53.4,29.2
1980,NC,27792,12648,55.4,25.2
1980,NC,10754,6327,55.1,32.4
1980,NC,23049,16709,43.2,31.3
1980,NC,10297,5176,57.6,29
1980,ND,6942,8970,23.3,30.1
1980,ND,10531,15556,21.7,32.1
1980,ND,7673,10317,23.8,32
1980,ND,5472,4386,39.8,31.9
1980,ND,628,431,45.6,31.3
1980,ND,726,528,45.6,33.2
1980,OH,20746,29067,32.5,45.5
1980,OH,19010,23663,37.3,46.4
1980,OH,5501,7099,37.3,48.1
1980,OH,30478,37601,34.7,42.8
1980,OH,6506,10271,30.9,48.7
1980,OH,17637,28911,24.3,39.8
1980,OH,21147,25207,37.7,44.9
1980,OH,15631,15515,42.1,41.8
1980,OH,90899,103323,33.2,37.8
1980,OH,60772,73697,34.5,41.8
1980,OH,17662,23830,33.1,44.7
1980,OH,103192,128957,30.6,38.2
1980,OH,20710,30677,29,43
1980,OH,25912,33951,33.9,44.4
1980,OH,73703,101020,32.6,44.7
1980,OH,96764,123546,30.8,39.3
1980,OH,45632,66541,31.8,46.4
1980,OH,13725,23313,25,42.5
1980,OK,14483,21448,26.7,39.5
1980,OK,2072,1532,44.6,32.9
1980,OK,14480,13430,41.6,38.6
1980,OK,12644,7040,52.1,29
1980,OK,10521,7623,45.2,32.8
1980,OK,8721,9181,36.4,38.3
1980,OK,3679,3801,38.5,39.8
1980,OK,9363,10474,35.1,39.2
1980,OK,9106,5341,51.8,30.4
1980,OK,67394,101096,24.3,36.4
1980,OK,8594,8677,36.7,37.1
1980,OR,4831,9386,13.9,27
1980,OR,8054,14790,21.7,39.9
1980,OR,21076,31523,26.1,39.1
1980,OR,11810,14324,31.9,38.6
1980,OR,35946,56390,22.4,35.2
1980,OR,15991,21644,30.5,41.2
1980,OR,32034,45029,26.5,37.2
1980,OR,6997,8927,26.3,33.6
1980,PA,16044,15545,40.8,39.6
1980,PA,81591,75606,41.5,38.4
1980,PA,28879,40167,34.6,48.2
1980,PA,43038,49046,38.9,44.4
1980,PA,14578,14429,42.6,42.1
1980,PA,13100,19844,24.2,36.7
1980,PA,13326,16184,36.5,44.3
1980,PA,29049,43782,27.1,40.9
1980,PA,43329,63181,30.1,43.9
1980,PA,48016,71947,30.1,45
1980,PA,28274,27374,41.4,40
1980,PA,52626,59757,36.2,41.1
1980,PA,85359,78641,40.4,37.2
1980,PA,26677,28310,40.4,42.8
1980,PA,60919,66095,35.4,38.4
1980,PA,86081,93241,38.8,42
1980,PA,24309,30797,34.4,43.6
1980,PA,25603,35012,33.2,45.4
1980,PA,13793,17806,32.2,41.5
1980,PA,4141,3884,39.7,37.2
1980,PA,53288,54343,38.2,39
1980,PA,8154,9667,38.9,46.1
1980,PA,4772,7047,31.4,46.4
1980,PA,72563,77632,38.2,40.9
1980,SC,27318,17681,45.1,29.2
1980,SC,41550,20009,52.7,25.4
1980,SC,8903,10330,28,32.4
1980,SC,18320,18121,38.6,38.2
1980,SC,3550,1817,52.5,26.9
1980,SC,53485,43779,36.4,29.8
1980,SC,18320,8821,53,25.5
1980,SC,11214,10821,35.7,34.5
1980,SC,5724,2158,58.7,22.1
1980,SC,6483,2755,56.7,24.1
1980,SC,29565,16425,48.5,26.9
1980,SC,73561,44336,43.9,26.5
1980,SC,23691,17256,41.5,30.2
1980,SC,4100,2339,53.8,30.7
1980,SC,10785,6466,48.4,29
1980,SC,18287,6967,59.7,22.7
1980,SC,28441,23836,35.8,30
1980,SC,21046,10897,49.5,25.6
1980,SC,47013,36657,32.6,25.4
1980,SC,5389,2464,57.6,26.3
1980,SC,60299,29389,50.5,24.6
1980,SC,20646,13292,45.6,29.3
1980,SC,10712,4453,58.6,24.4
1980,SD,1152,1228,31.9,34
1980,SD,2732,3186,33.3,38.9
1980,SD,1454,1511,37.1,38.5
1980,SD,2713,4131,25.2,38.3
1980,SD,14885,24345,24.2,39.6
1980,SD,7879,14125,21.2,38
1980,SD,2342,2192,38.7,36.2
1980,SD,2208,2541,34.4,39.6
1980,TN,15715,13358,37.8,32.1
1980,TN,20486,15944,42.9,33.4
1980,TN,17907,11340,47,29.8
1980,TN,12870,4990,62.5,24.3
1980,TN,16144,8821,53,28.9
1980,TN,3891,1933,55.6,27.6
1980,TN,4953,2879,55,32
1980,TN,6458,2459,65.6,25
1980,TN,14258,8955,49,30.8
1980,TN,62093,56274,36.3,32.9
1980,TN,13909,8782,52.9,33.4
1980,TN,9486,5883,51.7,32.1
1980,TN,67430,59270,35.6,31.3
1980,TN,9169,5938,51.3,33.2
1980,TN,18321,13710,42.4,31.7
1980,TN,8211,3994,57.9,28.2
1980,TN,14710,16014,34.2,37.2
1980,TN,5668,3040,59.5,31.9
1980,TN,4714,2265,59.3,28.5
1980,TN,13538,9430,45.9,32
1980,TN,2983,1400,60.8,28.5
1980,TN,38172,28138,43,31.7
1980,TN,5609,2854,54.8,27.9
1980,TN,4261,1924,63.8,28.8
1980,TN,22451,14937,42.9,28.5
1980,TX,3694,2759,42,31.4
1980,TX,1885,1511,43.2,34.7
1980,TX,448,431,33.8,32.5
1980,TX,25900,26285,32.9,33.4
1980,TX,17975,14811,40.1,33
1980,TX,12192,8377,30.9,21.3
1980,TX,4371,2039,57.7,26.9
1980,TX,3216,2166,45.5,30.6
1980,TX,59058,21574,56.2,20.5
1980,TX,1496,1342,37.2,33.3
1980,TX,3037,2014,49.7,33
1980,TX,6607,9948,27.8,41.9
1980,TX,2625,1207,54.7,25.2
1980,TX,24348,19664,38.9,31.5
1980,TX,97151,69833,40.5,29.1
1980,TX,6660,2747,57.7,23.8
1980,TX,1713,708,55.6,23
1980,TX,21840,17110,39.5,31
1980,TX,19663,17833,34.5,31.3
1980,TX,9999,8168,43.3,35.3
1980,TX,81339,26075,58.9,18.9
1980,TX,743,372,53.7,26.9
1980,TX,338,244,40.9,29.5
1980,TX,53218,47667,36.5,32.7
1980,TX,5712,2845,52.8,26.3
1980,TX,3171,2232,43.1,30.3
1980,TX,36268,30369,33.6,28.1
1980,TX,2724,1029,57.4,21.7
1980,TX,40101,27827,41.5,28.8
1980,TX,1386,757,52.3,28.6
1980,TX,12903,13269,27.5,28.3
1980,TX,4115,2541,54.8,33.9
1980,TX,59046,39300,41,27.3
1980,TX,411,367,36.5,32.6
1980,TX,17472,17793,37.8,38.5
1980,TX,22433,18262,39.9,32.5
1980,TX,7723,13453,18.3,31.9
1980,TX,5367,2078,60,23.2
1980,TX,11918,7200,46.9,28.3
1980,TX,14653,8161,48.4,27
1980,TX,26156,21271,34.9,28.3
1980,TX,21324,18107,35.5,30.1
1980,TX,19307,13448,40.2,28
1980,TX,7845,5308,46,31.2
1980,TX,15501,11217,41.6,30.1
1980,TX,27599,9058,58.5,19.2
1980,TX,23822,22296,34.6,32.4
1980,UT,3600,6643,22.2,40.9
1980,UT,3971,8136,15.6,32
1980,UT,9480,26014,14.2,38.9
1980,UT,732,1316,25.5,45.8
1980,UT,393,990,16.7,42
1980,UT,15226,27417,17.3,31.1
1980,UT,2619,4996,20.2,38.6
1980,UT,16550,28369,22.2,38.1
1980,VT,13226,20709,21.7,33.9
1980,VT,8034,7619,40.8,38.7
1980,VT,931,1051,33.6,37.9
1980,VA,9189,6910,29.9,22.5
1980,VA,9949,3925,57.6,22.7
1980,VA,4034,1847,56.7,26
1980,VA,15794,9697,48.5,29.7
1980,VA,10667,6054,49.9,28.3
1980,VA,6088,4849,42.3,33.7
1980,VA,4411,1505,64.3,21.9
1980,VA,12954,7539,49.2,28.6
1980,VA,1250,838,50.2,33.7
1980,VA,4390,1714,59.9,23.4
1980,VA,2913,1851,48.2,30.7
1980,VA,11397,5977,54.4,28.5
1980,VA,9244,6623,46.6,33.4
1980,VA,5189,3842,47.4,35.1
1980,VA,2304,1364,50.8,30.1
1980,VA,10958,6321,38,21.9
1980,VA,4828,1346,63.4,17.7
1980,VA,11335,5339,53.3,25.1
1980,VA,13546,14972,30,33.1
1980,VA,15514,10179,47,30.9
1980,VA,9817,4012,63.3,25.9
1980,VA,15511,6244,55.7,22.4
1980,VA,1925,1194,47.4,29.4
1980,VA,5838,3040,49,25.5
1980,VA,7670,4696,34.9,21.3
1980,VA,3301,2281,36.5,25.2
1980,VA,16311,9966,41.1,25.1
1980,VA,2339,1253,38.9,20.8
1980,VA,27154,19367,42.5,30.3
1980,VA,5830,4808,38.8,32
1980,VA,5896,3727,41.9,26.5
1980,VA,3994,2750,41.6,28.7
1980,VA,5700,3538,44.9,27.9
1980,WA,2662,4375,26.5,43.6
1980,WA,11511,22982,18.7,37.3
1980,WA,8780,10009,30.9,35.2
1980,WA,757,1229,28.1,45.6
1980,WA,13394,18946,28.9,40.9
1980,WA,3718,5132,28.3,39.1
1980,WA,5279,7129,28.2,38.1
1980,WA,17375,34252,20.3,40.1
1980,WA,1626,2093,31.9,41
1980,WA,10101,16099,25.5,40.7
1980,WA,43186,74972,21.8,37.8
1980,WA,4159,7157,25.4,43.7
1980,WA,14556,27452,20,37.8
1980,WA,6986,9691,24.8,34.4
1980,WA,14300,23633,23.5,38.8
1980,WA,37601,34169,37.9,34.4
1980,WV,12251,9881,44.1,35.5
1980,WV,9918,5286,58.6,31.2
1980,WV,6849,8117,37.3,44.2
1980,WV,24927,22087,38.4,34
1980,WV,3902,1736,63.3,28.2
1980,WV,17791,10323,53.3,30.9
1980,WV,4100,3158,46.9,36.1
1980,WV,9238,10631,37.9,43.7
1980,WV,50195,52736,35,36.8
1980,WV,7712,3971,59.1,30.5
1980,WV,9835,10995,39.3,43.9
1980,WV,6421,6787,40,42.3
1980,WV,13194,12069,33.8,30.9
1980,WV,13166,15232,34.6,40.1
1980,WV,8725,6392,49.6,36.3
1980,WV,8406,9326,37.4,41.5
1980,WV,23745,16979,46.4,33.1
1980,WV,13124,9334,49.4,35.1
1980,WV,1377,1042,48.3,36.6
1980,WV,19540,22569,34.9,40.4
1980,WI,24827,43112,26.1,45.3
1980,WI,5536,7430,33.5,45
1980,WI,10712,12707,36.5,43.3
1980,WI,8047,11347,30.8,43.4
1980,WI,29431,61259,16.3,33.8
1980,WI,8036,11247,30.8,43
1980,WI,10526,17425,25,41.5
1980,WI,16163,22509,31.9,44.4
1980,WI,5870,7606,33.1,42.9
1980,WI,3332,5084,29.5,45.1
1980,WI,4079,4931,37,44.7
1980,WI,13192,19582,26.5,39.3
1980,WI,22123,25092,35.4,40.1
1980,WI,6993,7143,41.1,42
1980,WI,19375,32086,27.7,45.9
1980,WI,31698,39155,32.3,39.9
1980,WI,22808,35986,28.9,45.7
1980,WI,19096,26304,32.2,44.4
1980,WI,21101,32603,28,43.2
1980,WY,7633,15711,19.9,40.9
1980,WY,6923,15333,17.5,38.7
1980,AL,3780,2100,56.9,31.6
1980,AL,19635,11353,53.4,30.9
1980,AL,20624,12765,50.9,31.5
1980,AZ,8307,8304,38.3,38.3
1980,AR,16741,9086,53.1,28.8
1980,AR,10701,4242,58.3,23.1
1980,AR,8881,4566,54.9,28.3
1980,CA,6189,13677,18,39.8
1980,CO,4497,5005,34.8,38.7
1980,CT,28952,34821,29.4,35.4
1980,FL,8195,6844,41.1,34.4
1980,FL,5899,3177,55.1,29.7
1980,FL,4986,3344,49.5,33.2
1980,FL,11911,15689,27.7,36.5
1980,FL,5726,4046,49.4,34.9
1980,FL,13878,10771,44.7,34.7
1980,GA,3425,2249,48.5,31.8
1980,GA,9975,4673,57.9,27.1
1980,GA,8717,3711,59.3,25.3
1980,GA,11543,5033,60.3,26.3
1980,GA,16985,6673,58.2,22.9
1980,GA,9264,4063,58.5,25.7
1980,IL,25698,27738,37.9,40.9
1980,IL,6950,9478,32.2,43.9
1980,IL,9038,10385,36.7,42.2
1980,IL,11472,9421,43.6,35.8
1980,IL,8975,11664,33.2,43.2
1980,IN,6562,8711,34.7,46.1
1980,IN,5148,6093,38.4,45.4
1980,IN,7049,6604,43.3,40.5
1980,IN,17250,19492,37.3,42.2
1980,IN,12294,13937,39.2,44.4
1980,IN,6520,7051,37.7,40.7
1980,IN,5938,10543,28.3,50.3
1980,KS,3224,4603,31,44.3
1980,KS,4617,5583,34.9,42.1
1980,KY,3671,2529,49.7,34.2
1980,KY,9027,8339,36,33.3
1980,KY,5442,3296,50.8,30.8
1980,KY,6516,5308,44,35.9
1980,LA,12744,7928,50.7,31.5
1980,MD,6821,4718,40.3,27.9
1980,MI,12555,17349,32.4,44.7
1980,MN,8826,9896,35,39.2
1980,MN,7920,9298,34.3,40.2
1980,MN,6375,7482,36.7,43.1
1980,MN,7600,9132,31.8,38.2
1980,MS,6231,3878,39.5,24.6
1980,MS,7783,6708,41.8,36
1980,MO,5141,6930,27.9,37.6
1980,MO,8568,8608,38.5,38.7
1980,MO,12187,9041,47.2,35
1980,MO,6789,5462,43.7,35.1
1980,NV,1884,4971,14.9,39.3
1980,NV,1668,2371,30.5,43.3
1980,NH,7882,9701,29.8,36.7
1980,NH,15410,21578,26,36.5
1980,NY,17257,19735,35.2,40.3
1980,NY,29891,34456,34.2,39.4
1980,NY,13915,12987,37,34.6
1980,NY,10660,14671,30.8,42.4
1980,NY,6933,7876,34.3,39
1980,NY,19664,23592,33.4,40
1980,NC,1878,932,55.4,27.5
1980,NC,25635,12599,52.6,25.8
1980,NC,3059,2841,35.3,32.7
1980,NC,11289,5325,55.6,26.2
1980,NC,17199,9070,52.6,27.7
1980,NC,7765,3838,48.9,24.1
1980,NC,3380,1468,58.5,25.4
1980,NC,15890,8018,53.6,27
1980,NC,12070,5233,56.7,24.6
1980,NC,19808,9298,56.6,26.6
1980,NC,18740,9457,52,26.2
1980,OH,8113,12063,30.7,45.7
1980,OH,20883,28576,34.4,47.1
1980,OH,8878,9888,32.1,35.7
1980,OH,7067,9167,35.9,46.6
1980,OH,7104,8563,35.9,43.3
1980,OH,24811,29866,36.9,44.4
1980,OH,7762,10034,36.1,46.7
1980,OH,10130,14209,34.4,48.2
1980,OH,14889,20794,32,44.7
1980,OH,6955,6871,42.7,42.2
1980,OH,9922,14765,32.5,48.4
1980,OH,8708,12267,32.6,45.9
1980,OH,8064,11203,34.6,48.1
1980,OH,13654,17830,34.6,45.1
1980,OH,17929,21273,37.4,44.4
1980,OH,16615,15157,42.7,39
1980,OH,18527,22687,34.2,41.9
1980,OK,7409,8626,25.4,29.6
1980,OK,12494,12218,38.2,37.4
1980,OK,10440,10073,38.8,37.5
1980,OR,5090,7966,25.6,40.1
1980,OR,2947,3951,30.5,40.9
1980,OR,3316,5870,24.8,43.9
1980,PA,17607,22091,35.5,44.5
1980,PA,24232,28468,36.8,43.3
1980,PA,20717,21722,42,44.1
1980,PA,13705,18108,35.1,46.3
1980,TN,8745,5517,51.5,32.5
1980,TN,10077,7159,43.9,31.2
1980,TN,3948,1265,67.5,21.6
1980,TN,11395,5955,57.1,29.8
1980,TN,6211,4206,50.6,34.2
1980,TN,13271,6878,50,25.9
1980,TN,10046,6600,51.5,33.8
1980,TX,6806,4715,41.9,29
1980,TX,5658,3601,41.7,26.5
1980,TX,13506,7701,49.3,28.1
1980,TX,7608,4612,48.7,29.5
1980,TX,7005,5661,35.8,29
1980,TX,9707,6094,46.4,29.1
1980,TX,11324,5330,51.4,24.2
1980,TX,6825,4383,46.1,29.6
1980,TX,6373,2340,53.3,19.6
1980,TX,9242,5888,39.2,25
1980,TX,6918,2968,51.7,22.2
1980,TX,11862,5386,51.7,23.5
1980,UT,875,1863,16.1,34.3
1980,UT,932,1771,22,41.8
1980,WA,4526,10581,17.8,41.5
1980,WA,3478,4602,25.6,33.9
1980,WA,10834,13316,32.6,40.1
1980,WA,5526,7843,28.8,40.9
1980,WI,16924,18544,38.2,41.9
1980,WI,5624,6273,32.4,36.1
1980,WI,12173,15775,32.3,41.9
1980,WI,11800,16543,29,40.6
1980,AL,4578,2031,61.7,27.4
1980,AL,4468,2016,56.9,25.7
1980,AL,6965,3192,58.8,26.9
1980,AL,7390,3837,57.1,29.6
1980,AR,6274,3214,56.5,28.9
1980,CA,85,185,13.9,30.3
1980,CA,2987,5491,23.2,42.7
1980,CA,2719,2565,35.4,33.4
1980,CO,1116,1694,25.7,39.1
1980,FL,5591,4065,46.4,33.7
1980,FL,1771,1355,47,35.9
1980,FL,2744,2089,43.1,32.8
1980,GA,2146,1166,56.4,30.7
1980,GA,5608,2656,59.1,28
1980,GA,4216,1598,62.5,23.7
1980,GA,4177,1397,65.1,21.8
1980,GA,3242,1418,56.8,24.9
1980,GA,3218,1679,53.7,28
1980,GA,2206,958,59.7,25.9
1980,IL,6380,5115,47,37.7
1980,IL,4399,4170,43.2,41
1980,IL,7346,9000,36.5,44.7
1980,IL,8215,8042,42,41.1
1980,IL,9627,8681,44.6,40.2
1980,IL,4855,3118,50.1,32.2
1980,IN,2870,2057,50.9,36.5
1980,IN,4977,4213,46.4,39.3
1980,IN,5112,4477,45.8,40.1
1980,IN,3275,5030,32.8,50.4
1980,IN,2838,3449,36.8,44.8
1980,IN,6032,5932,43.5,42.8
1980,IN,4193,5237,37.5,46.8
1980,IN,5963,4660,47.4,37
1980,IN,2101,1667,49,38.9
1980,IN,3238,4969,32.4,49.8
1980,KS,2204,2226,40.3,40.7
1980,KS,3726,3756,36.6,36.9
1980,KY,2950,1759,53.5,31.9
1980,KY,4926,2986,53.1,32.2
1980,KY,3188,1572,58.4,28.8
1980,KY,845,381,59.3,26.8
1980,KY,4310,2887,50.2,33.6
1980,LA,6780,2866,61.8,26.1
1980,MD,7427,4005,53,28.6
1980,MD,4734,3016,46.1,29.4
1980,MI,9238,10120,39.2,42.9
1980,MI,11698,13530,37.4,43.2
1980,MN,3274,3361,38.5,39.5
1980,MN,2890,2865,41.3,40.9
1980,MN,4644,4999,38,40.9
1980,MN,7341,5862,45.5,36.4
1980,MN,4751,4646,40.7,39.8
1980,MN,4879,4681,39.7,38.1
1980,MN,3312,4300,31.8,41.3
1980,MS,8903,3541,59.1,23.5
1980,MS,4140,1240,63.5,19
1980,MS,5925,3308,54.5,30.4
1980,MS,7002,3743,53.6,28.7
1980,MO,3229,3170,42,41.3
1980,MO,5904,3481,53.5,31.5
1980,MO,2278,2433,40.5,43.3
1980,MO,4541,2915,52.8,33.9
1980,MO,5257,5039,41.6,39.8
1980,MO,3551,4171,36,42.3
1980,MO,3521,2592,49.1,36.1
1980,MO,4458,4000,42.6,38.3
1980,MO,2702,2098,47.7,37.1
1980,MO,4191,3329,48.7,38.7
1980,MO,6028,2900,61.1,29.4
1980,NV,634,774,31.4,38.3
1980,NH,4139,6711,22.5,36.5
1980,NY,15663,14582,38.2,35.5
1980,NY,8542,9396,36.8,40.5
1980,NC,7792,4390,53.1,29.9
1980,NC,4169,1935,54.9,25.5
1980,NC,7152,3039,54.5,23.2
1980,NC,15823,8120,54.3,27.9
1980,NC,5999,2124,62.6,22.2
1980,OH,7102,4908,52.1,36
1980,OH,8456,8514,42.6,42.9
1980,OH,3234,4019,38.7,48.1
1980,OH,7921,10710,35.5,47.9
1980,OH,3240,2649,49.2,40.2
1980,OK,3294,3031,40.3,37
1980,OK,8549,5914,46.8,32.4
1980,OK,8477,5750,48.7,33.1
1980,OK,2890,3270,34.6,39.2
1980,OK,2670,2638,37.7,37.2
1980,OK,3693,2063,53.6,29.9
1980,OR,4344,5709,31.8,41.8
1980,PA,8515,10225,36.3,43.6
1980,PA,10706,9270,44.6,38.6
1980,PA,8238,9248,37.9,42.5
1980,SC,12780,5153,59.4,23.9
1980,TN,5030,2300,59.8,27.3
1980,TN,7774,4935,51.6,32.7
1980,TN,8358,3639,61.2,26.7
1980,TN,6374,2947,57,26.4
1980,TN,2247,1328,53.8,31.8
1980,TN,4563,3443,48,36.2
1980,TN,8469,4136,59.6,29.1
1980,TN,2790,1727,50.5,31.3
1980,TN,2159,1237,56.7,32.5
1980,TX,1426,819,45.7,26.3
1980,TX,4855,2294,51.8,24.5
1980,TX,5806,3422,48.3,28.5
1980,TX,6739,2835,57.7,24.3
1980,TX,1906,845,58.4,25.9
1980,TX,8498,4294,53,26.8
1980,TX,7648,3053,60.2,24
1980,TX,4060,1475,59.3,21.5
1980,TX,5977,2409,59.1,23.8
1980,TX,4427,1871,54.4,23
1980,TX,8892,4131,54.5,25.3
1980,TX,2383,1447,50.7,30.8
1980,TX,4737,1665,61.2,21.5
1980,TX,3692,1419,56.5,21.7
1980,TX,7573,3911,54.6,28.2
1980,TX,6156,3192,53.8,27.9
1980,TX,8195,4036,54,26.6
1980,TX,1823,959,57.3,30.1
1980,TX,3863,2016,56.1,29.3
1980,TX,10226,6084,50.7,30.2
1980,VA,5806,1705,64.6,19
1980,VA,2757,1112,60.6,24.5
1980,VA,2933,1244,53.6,22.7
1980,VA,4042,1242,67.2,20.6
1980,VA,2113,1023,57.4,27.8
1980,VA,2219,1958,36.8,32.5
1980,VA,6252,2741,59.1,25.9
1980,VA,3405,1707,54.6,27.4
1980,VA,2592,1286,49.8,24.7
1980,VA,5373,1822,60.1,20.4
1980,VA,5621,1852,61.1,20.1
1980,VA,5487,3090,49.6,28
1980,VA,7092,3289,59.1,27.4
1980,VA,4512,1797,53.4,21.3
1980,VA,8753,5649,50.1,32.3
1980,VA,6637,1948,61.4,18
1980,VA,2111,721,60.5,20.7
1980,VA,4895,2369,55.5,26.9
1980,VA,1999,509,64.5,16.4
1980,VA,2507,772,58.4,18
1980,WA,3037,3978,32.5,42.5
1980,WA,838,954,36.2,41.2
1980,WI,3064,3282,39,41.8
1980,WI,1763,1698,41.2,39.6
1980,WI,6300,8069,32.6,41.8
1980,AL,12616,6544,54.6,28.3
1980,AL,9836,6696,43.4,29.5
1980,AL,8736,8575,35.1,34.5
1980,AL,13407,8590,46.5,29.8
1980,AL,15423,9042,52.2,30.6
1980,AL,19513,11947,49.9,30.6
1980,AL,7852,3979,52.6,26.6
1980,AZ,12564,10009,40.3,32.1
1980,AZ,5010,2748,46,25.2
1980,AR,10228,5598,55.2,30.2
1980,AR,7492,5925,46,36.4
1980,AR,14770,8680,51.4,30.2
1980,AR,5463,3724,51.3,35
1980,CA,8626,10000,33.6,38.9
1980,CA,9787,15649,23.6,37.8
1980,CA,7338,10088,30.5,42
1980,CA,4965,8504,22.7,39
1980,CO,6023,7297,33.1,40.1
1980,CO,3076,5036,20.2,33.1
1980,CO,4330,5370,30.1,37.4
1980,FL,5692,3810,49.4,33.1
1980,GA,9076,5029,47.2,26.1
1980,GA,8569,4331,48.1,24.3
1980,GA,8626,2843,65.7,21.6
1980,GA,11101,5426,54.9,26.8
1980,GA,5933,2795,54.9,25.9
1980,GA,7600,3849,54.6,27.6
1980,GA,7972,3467,56.5,24.6
1980,GA,3565,2037,53.5,30.6
1980,GA,1043,506,55.7,27
1980,GA,8410,3400,53.1,21.5
1980,GA,11081,5890,51.4,27.3
1980,GA,6028,3612,51.4,30.8
1980,ID,5021,6748,28,37.6
1980,ID,4101,6011,28,41
1980,ID,2412,4410,23.8,43.5
1980,ID,1541,2025,28.5,37.4
1980,ID,2716,4307,18.5,29.4
1980,ID,1208,1984,18.7,30.7
1980,ID,3584,3376,38.9,36.6
1980,IL,8369,9948,37.7,44.9
1980,IL,9997,11506,37.5,43.2
1980,IL,11859,15940,31.6,42.5
1980,IL,6500,7831,33.6,40.4
1980,IL,7223,9319,32.5,41.9
1980,IL,1215,1500,34.2,42.2
1980,IL,9638,12787,32.5,43.1
1980,IL,14261,15512,37.7,41
1980,IN,5399,7611,33.6,47.4
1980,IN,7352,12197,30.1,50
1980,IN,6016,9250,31.7,48.8
1980,IN,5900,10115,28.8,49.3
1980,IN,8541,9357,40.2,44
1980,IN,5344,5520,41.8,43.2
1980,IN,10755,15098,31.6,44.3
1980,IN,10791,11188,42.2,43.8
1980,IN,7479,10407,32.9,45.7
1980,IN,6530,10976,29.8,50.1
1980,IN,7333,9008,36.6,44.9
1980,IN,3606,3501,43.4,42.1
1980,IN,6839,9286,33,44.8
1980,IA,4803,7166,29.4,43.9
1980,IA,9819,15129,29.4,45.2
1980,IA,6860,10579,30.8,47.6
1980,IA,6375,10918,25.3,43.4
1980,IA,7747,9085,33.6,39.4
1980,KS,7088,8728,31.5,38.7
1980,KS,8095,8046,34.9,34.7
1980,KS,3628,6539,25.8,46.5
1980,KS,4416,6929,23.6,37
1980,KS,11091,14911,28.6,38.5
1980,KY,11581,5747,56,27.8
1980,KY,3807,1371,64.4,23.2
1980,KY,11796,6536,45.1,25
1980,KY,6062,3409,53.2,29.9
1980,LA,6783,5664,42,35
1980,LA,6489,4709,35.3,25.6
1980,LA,10269,5881,53.4,30.6
1980,LA,9701,5767,46,27.3
1980,LA,26110,11127,58.9,25.1
1980,LA,16217,10167,50,31.3
1980,ME,20555,24903,31.8,38.6
1980,MD,10688,5626,55.1,29
1980,MA,10578,14961,26.4,37.4
1980,MI,16123,18547,35.2,40.5
1980,MI,8058,10498,34.7,45.1
1980,MI,6841,10398,30.6,46.5
1980,MI,7467,11256,31.3,47.2
1980,MI,8914,12390,32.8,45.6
1980,MI,6830,8513,29.2,36.3
1980,MI,16362,21833,32.2,42.9
1980,MI,5029,6306,30.4,38.1
1980,MI,11116,14075,34.3,43.4
1980,MN,6367,6552,38.5,39.7
1980,MN,6050,5874,37.2,36.1
1980,MN,7262,7528,34.4,35.6
1980,MN,8309,10244,33.4,41.2
1980,MN,13218,10874,41.1,33.8
1980,MN,1860,1696,37.9,34.6
1980,MN,8439,8542,33.9,34.3
1980,MS,4092,2007,54.9,26.9
1980,MS,2989,1265,50.8,21.5
1980,MS,16093,10815,44.7,30
1980,MS,7733,5101,45.2,29.8
1980,MS,9306,5879,46.1,29.1
1980,MS,11489,8249,40.5,29.1
1980,MO,6233,6746,39,42.2
1980,MO,6589,5791,44.8,39.3
1980,MO,3384,4809,28.4,40.4
1980,MO,5971,6010,38.6,38.8
1980,MO,10920,7940,48.6,35.3
1980,MO,4012,4110,38,39
1980,MO,4679,5442,34.6,40.2
1980,NE,4488,7902,24.5,43.2
1980,NE,4204,6900,23.1,37.9
1980,NE,6740,9418,31.5,44
1980,NE,5969,6305,38.2,40.3
1980,NV,2340,3504,28.4,42.5
1980,NV,2480,3791,29.6,45.3
1980,NH,10319,14059,28.1,38.3
1980,NM,630,2636,5.8,24.4
1980,NM,4011,3313,43,35.6
1980,NM,5236,9655,22.9,42.2
1980,NM,6511,5335,43.6,35.7
1980,NM,5390,3320,44.1,27.2
1980,NY,17767,17499,37.7,37.2
1980,NY,8761,9457,33.8,36.5
1980,NY,13590,12554,40.5,37.4
1980,NY,13471,13285,39.4,38.8
1980,NY,21293,21940,35.6,36.7
1980,NC,11862,7279,49.5,30.4
1980,NC,10688,7381,42.9,29.6
1980,NC,18239,8122,57.4,25.5
1980,NC,6560,3421,47.3,24.7
1980,NC,9271,6366,43.1,29.6
1980,NC,16661,9926,47.8,28.5
1980,NC,11337,5816,53.8,27.6
1980,NC,12952,8462,41.7,27.2
1980,NC,29602,13773,55.6,25.9
1980,NC,18107,8469,55.1,25.8
1980,NC,9073,4397,52.2,25.3
1980,NC,21446,9177,59,25.2
1980,NC,5742,4489,40.7,31.8
1980,ND,3780,3080,36.7,29.9
1980,OH,7983,11795,32.7,48.4
1980,OH,11478,15214,36.3,48.1
1980,OH,7129,9752,33,45.1
1980,OH,7829,6606,44.8,37.8
1980,OH,9703,11011,38.8,44
1980,OH,9005,17446,24.2,46.9
1980,OH,7957,11028,33.2,46
1980,OH,11697,16464,32.8,46.2
1980,OH,22791,18058,45.8,36.3
1980,OH,11590,15585,33.6,45.2
1980,OH,8588,10708,36.2,45.1
1980,OH,19105,23226,37.7,45.8
1980,OH,5354,9328,29.7,51.7
1980,OH,11773,16802,31.7,45.3
1980,OK,8210,5128,45,28.1
1980,OK,7404,4041,43.8,23.9
1980,OK,16328,12959,40.9,32.5
1980,OK,8090,6871,41.3,35.1
1980,OK,7538,10290,24.9,34
1980,OR,2414,3521,30.4,44.4
1980,OR,17581,22331,32.1,40.7
1980,OR,4939,5515,32.3,36.1
1980,OR,1206,1773,28.2,41.5
1980,OR,9852,13773,28.7,40.1
1980,PA,12738,16719,35.1,46.1
1980,PA,19939,21736,40.4,44
1980,PA,8225,10316,36.3,45.6
1980,PA,17271,23859,33.1,45.7
1980,PA,9571,11219,38.5,45.1
1980,PA,12065,12450,42.4,43.8
1980,PA,27200,28482,42.4,44.4
1980,PA,45769,45358,43.7,43.3
1980,PA,6410,7718,34.5,41.6
1980,PA,9621,13701,33.2,47.2
1980,SC,7493,3162,57.5,24.3
1980,SC,13448,5882,57,24.9
1980,SC,11253,6132,49.4,26.9
1980,SC,17319,7968,50.8,23.4
1980,SC,10187,3728,60.3,22.1
1980,SC,10210,4384,54.2,23.3
1980,SC,15528,7989,54,27.8
1980,SC,22260,10780,50.7,24.6
1980,SD,1265,1780,20.8,29.2
1980,SD,797,798,40.8,40.9
1980,SD,2538,4032,24.9,39.6
1980,TN,10206,4910,59.9,28.8
1980,TN,9436,4768,55.6,28.1
1980,TN,9139,5986,48.8,31.9
1980,TN,17503,10089,52.5,30.3
1980,TN,13172,7491,52.7,30
1980,TN,7255,4178,52.8,30.4
1980,TN,12336,7848,49.1,31.2
1980,TX,3153,2053,44.8,29.2
1980,TX,6727,3340,49.7,24.7
1980,TX,4951,3177,46.3,29.7
1980,TX,11821,6001,50.4,25.6
1980,TX,5195,2872,48.6,26.9
1980,TX,320,201,48.6,30.5
1980,TX,6260,5869,38.6,36.2
1980,TX,9473,5463,46.7,26.9
1980,TX,13123,8826,43.6,29.3
1980,TX,5751,3156,48.4,26.5
1980,TX,9043,5885,45.7,29.7
1980,TX,5697,5593,35.6,34.9
1980,TX,10959,4552,56.9,23.6
1980,TX,6610,3805,41.2,23.7
1980,TX,5321,3039,50.6,28.9
1980,TX,9311,2006,73.4,15.8
1980,TX,5014,2634,49.8,26.1
1980,TX,5760,1527,66.4,17.6
1980,TX,2164,924,58.7,25.1
1980,UT,1330,2608,16.7,32.8
1980,VT,6348,6705,31.8,33.6
1980,VT,10504,13021,30,37.2
1980,VT,8418,11857,27.2,38.3
1980,VA,19075,9500,56.6,28.2
1980,VA,24258,9168,62.2,23.5
1980,VA,15287,7017,52.5,24.1
1980,VA,5482,2824,47,24.2
1980,WA,2487,2690,34.3,37.1
1980,WA,12975,16382,32.7,41.2
1980,WA,2556,4906,14.2,27.3
1980,WV,15290,8971,54.9,32.2
1980,WV,15352,15718,38.2,39.1
1980,WV,7505,6123,47.3,38.6
1980,WV,20562,14051,46.8,32
1980,WV,4370,3962,43.9,39.8
1980,WI,8887,11234,32.5,41
1980,WI,6324,5967,40.4,38.1
1980,WI,15975,22400,33.1,46.4
1980,WI,8288,10403,35.1,44.1
1980,WI,861,411,59.5,28.4
1980,WI,9134,11015,31.3,37.8
1980,WI,8908,10440,34.2,40.1
1980,WI,9162,8478,42.8,39.6
1980,WI,13160,18249,32.1,44.5
1980,WY,2135,3717,15.3,26.7
1980,AL,7759,3671,55.1,26.1
1980,AL,3473,1324,59,22.5
1980,AL,6929,3635,55,28.8
1980,AL,6372,3158,56.8,28.1
1980,AL,12771,6401,55.7,27.9
1980,AL,5285,2062,62.4,24.3
1980,AL,18316,8936,57.3,28
1980,AL,10842,7230,49.2,32.8
1980,AL,6340,3322,56.4,29.6
1980,AL,9431,5062,54.9,29.5
1980,AL,3488,1281,60.1,22.1
1980,AL,6380,3172,45.7,22.7
1980,AL,4575,2314,53.5,27.1
1980,AL,11867,6899,51.7,30
1980,AZ,11294,5549,50.7,24.9
1980,AR,7475,4633,51.2,31.7
1980,AR,4618,3776,42.9,35.1
1980,AR,5564,3438,50.5,31.2
1980,AR,5604,4030,49.1,35.3
1980,AR,3064,2152,48.1,33.8
1980,AR,5710,3024,53.8,28.5
1980,AR,4791,2784,48.4,28.1
1980,AR,4313,3086,48.9,35
1980,AR,6244,5492,43.8,38.5
1980,AR,4235,2700,51.9,33.1
1980,AR,7624,3436,58.8,26.5
1980,AR,6645,3233,59,28.7
1980,AR,6511,4008,53.5,32.9
1980,AR,3471,1861,57.6,30.9
1980,AR,4052,2902,47.5,34
1980,AR,4166,3054,47.6,34.9
1980,CA,3293,5630,23.7,40.5
1980,CA,4680,4602,37,36.3
1980,CA,1518,2005,27.7,36.6
1980,CA,6056,9690,24.4,39
1980,CA,1929,2898,25.5,38.4
1980,CO,4285,5389,32,40.2
1980,CO,1895,1151,47.4,28.8
1980,CO,3338,3101,35.8,33.3
1980,CO,5208,4273,40,32.8
1980,FL,2908,1661,53,30.2
1980,FL,2519,1222,56,27.1
1980,FL,2393,1708,50.6,36.1
1980,FL,4982,2709,56.3,30.6
1980,FL,10996,7225,48.9,32.1
1980,FL,5720,4330,46.2,34.9
1980,FL,4722,2167,56.5,25.9
1980,FL,6120,4741,46.7,36.2
1980,FL,4557,3269,47.4,34
1980,FL,4321,3156,49,35.8
1980,GA,3105,1461,60.5,28.5
1980,GA,4585,2174,58.9,27.9
1980,GA,3145,1611,53,27.2
1980,GA,4629,1942,61.3,25.7
1980,GA,5892,2389,59.8,24.3
1980,GA,3933,981,66.1,16.5
1980,GA,4393,1652,61.2,23
1980,GA,6482,2918,58.6,26.4
1980,GA,2638,1245,56.9,26.9
1980,GA,5672,1927,62.1,21.1
1980,GA,6637,2827,59.3,25.3
1980,GA,6766,2427,61.9,22.2
1980,GA,3183,952,64.8,19.4
1980,GA,4911,1419,64.8,18.7
1980,GA,6740,2550,60.6,22.9
1980,GA,3453,1072,64.4,20
1980,GA,4678,2014,58.5,25.2
1980,GA,2943,1358,57.1,26.4
1980,GA,2098,660,64.1,20.2
1980,GA,6059,3175,55.6,29.1
1980,GA,3117,1219,60.2,23.5
1980,GA,829,292,63.5,22.4
1980,GA,3154,1668,51.9,27.5
1980,GA,2899,1037,63.6,22.8
1980,GA,3935,1328,59.7,20.1
1980,ID,1017,1745,23.8,40.9
1980,ID,1898,2647,31.8,44.4
1980,ID,2714,3395,31.4,39.3
1980,ID,1082,1311,29.5,35.7
1980,ID,675,1212,19.7,35.4
1980,ID,2090,1803,39.2,33.8
1980,IL,3540,4024,38.3,43.6
1980,IL,4221,4462,39.9,42.1
1980,IL,3971,5270,33.6,44.6
1980,IL,5170,5744,38.1,42.4
1980,IL,13106,9614,47.8,35.1
1980,IL,4861,6125,35.3,44.4
1980,IL,2860,1912,46.9,31.3
1980,IL,4587,4873,39.7,42.2
1980,IL,3672,3403,40.9,37.9
1980,IL,5978,4941,45,37.2
1980,IL,9060,6081,49.3,33.1
1980,IL,5690,6184,39.3,42.7
1980,IL,6029,3952,50,32.8
1980,IL,4470,5116,34.7,39.8
1980,IL,5175,4203,44.3,36
1980,IN,3404,4526,36.9,49
1980,IN,4200,5392,36.8,47.2
1980,IN,7534,8364,37.9,42.1
1980,IN,7833,8166,41.3,43
1980,IN,5444,6166,40,45.3
1980,IN,6233,4870,47.4,37
1980,IN,5389,4294,48,38.2
1980,IN,6272,8460,35.6,48
1980,IN,4770,6885,33.3,48.1
1980,IA,3347,3851,37.5,43.2
1980,IA,3721,6173,29.7,49.2
1980,IA,3134,5103,29.4,47.9
1980,IA,3360,5069,29.9,45.1
1980,IA,2579,4772,25.8,47.8
1980,IA,2882,4161,32.9,47.5
1980,IA,1770,2495,33.3,46.9
1980,IA,3504,4814,34.2,47
1980,IA,4826,6723,32.2,44.8
1980,IA,1852,2796,30.9,46.7
1980,IA,2187,3516,28.6,45.9
1980,IA,2992,5047,27.1,45.8
1980,IA,4240,5109,31.9,38.4
1980,IA,3341,4797,29.5,42.3
1980,IA,2729,2880,40.1,42.3
1980,IA,3060,4469,32.2,47
1980,IA,4755,5553,37.5,43.8
1980,IA,2123,3073,32.3,46.8
1980,IA,2979,2917,39.3,38.5
1980,IA,6312,7169,36.4,41.3
1980,IA,2707,3357,35.9,44.5
1980,IA,2666,3701,31.1,43.2
1980,IA,3724,5294,30.6,43.5
1980,IA,2686,4265,30,47.7
1980,IA,4031,5458,33.7,45.6
1980,IA,2715,3980,31.9,46.7
1980,KS,2509,3377,33.1,44.5
1980,KS,5728,5475,41.4,39.6
1980,KS,1890,2992,29.6,46.9
1980,KS,2198,2446,37.9,42.1
1980,KS,1975,2583,33.4,43.7
1980,KS,3288,3448,37.1,39
1980,KS,2797,3942,33.4,47.1
1980,KS,1384,1881,32.6,44.3
1980,KS,2445,3164,36,46.6
1980,KY,8530,3618,62,26.3
1980,KY,5116,2208,61.6,26.6
1980,KY,3741,1991,55.5,29.5
1980,KY,7660,3207,62.8,26.3
1980,KY,7962,4309,54.9,29.7
1980,KY,5500,3915,47.7,34
1980,KY,10462,5896,55.2,31.1
1980,KY,7196,4237,55.9,32.9
1980,KY,3941,1408,66,23.6
1980,KY,3864,3386,43.6,38.2
1980,KY,4689,3096,52.7,34.8
1980,LA,6537,3769,54.4,31.4
1980,LA,14142,5809,61.1,25.1
1980,LA,5306,2658,54.7,27.4
1980,LA,5914,2371,58,23.3
1980,LA,11256,4295,62.7,23.9
1980,LA,5142,3063,50.3,30
1980,LA,9047,5009,52.7,29.2
1980,LA,4776,3319,47.9,33.3
1980,LA,7181,3421,57.7,27.5
1980,LA,7611,5160,51.1,34.6
1980,LA,5206,3241,51.5,32.1
1980,ME,4576,6625,29.7,43.1
1980,ME,6867,10412,26.4,40
1980,ME,9555,13252,32.1,44.6
1980,ME,3680,4617,34.6,43.5
1980,ME,9580,11150,36.2,42.2
1980,ME,5455,6646,32.8,39.9
1980,MI,6130,5785,42.2,39.8
1980,MI,5121,4850,42.6,40.3
1980,MI,8016,8166,39.4,40.2
1980,MN,6719,6095,39.9,36.2
1980,MN,4381,4742,35.8,38.7
1980,MN,7496,9910,30,39.6
1980,MN,3504,4188,34.5,41.3
1980,MN,2117,3761,27.1,48.2
1980,MN,2902,2988,33.6,34.6
1980,MN,3027,2493,43.1,35.5
1980,MN,2816,2803,38.6,38.4
1980,MN,2579,2487,40.5,39
1980,MN,6284,5383,43.8,37.5
1980,MN,3055,3026,39.8,39.4
1980,MS,6483,3125,55.5,26.8
1980,MS,4876,2279,55.6,26
1980,MS,3775,3108,45.9,37.8
1980,MS,6964,2242,60.4,19.4
1980,MS,6100,3045,55.6,27.8
1980,MS,7278,4392,50.9,30.7
1980,MS,7411,3856,54.6,28.4
1980,MS,2132,1734,41.3,33.6
1980,MS,6191,3413,54.6,30.1
1980,MO,6681,6205,43,39.9
1980,MO,3119,2849,43.5,39.8
1980,MO,3856,3051,47.9,37.9
1980,MO,3491,3611,38.9,40.3
1980,MO,3738,2376,52.4,33.3
1980,MO,2568,2261,42.4,37.3
1980,MO,7362,7180,41.2,40.2
1980,MO,3939,2019,57.8,29.6
1980,MO,5185,4102,46.2,36.6
1980,MO,5278,2522,58.5,27.9
1980,MO,5625,3087,57.1,31.3
1980,MO,9594,5947,53.8,33.4
1980,MO,5242,3395,52.9,34.3
1980,MT,1986,2000,34.9,35.2
1980,MT,3139,4246,28.4,38.4
1980,MT,1316,1748,31,41.2
1980,MT,3507,5361,25.5,39
1980,NE,2254,2471,38.7,42.5
1980,NE,3305,4479,34.2,46.3
1980,NE,2694,3558,33.3,43.9
1980,NE,1449,1913,27.7,36.6
1980,NE,2317,3820,26.2,43.2
1980,NM,2748,2067,45.7,34.4
1980,NM,2312,2150,36.4,33.8
1980,NY,10201,11256,35.5,39.2
1980,NY,9959,10552,35.6,37.7
1980,NY,7685,7947,34.9,36
1980,NY,9541,10414,37.3,40.7
1980,NY,5178,5662,37.6,41.1
1980,NC,9824,4691,56.1,26.8
1980,NC,16444,7231,55.8,24.6
1980,NC,13406,6270,56.3,26.3
1980,NC,8300,3814,55.2,25.4
1980,NC,7638,3305,57.7,25
1980,ND,2819,2630,34.2,31.9
1980,ND,4429,2787,46.4,29.2
1980,OH,6027,8373,33.8,46.9
1980,OH,4311,5215,39.5,47.8
1980,OH,5648,7747,34.8,47.7
1980,OH,6250,5934,44.6,42.4
1980,OH,4226,5748,36.7,49.9
1980,OH,5755,8404,33.3,48.6
1980,OH,6550,10258,31.4,49.1
1980,OK,5728,3012,54.9,28.9
1980,OK,4188,3569,43.5,37.1
1980,OK,7186,5291,47.2,34.8
1980,OK,3740,1965,53.7,28.2
1980,OK,3705,2741,45.3,33.5
1980,OK,5323,3141,51.6,30.5
1980,OK,3351,2342,47.9,33.5
1980,OK,8103,7007,41.8,36.2
1980,OK,3357,2500,47,35
1980,OK,3586,2203,47.6,29.3
1980,OR,1928,2469,29.8,38.2
1980,PA,11702,12397,42,44.5
1980,PA,8332,10009,36.1,43.4
1980,SC,3345,1323,56.8,22.5
1980,SC,5952,2797,54.7,25.7
1980,SC,8613,3539,58.3,23.9
1980,SC,9789,4836,54.9,27.1
1980,SC,9737,3543,60.7,22.1
1980,SC,5739,2723,57.3,27.2
1980,SC,5886,2336,60.2,23.9
1980,SC,2456,1011,57.9,23.8
1980,SC,10464,4842,56.4,26.1
1980,SC,11228,5268,56.5,26.5
1980,SD,1697,1709,34.4,34.6
1980,SD,1855,1814,34.7,33.9
1980,SD,2053,2317,33.1,37.3
1980,SD,2346,1066,52.7,24
1980,TN,9951,4839,56.7,27.6
1980,TN,8651,3603,61.2,25.5
1980,TN,16389,9672,53.4,31.5
1980,TN,7687,4410,56.4,32.3
1980,TN,7503,3945,58.1,30.6
1980,TN,5268,2106,63.5,25.4
1980,TN,8653,5232,53.1,32.1
1980,TN,7869,4588,56.7,33
1980,TN,10083,4216,60.8,25.4
1980,TN,6522,2941,62.3,28.1
1980,TN,5001,2334,61.5,28.7
1980,TX,1697,974,49.7,28.5
1980,TX,2778,1756,49.2,31.1
1980,TX,8363,5624,47.5,32
1980,TX,2503,1355,47.7,25.8
1980,TX,3885,1823,55.6,26.1
1980,TX,964,431,51.4,23
1980,TX,1033,854,42.4,35
1980,TX,7279,2765,60.5,23
1980,TX,3635,1117,64.6,19.9
1980,TX,6353,3022,50.1,23.9
1980,TX,3028,1437,54.9,26
1980,TX,1704,709,55.6,23.1
1980,TX,3176,1565,54.3,26.8
1980,TX,2830,1198,55.9,23.6
1980,TX,4254,2117,54.5,27.1
1980,TX,8672,5974,48.4,33.3
1980,TX,1813,482,65.2,17.3
1980,TX,5694,2668,53.5,25.1
1980,TX,2044,437,70.3,15
1980,TX,7592,2890,61.4,23.4
1980,TX,7470,3273,57.4,25.2
1980,TX,2695,1428,51.3,27.2
1980,TX,3971,2664,46,30.9
1980,TX,5962,3701,47.7,29.6
1980,TX,928,692,44.9,33.5
1980,TX,5724,2509,56.4,24.7
1980,TX,3003,1168,56.4,21.9
1980,TX,4314,1843,57.8,24.7
1980,TX,2734,1358,50,24.8
1980,TX,4029,2237,51.2,28.4
1980,TX,5054,3132,50.2,31.1
1980,TX,3161,2750,41.8,36.4
1980,TX,2572,1892,47.1,34.6
1980,TX,7814,4603,49.3,29.1
1980,UT,411,826,19,38.2
1980,UT,1854,2870,25.8,39.9
1980,VT,4686,5554,29.6,35.1
1980,VA,11565,4682,58.8,23.8
1980,VA,4271,2596,50,30.4
1980,VA,13971,5527,61.2,24.2
1980,VA,5687,2998,51.6,27.2
1980,VA,8510,3880,54.7,24.9
1980,VA,2238,1075,56.6,27.2
1980,VA,3004,1898,51.5,32.5
1980,VA,1107,849,32.6,25
1980,WA,2453,4140,23.1,38.9
1980,WA,5541,7222,30.1,39.3
1980,WV,4868,3242,50.7,33.8
1980,WV,10674,7693,46.7,33.7
1980,WV,3445,1894,56.2,30.9
1980,WV,6308,5790,42.1,38.7
1980,WV,8282,5635,52.1,35.5
1980,WV,5074,3190,51.9,32.6
1980,WV,5227,5336,40.8,41.7
1980,WI,3728,3336,42.7,38.2
1980,WI,8571,8778,37.4,38.3
1980,WI,2728,3428,31.9,40.1
1980,WI,3302,3335,39.2,39.5
1980,WI,8286,7365,43.8,38.9
1980,WI,4867,6182,32.2,40.8
1980,WI,4269,4656,37.5,40.9
1980,WI,3936,4289,38.8,42.3
1980,WI,4850,4579,41,38.7
1980,WI,7458,8868,36,42.8
1980,WI,3841,4062,36.7,38.8
1980,WI,3569,3641,39.4,40.2
1980,WI,4700,3846,45.2,37
1980,WI,6281,6256,40.1,39.9
1980,WI,6539,5651,41,35.4
1980,WI,9819,10878,37.7,41.8
1980,WI,4794,4539,41,38.8
1980,WY,1699,3091,23.9,43.6
1980,AL,5583,2988,57,30.5
1980,AL,4803,3036,53.5,33.8
1980,AR,3537,1745,58.8,29
1980,AR,2656,1645,52.5,32.5
1980,AR,3456,1785,57.2,29.6
1980,CA,1900,2530,26.3,35
1980,CA,449,751,21.9,36.6
1980,CO,852,735,44.1,38
1980,CO,197,393,21,41.9
1980,CO,930,1261,31.2,42.3
1980,FL,2364,1653,50.6,35.4
1980,FL,1296,829,52.3,33.5
1980,GA,2057,586,65.3,18.6
1980,GA,2331,775,65.6,21.8
1980,GA,6473,2202,63.6,21.6
1980,GA,2336,952,58.4,23.8
1980,GA,950,182,74.9,14.4
1980,GA,2864,966,64,21.6
1980,GA,2588,743,68.8,19.8
1980,GA,3323,1400,59.5,25.1
1980,ID,1650,1894,34.7,39.8
1980,ID,508,825,24.7,40.1
1980,ID,808,887,32.8,36
1980,ID,521,598,28.2,32.4
1980,ID,3932,4414,36.1,40.6
1980,IL,2547,1427,54.2,30.4
1980,IL,1352,931,51.2,35.3
1980,IL,2800,1596,53.1,30.2
1980,IN,4624,4580,41.2,40.8
1980,IN,1851,2509,35,47.4
1980,IA,1896,2809,31.4,46.6
1980,IA,1972,2294,36.6,42.6
1980,IA,3979,4694,37,43.7
1980,IA,4699,5423,37.5,43.3
1980,IA,1845,2499,32.9,44.6
1980,IA,2644,3989,32.6,49.2
1980,IA,2242,3198,31.9,45.5
1980,KS,1380,1372,40.1,39.9
1980,KS,1066,1115,39.3,41.1
1980,KS,1686,2300,32,43.7
1980,KY,5730,3132,57.9,31.7
1980,KY,4457,1707,64.4,24.7
1980,KY,5732,2301,62.8,25.2
1980,KY,5106,2029,64,25.4
1980,KY,5229,1784,67,22.9
1980,KY,5037,1734,67.6,23.3
1980,KY,2510,1325,58,30.6
1980,KY,4163,1987,58.7,28
1980,LA,3444,1885,54.8,30
1980,LA,3424,1643,58.3,28
1980,ME,4031,6243,24.8,38.4
1980,MD,6986,5724,46.1,37.8
1980,MI,4020,3311,46.6,38.4
1980,MI,4560,5139,36.4,41
1980,MN,2426,1717,47.5,33.6
1980,MN,1493,1009,48.5,32.8
1980,MN,3324,2439,43.5,31.9
1980,MN,2590,1982,43.9,33.6
1980,MN,1383,1107,45.4,36.4
1980,MS,2640,1820,50,34.5
1980,MS,4187,1253,61.3,18.3
1980,MS,769,314,62.1,25.4
1980,MS,2949,941,63.7,20.3
1980,MS,4147,1899,55.8,25.5
1980,MS,3476,2135,50.8,31.2
1980,MS,2246,772,57.8,19.9
1980,MS,4275,2751,49.6,31.9
1980,MS,3146,1556,56.3,27.8
1980,MO,2077,2041,42,41.3
1980,MO,2103,2086,40.4,40.1
1980,MO,2094,1724,46.9,38.6
1980,MO,1580,2135,34.7,46.9
1980,MO,2489,1664,53.1,35.5
1980,MO,4297,3399,47.1,37.3
1980,MT,862,1527,23.3,41.2
1980,MT,483,634,28.9,38
1980,MT,416,591,25.6,36.3
1980,MT,589,841,28.2,40.3
1980,MT,934,1133,33.8,41.1
1980,MT,1697,2147,32.2,40.7
1980,MT,1027,1400,29.1,39.7
1980,MT,1298,1431,32.6,36
1980,MT,178,259,29.3,42.7
1980,NE,1945,2457,33.9,42.8
1980,NE,1539,2121,31.2,43
1980,NE,1580,2296,30.9,44.9
1980,NE,607,1016,29.3,49.1
1980,NE,1337,1473,38.7,42.6
1980,NE,912,1160,31.2,39.7
1980,NE,1033,1215,35.6,41.9
1980,NE,1033,1145,39.1,43.4
1980,NE,1608,1504,40.5,37.8
1980,NY,1066,1286,32.7,39.4
1980,NY,3763,4142,36.2,39.8
1980,NC,4203,2342,50.4,28.1
1980,NC,7080,3239,59,27
1980,NC,5120,2418,57.5,27.2
1980,NC,3621,2318,41.5,26.6
1980,NC,3400,1562,55.5,25.5
1980,NC,5315,2520,57,27
1980,ND,1943,879,56.1,25.4
1980,ND,1328,625,51.5,24.2
1980,ND,1130,636,49.2,27.7
1980,ND,2890,2300,39.4,31.3
1980,ND,1365,1207,38.5,34.1
1980,ND,1590,1441,37.6,34.1
1980,ND,677,626,34.8,32.1
1980,ND,2043,1658,35.3,28.7
1980,OH,3961,4910,38.9,48.2
1980,OK,2561,1652,49.9,32.2
1980,PA,3603,2901,48.1,38.7
1980,PA,5126,4877,44.7,42.5
1980,PA,1481,1714,39,45.1
1980,PA,7860,10404,34.9,46.1
1980,SD,447,663,29.4,43.6
1980,SD,2989,1640,49.3,27
1980,SD,725,603,41.5,34.5
1980,SD,1016,862,42.2,35.8
1980,SD,1283,1714,31.8,42.5
1980,SD,1049,995,36.3,34.4
1980,SD,433,356,42.2,34.7
1980,TN,3124,1493,60.4,28.9
1980,TN,5120,1737,67.1,22.8
1980,TN,2905,860,71.4,21.1
1980,TN,2438,1251,56.6,29.1
1980,TN,3262,1668,59.2,30.3
1980,TX,245,136,48.8,27.1
1980,TX,1032,664,47.3,30.4
1980,TX,1344,590,59.7,26.2
1980,TX,1259,648,47.4,24.4
1980,TX,2015,1048,53,27.5
1980,TX,3493,1687,54.7,26.4
1980,TX,2962,1511,52.6,26.8
1980,TX,3293,1978,51.6,31
1980,TX,3262,1458,58.3,26.1
1980,TX,733,369,45.3,22.8
1980,TX,1173,617,48.3,25.4
1980,TX,326,194,46.7,27.8
1980,TX,1142,689,47.1,28.4
1980,UT,240,398,24,39.8
1980,VT,2664,3199,28,33.6
1980,VA,1928,1083,52.4,29.4
1980,VA,2087,1158,53.1,29.4
1980,VA,4669,1608,64.1,22.1
1980,VA,889,601,46.7,31.6
1980,VA,10070,3214,65.7,21
1980,VA,6605,2920,60.2,26.6
1980,WA,379,629,23.7,39.3
1980,WA,1441,2460,23.2,39.6
1980,WV,4638,2588,54.9,30.6
1980,WV,2825,1525,57.1,30.8
1980,WV,3723,2721,47.6,34.8
1980,WV,3010,2350,46,35.9
1980,WV,2565,1537,52.9,31.7
1980,WV,1976,1904,42.4,40.9
1980,WV,3438,2503,49.5,36
1980,WV,5063,3381,52.2,34.9
1980,WV,2450,2001,46.5,37.9
1980,WV,10984,5951,57.9,31.4
1980,WI,3258,4530,33.2,46.2
1980,WI,3069,2899,41.4,39.1
1980,AK,998,3819,8.9,34
1980,AK,1128,2705,17.8,42.6
1980,AZ,4649,3820,39.5,32.4
1980,AR,8354,7554,42.7,38.6
1980,AR,6585,6157,40.3,37.7
1980,AR,1897,1339,52.7,37.2
1980,AR,5700,3794,44.1,29.3
1980,AR,7367,4935,47.4,31.8
1980,AR,9016,5979,49.8,33
1980,AR,2546,1391,54.7,29.9
1980,AR,8985,6052,48,32.4
1980,AR,9397,7471,42.5,33.8
1980,AR,12390,10328,42,35
1980,CA,3579,4288,32.9,39.4
1980,CA,15070,22098,23.6,34.5
1980,CA,3382,4418,26.9,35.1
1980,CO,814,2375,10.4,30.2
1980,CO,2571,4847,19.6,37
1980,CO,3336,4377,30,39.4
1980,CO,1717,3053,24.5,43.5
1980,CO,353,1147,5.1,16.7
1980,CO,938,2760,11.9,34.9
1980,CO,243,1324,4.7,25.7
1980,GA,5322,2362,56.9,25.2
1980,GA,8231,3420,56.6,23.5
1980,GA,3323,1050,66.4,21
1980,GA,3232,1160,65,23.3
1980,GA,11612,5613,54.3,26.2
1980,GA,2170,1052,58.1,28.2
1980,GA,7354,3035,56.7,23.4
1980,GA,9531,4003,54.5,22.9
1980,GA,7042,3124,56,24.8
1980,GA,11285,5708,52.8,26.7
1980,HI,16724,19078,31.1,35.5
1980,HI,8295,6549,35.9,28.3
1980,ID,715,1768,11.9,29.5
1980,ID,77,185,16.2,39
1980,ID,2902,3486,29.5,35.4
1980,ID,2798,2838,34,34.5
1980,ID,550,828,27.8,41.8
1980,ID,3643,3575,35.8,35.1
1980,ID,328,519,21.5,34
1980,ID,9665,10416,31.8,34.3
1980,IL,15379,17508,35.8,40.8
1980,IL,8008,10249,33.7,43.2
1980,IL,9329,9787,33.8,35.5
1980,IL,2809,2514,43.2,38.7
1980,IL,6585,7073,37.6,40.4
1980,IL,4661,6412,32,44
1980,IL,2052,2394,37.9,44.3
1980,IL,9774,7568,43.7,33.8
1980,IL,4723,6866,25.6,37.3
1980,IL,4436,3156,46.9,33.3
1980,IL,1503,1657,39.7,43.8
1980,IN,6869,6887,41.8,41.9
1980,IN,7906,7596,41.7,40.1
1980,IN,9295,9817,37.5,39.6
1980,IN,4007,6939,28.1,48.7
1980,IN,16313,19021,36.2,42.2
1980,IA,3197,5406,25.6,43.3
1980,IA,8172,11952,27.5,40.2
1980,IA,2842,5446,24.5,47
1980,IA,1995,2453,36.3,44.7
1980,IA,8211,12490,29.3,44.6
1980,IA,2498,4421,25.1,44.5
1980,IA,2645,4257,25.9,41.7
1980,IA,8148,11945,31.3,45.9
1980,IA,4907,5805,35.4,41.9
1980,IA,8784,10639,35,42.4
1980,IA,7828,11090,28.6,40.6
1980,IA,1908,2422,32.9,41.8
1980,KS,5435,7542,29.2,40.5
1980,KS,3583,4553,26.7,33.9
1980,KS,3597,4354,28.8,34.9
1980,KS,3600,5098,26.3,37.2
1980,KS,595,681,31.6,36.2
1980,KS,5349,6071,34.3,39
1980,KS,4633,6219,28.6,38.4
1980,KS,9306,9497,35.5,36.3
1980,KS,1083,1923,27.8,49.3
1980,KS,6715,12050,23.6,42.4
1980,KS,2664,3650,29.1,39.9
1980,KY,2571,2064,46.6,37.4
1980,KY,12327,4471,63.8,23.1
1980,KY,6509,4725,44.4,32.3
1980,KY,6781,4984,40.2,29.5
1980,KY,3014,1667,54.8,30.3
1980,KY,10850,7081,50,32.7
1980,KY,13789,9086,50.3,33.1
1980,KY,10589,3781,64,22.8
1980,KY,12499,5923,57.5,27.3
1980,KY,7034,3002,63,26.9
1980,KY,2811,2127,49.1,37.2
1980,KY,14176,13759,37.1,36
1980,KY,1882,629,68.2,22.8
1980,KY,3836,1290,66.9,22.5
1980,KY,15090,7887,55.5,29
1980,KY,5255,1905,65.6,23.8
1980,KY,7002,3481,55.9,27.8
1980,KY,11034,4409,59.5,23.8
1980,LA,6388,3541,51.3,28.4
1980,LA,8727,10018,36.8,42.2
1980,MA,919,2516,14.9,40.7
1980,MI,6599,7258,36.1,39.7
1980,MI,2213,2595,32.6,38.3
1980,MI,5832,6699,35.3,40.6
1980,MI,7063,9652,31.3,42.7
1980,MI,4856,7217,30.6,45.5
1980,MI,7204,11712,22.8,37.1
1980,MI,7407,6997,36.8,34.7
1980,MI,2319,2533,37.3,40.8
1980,MI,708,465,50.2,33
1980,MI,2005,3240,23.2,37.4
1980,MI,9475,16334,24.4,42
1980,MI,5451,6761,33.9,42.1
1980,MI,5065,7244,32.9,47.1
1980,MI,2303,2303,40.5,40.5
1980,MI,5496,5924,37.4,40.4
1980,MN,5494,5092,34.4,31.9
1980,MN,4915,5134,37,38.7
1980,MN,7691,9108,34.9,41.3
1980,MN,4849,5299,35.1,38.4
1980,MN,5051,4752,39.2,36.9
1980,MN,5316,7015,30.9,40.7
1980,MS,9316,6293,43.9,29.7
1980,MS,9841,6008,50.4,30.8
1980,MS,11983,4408,54.2,19.9
1980,MS,3294,1376,59.7,24.9
1980,MS,5165,3004,53.4,31
1980,MS,10526,3647,56.2,19.5
1980,MS,5938,3280,50.8,28
1980,MS,7403,2947,60.7,24.2
1980,MS,4732,2887,49.6,30.2
1980,MS,3049,1463,54.6,26.2
1980,MS,17252,14604,39.3,33.3
1980,MS,13519,10367,41.3,31.7
1980,MS,11618,4308,55.3,20.5
1980,MS,12547,8734,42.1,29.3
1980,MS,5599,3315,35.6,21.1
1980,MS,6562,3679,53.4,30
1980,MS,10393,3254,58.9,18.5
1980,MS,18531,9283,50,25.1
1980,MO,4150,4271,32.5,33.4
1980,MO,11983,7153,51.8,30.9
1980,MO,2062,2264,40.6,44.6
1980,MO,12558,6162,57.9,28.4
1980,MO,8604,6251,48.2,35
1980,MO,2304,2825,35.9,44.1
1980,MO,6727,6842,38.5,39.2
1980,MO,7020,6053,39.1,33.7
1980,MO,5732,7889,32.8,45.1
1980,MO,2229,2350,41,43.2
1980,MO,1275,1402,40.1,44.1
1980,MT,7057,12114,23.1,39.6
1980,MT,3381,6237,15.6,28.9
1980,MT,1109,1603,27.2,39.3
1980,MT,4386,9496,17.7,38.2
1980,MT,7081,9387,30.9,40.9
1980,NE,126,273,22.3,48.4
1980,NE,3883,5564,29.4,42.2
1980,NE,432,597,32.1,44.4
1980,NE,1175,1812,26.7,41.2
1980,NE,5088,9215,24.4,44.2
1980,NE,149,268,25.6,46.1
1980,NE,141,134,38.1,36.2
1980,NE,5626,6843,31.1,37.8
1980,NE,1822,2268,35.8,44.5
1980,NE,4461,7110,27.3,43.5
1980,NE,7533,7849,33.6,35.1
1980,NE,265,534,23.1,46.6
1980,NE,1209,1399,33.6,38.9
1980,NV,3063,3912,30.6,39.1
1980,NV,263,270,38.1,39.1
1980,NV,1678,2242,30.6,40.9
1980,NH,8902,8358,41.3,38.7
1980,NH,10160,13374,26.9,35.4
1980,NH,7577,8726,34.5,39.8
1980,NM,10788,9655,36.5,32.6
1980,NM,6508,8904,29.7,40.6
1980,NM,10107,10361,37.2,38.2
1980,NM,5288,5088,36.8,35.4
1980,NM,11899,10134,40,34.1
1980,NM,12177,7175,48.8,28.8
1980,NM,2942,2521,35.4,30.3
1980,NM,4007,3481,37.2,32.4
1980,NY,15253,14219,36.3,33.8
1980,NY,10161,8806,40.2,34.9
1980,NY,10777,12061,32.3,36.1
1980,NC,8430,2831,64,21.5
1980,NC,14263,7446,53.6,28
1980,NC,1505,507,64.2,21.6
1980,NC,6365,3987,39.9,25
1980,ND,2220,1431,45.7,29.4
1980,ND,756,732,34.2,33.1
1980,ND,4464,3656,36.8,30.1
1980,ND,5125,4789,36.1,33.7
1980,ND,7587,10791,25.2,35.8
1980,ND,3522,4366,28.9,35.8
1980,OH,8216,6928,46.1,38.9
1980,OH,7613,9798,36.6,47.1
1980,OK,5197,3810,44.4,32.5
1980,OK,10563,9285,39.9,35
1980,OK,4730,4360,33.9,31.2
1980,OK,10540,14386,28.4,38.7
1980,OK,5398,5879,33.3,36.3
1980,OK,9937,10669,32,34.4
1980,OK,11662,8216,45.1,31.8
1980,OK,8017,5640,41.2,29
1980,OK,3152,3405,31.8,34.3
1980,OK,3972,4861,33.3,40.7
1980,OR,12389,15182,32,39.2
1980,OR,3575,4420,31.9,39.4
1980,OR,8844,14965,25.7,43.5
1980,OR,6483,9089,27.6,38.7
1980,OR,3423,5430,25,39.6
1980,PA,10688,13965,35,45.7
1980,PA,7869,7923,40.8,41.1
1980,SD,3805,4256,32.6,36.5
1980,SD,2963,3607,25.4,31
1980,SD,5819,7861,28.2,38.1
1980,SD,3736,4806,31.4,40.4
1980,SD,3251,3736,31.9,36.6
1980,SD,1455,935,45.8,29.4
1980,SD,1682,2693,20.5,32.9
1980,SD,443,514,32.1,37.2
1980,SD,323,481,28.3,42.2
1980,SD,3409,3574,31.1,32.6
1980,TN,11753,5529,57,26.8
1980,TN,9602,5921,52.7,32.5
1980,TN,1281,877,48,32.9
1980,TN,9817,7247,49,36.1
1980,TN,6921,2642,64.9,24.8
1980,TN,10211,5109,54.5,27.3
1980,TX,11066,6542,48.6,28.7
1980,TX,16737,10393,46.4,28.8
1980,TX,8496,6027,42.8,30.4
1980,TX,5164,2252,57.1,24.9
1980,TX,4260,2644,46.7,29
1980,TX,195,39,66.1,13.2
1980,TX,11938,7365,46.9,28.9
1980,TX,9767,2047,67.8,14.2
1980,TX,3600,3192,40.3,35.7
1980,TX,10169,5964,42.1,24.7
1980,TX,4396,1981,55.5,25
1980,TX,4616,3083,44.5,29.7
1980,TX,5993,3948,47.1,31
1980,TX,3374,1685,55,27.5
1980,TX,8642,4702,48.9,26.6
1980,UT,3984,4130,34.2,35.5
1980,UT,2866,3556,30.5,37.8
1980,VT,1627,1383,43.7,37.2
1980,VT,4073,4805,30.9,36.4
1980,VT,8381,12266,26.4,38.6
1980,VA,7247,2599,66.5,23.9
1980,VA,16418,7504,56.1,25.7
1980,VA,14613,6143,59.2,24.9
1980,VA,1511,742,53.8,26.4
1980,WA,8451,12641,26.7,39.9
1980,WA,8669,10477,31.9,38.6
1980,WV,2099,1509,48.2,34.6
1980,WV,18750,18761,39.3,39.3
1980,WV,7913,5735,47.2,34.2
1980,WI,954,1089,37.6,43
1980,WY,2327,5236,19.9,44.7
1980,WY,5622,8244,27,39.6
1980,WY,3547,5719,23.7,38.3
1980,WY,5021,9234,23.7,43.5
1980,WY,545,1552,9.6,27.2
1980,WY,1431,3026,22.2,46.8
1980,AZ,1855,2394,31.7,40.9
1980,AR,4530,2730,53.4,32.2
1980,AR,5658,2522,58.9,26.3
1980,AR,8133,3604,62,27.5
1980,AR,3338,2265,51.3,34.8
1980,AR,5568,3089,52.2,29
1980,AR,5613,1463,68.1,17.7
1980,AR,4824,2052,60.2,25.6
1980,AR,3489,2276,52,33.9
1980,AR,5880,2945,57.8,28.9
1980,AR,4495,3485,46.3,35.9
1980,AR,3300,1655,58.1,29.1
1980,GA,4901,2304,58.4,27.5
1980,GA,3023,1535,58.3,29.6
1980,GA,2680,995,59.3,22
1980,GA,7212,2746,61.6,23.4
1980,GA,3145,1307,60.5,25.1
1980,GA,3775,1665,59.5,26.2
1980,GA,2302,703,67,20.5
1980,GA,6482,2466,62.1,23.6
1980,GA,1872,628,63.2,21.2
1980,ID,1346,1673,32.3,40.1
1980,ID,2398,2532,34,35.9
1980,IL,4027,5286,34.7,45.5
1980,IL,4687,3421,49.1,35.9
1980,IL,4654,5596,35.4,42.5
1980,IL,3155,1898,53,31.9
1980,IL,3033,2456,45.5,36.8
1980,IL,4263,4694,38.1,41.9
1980,IL,4658,5235,38.7,43.5
1980,IL,2082,2302,39.3,43.5
1980,IL,5689,3863,50.1,34
1980,IN,3685,5803,31.5,49.5
1980,IN,2615,2701,41.7,43.1
1980,IA,3655,3791,38,39.4
1980,IA,2361,3133,30.2,40.1
1980,IA,3518,5417,29.6,45.5
1980,IA,2580,3485,31.2,42.2
1980,IA,2498,3733,30.1,44.9
1980,IA,2270,3419,29.7,44.7
1980,IA,2330,3324,31.2,44.6
1980,IA,1986,2672,34.8,46.8
1980,IA,3676,4043,35.6,39.1
1980,IA,2035,1916,40.2,37.8
1980,IA,2295,3164,30.5,42.1
1980,IA,2997,5185,26.8,46.4
1980,IA,2481,3182,31.3,40.1
1980,IA,3033,4498,29.4,43.6
1980,KS,2263,3381,28.5,42.6
1980,KS,4034,5730,31.5,44.8
1980,KS,1376,1827,31.4,41.7
1980,KS,1147,1386,30.6,37
1980,KS,3858,4596,33.1,39.4
1980,KS,1310,1872,25.1,35.8
1980,KS,2108,3138,28.3,42.1
1980,KS,1910,2308,32.6,39.4
1980,KS,864,1466,25.5,43.2
1980,KS,656,1333,23.9,48.5
1980,KY,6078,2062,65.4,22.2
1980,KY,4352,2919,50.5,33.8
1980,KY,3154,1940,54.6,33.6
1980,KY,4382,2194,59.8,29.9
1980,KY,2008,1661,45.9,38
1980,KY,5296,3016,55.1,31.4
1980,KY,7052,6045,43.6,37.4
1980,KY,4514,2113,49,23
1980,KY,3317,1771,54.1,28.9
1980,KY,6869,1872,70.4,19.2
1980,LA,4593,2046,55.7,24.8
1980,MI,3400,3948,36.6,42.4
1980,MI,5329,5750,37.8,40.7
1980,MI,3698,3243,43.1,37.8
1980,MI,2143,2040,41.3,39.3
1980,MN,3485,3511,37.8,38.1
1980,MN,3318,3655,36.2,39.8
1980,MN,3078,3094,35.9,36
1980,MN,2917,3292,35.6,40.2
1980,MN,4622,4489,39.7,38.5
1980,MN,3207,2755,41.4,35.6
1980,MN,3469,2851,42.2,34.7
1980,MN,3271,3111,39.8,37.8
1980,MS,5231,2991,52.8,30.2
1980,MS,5597,3375,50,30.2
1980,MS,11025,6211,53.7,30.2
1980,MS,4473,2066,57.2,26.4
1980,MS,7116,3920,52.2,28.8
1980,MS,5521,3622,47,30.8
1980,MS,4103,1452,60.4,21.4
1980,MS,7825,3751,56.1,26.9
1980,MS,5583,1794,63.1,20.3
1980,MS,5477,2798,54.2,27.7
1980,MS,5982,2996,53.3,26.7
1980,MS,4176,2228,54.6,29.1
1980,MO,5209,5335,38.9,39.9
1980,MO,4921,2790,55.2,31.3
1980,MO,4365,4244,41.6,40.4
1980,MO,2381,2591,39.9,43.4
1980,MO,7535,3653,58.2,28.2
1980,MO,8513,3684,60.7,26.3
1980,MO,6466,4657,49.9,35.9
1980,MT,2522,2914,33.1,38.2
1980,MT,3083,4024,31.1,40.6
1980,MT,2029,3442,25.3,43
1980,MT,2207,2330,33.4,35.2
1980,MT,1785,2081,31.6,36.9
1980,NE,2519,2452,41.6,40.5
1980,NE,2690,2938,38.7,42.2
1980,NE,2693,3816,30.4,43.1
1980,NE,2296,2466,35.9,38.5
1980,NE,1528,2504,27.1,44.4
1980,NE,1606,2545,26,41.2
1980,NV,716,900,33.4,42
1980,NM,1231,787,51,32.6
1980,NM,1248,1203,40.1,38.6
1980,NM,2070,2289,30.2,33.4
1980,NY,8595,10251,32,38.2
1980,NC,6388,4023,47.6,30
1980,NC,4306,2355,52.5,28.7
1980,ND,1709,936,47.3,25.9
1980,OH,8526,4508,57.3,30.3
1980,OH,6221,4578,47.7,35.1
1980,OH,4368,6483,33.2,49.3
1980,OK,4421,2186,55.9,27.6
1980,OK,5512,3183,53.4,30.8
1980,OK,2300,1498,48,31.3
1980,OK,4943,2837,53,30.4
1980,OK,3224,1691,52.3,27.4
1980,OK,2649,1606,45.6,27.7
1980,OK,2265,1471,48.8,31.7
1980,OK,2105,2051,39.3,38.3
1980,OK,3494,2278,46.5,30.3
1980,OK,7577,5509,45.3,32.9
1980,OK,3240,3310,39.2,40
1980,OK,2255,1969,33.2,29
1980,PA,7939,10622,35.4,47.3
1980,PA,1322,1492,40.9,46.2
1980,PA,10924,13194,37.6,45.5
1980,PA,3964,4371,38.4,42.4
1980,SC,5396,2123,56.8,22.4
1980,SD,1962,2050,37.3,38.9
1980,TN,5078,3262,53.6,34.5
1980,TN,2950,882,66.8,20
1980,TN,7063,3597,58.2,29.6
1980,TX,2263,1225,51.1,27.6
1980,TX,2725,1012,59.3,22
1980,TX,4684,2245,55.3,26.5
1980,TX,4287,1540,63.4,22.8
1980,TX,2185,1409,49,31.6
1980,TX,4674,2672,50.7,29
1980,TX,3337,1876,49.1,27.6
1980,TX,1203,1212,33.5,33.8
1980,TX,2164,1093,52.8,26.6
1980,TX,7516,4012,51.5,27.5
1980,TX,1266,886,48.1,33.7
1980,TX,3148,1279,55,22.4
1980,TX,2926,1501,52.9,27.1
1980,TX,2816,1691,48.3,29
1980,TX,2067,1081,50.3,26.3
1980,TX,8000,3772,56,26.4
1980,TX,2105,1298,48.2,29.7
1980,TX,4154,694,74.1,12.4
1980,UT,571,1070,24,44.9
1980,UT,1417,2234,25.2,39.7
1980,UT,2056,1406,41.2,28.1
1980,VT,4780,5864,31.7,38.9
1980,VT,6390,8313,28,36.4
1980,VA,10718,4064,62.8,23.8
1980,VA,10666,4056,58.9,22.4
1980,VA,11181,4440,60.9,24.2
1980,VA,2677,943,61.8,21.8
1980,WA,3648,4870,32.5,43.4
1980,WV,5764,4103,49.2,35
1980,WV,11825,5238,60.6,26.9
1980,WV,2811,2739,42.3,41.3
1980,WV,5556,4732,42.9,36.6
1980,WI,3647,3899,37.7,40.4
1980,WI,5172,5102,40.9,40.4
1980,WI,5716,7897,29.5,40.8
1980,WY,2877,5086,24.7,43.6
1980,WY,2155,2583,30.1,36.1
1980,WY,1034,1309,29.7,37.6
1980,WY,975,1602,24.1,39.6
1980,WY,1569,2714,25.2,43.6
1980,WY,1077,1587,27.3,40.2
1980,AL,5095,2695,55.3,29.3
1980,AL,4301,2583,53.4,32.1
1980,AL,4423,1852,58.4,24.5
1980,AR,3661,2450,48.9,32.7
1980,AR,3269,2774,43.8,37.2
1980,AR,3288,2143,51.8,33.7
1980,AR,3271,1534,58.4,27.4
1980,AR,3989,1613,61.6,24.9
1980,CO,594,621,27.7,28.9
1980,CO,704,1701,16.3,39.3
1980,CO,255,506,23.6,46.9
1980,CO,282,449,22.8,36.3
1980,CO,887,1218,31,42.5
1980,CO,678,1289,20.7,39.4
1980,CO,86,187,18.3,39.8
1980,CO,686,735,33.1,35.5
1980,CO,1144,1362,34.5,41
1980,GA,2157,814,64.9,24.5
1980,GA,3569,1618,53.7,24.4
1980,IL,1488,1348,43.3,39.2
1980,IA,2750,3719,32,43.3
1980,IA,2190,3184,30.7,44.6
1980,IA,3096,3693,34.8,41.5
1980,IA,1923,2522,35.5,46.5
1980,IA,1831,2523,34.2,47.2
1980,KS,723,881,32.9,40.1
1980,KS,443,726,24.7,40.5
1980,KS,768,1147,27.5,41.1
1980,KS,1002,1103,33.9,37.4
1980,KS,464,680,28.8,42.3
1980,KS,634,829,29.8,39
1980,KS,373,535,25.9,37.2
1980,KS,662,1024,25.7,39.8
1980,KS,967,1274,33.8,44.5
1980,KS,857,1122,29.1,38
1980,KS,1434,1836,33,42.3
1980,KS,1123,1069,36.8,35
1980,KS,1068,1560,27.6,40.3
1980,KS,979,966,37.5,37
1980,KS,2778,3082,36,39.9
1980,KY,1642,1360,47.5,39.3
1980,KY,5786,1912,66.8,22.1
1980,KY,8486,1868,72.4,15.9
1980,KY,3229,780,71,17.1
1980,KY,14215,5747,61.8,25
1980,KY,1792,1361,46.8,35.5
1980,KY,5003,1130,74.7,16.9
1980,KY,5168,1314,69.4,17.6
1980,KY,10326,4230,62.1,25.5
1980,KY,5803,1628,71.2,20
1980,KY,5245,2031,62.6,24.2
1980,LA,3923,1924,57.9,28.4
1980,LA,2713,1176,57.7,25
1980,LA,4368,2156,57.7,28.5
1980,MI,2612,2702,40.8,42.2
1980,MI,2042,2395,36.8,43.2
1980,MI,3116,4212,31.7,42.9
1980,MI,1717,2177,34.1,43.2
1980,MI,2578,1632,50.9,32.2
1980,MI,1684,1398,41.5,34.5
1980,MI,2269,2622,37,42.7
1980,MI,1878,1922,39.9,40.8
1980,MI,2164,2634,35.4,43
1980,MI,4179,4617,38.3,42.3
1980,MN,1887,1677,40.9,36.3
1980,MN,2185,1829,43.2,36.2
1980,MN,2764,2735,40.2,39.8
1980,MS,4985,2694,54.7,29.5
1980,MS,2795,1459,55.3,28.9
1980,MS,2461,1532,51.6,32.1
1980,MS,3930,2161,52,28.6
1980,MS,3206,2029,51.4,32.5
1980,MO,1815,2279,33.3,41.9
1980,MO,4095,2910,49.8,35.4
1980,MO,1784,978,54.8,30.1
1980,MO,2791,2903,41.2,42.8
1980,MO,3474,2303,51.8,34.3
1980,MO,1326,1563,37.9,44.6
1980,MO,3272,2272,50.6,35.2
1980,MO,2508,1847,48.9,36
1980,MO,1889,1508,47.8,38.2
1980,MO,4903,2065,62.8,26.4
1980,MO,1382,1460,40.1,42.4
1980,MO,2589,1640,54.5,34.5
1980,MO,1969,2217,39.3,44.2
1980,MO,2237,1967,45.4,39.9
1980,MO,4628,1951,64.1,27
1980,MO,784,811,39.1,40.4
1980,MT,528,859,27.4,44.5
1980,MT,987,1342,28.4,38.6
1980,MT,446,488,33.6,36.7
1980,NE,1593,2463,30.1,46.5
1980,NE,76,177,23.3,54.3
1980,NE,142,218,27.7,42.6
1980,NE,1523,2054,34.1,45.9
1980,NE,2506,2580,38.5,39.6
1980,NE,1157,1109,39.1,37.5
1980,NE,639,918,29.4,42.3
1980,NE,763,1399,26.7,49
1980,NE,187,421,22.2,50.1
1980,NE,2741,2825,38.6,39.8
1980,NE,1383,1395,37.3,37.6
1980,NE,941,1261,34.6,46.3
1980,NE,689,838,30.3,36.9
1980,NE,1123,1939,28,48.3
1980,NE,136,253,23.4,43.6
1980,NE,1049,1384,32.2,42.5
1980,NV,164,215,32.4,42.5
1980,NV,719,884,35.2,43.3
1980,NM,616,521,38.4,32.5
1980,NM,1313,659,55.9,28.1
1980,NC,3769,1458,61.5,23.8
1980,NC,8242,3647,59,26.1
1980,NC,1965,785,57.5,23
1980,NC,5254,2442,56.9,26.5
1980,ND,244,209,38.7,33.1
1980,ND,2229,1646,40.1,29.6
1980,ND,990,809,39.9,32.6
1980,ND,1693,1226,39.4,28.5
1980,ND,966,722,41.7,31.1
1980,ND,1087,807,41.9,31.1
1980,ND,1083,803,39.8,29.5
1980,ND,1202,731,45.9,27.9
1980,ND,1713,1176,42.9,29.5
1980,ND,1314,464,60.7,21.4
1980,ND,1444,1252,37.4,32.4
1980,ND,1750,1508,38.3,33
1980,ND,1214,1210,37,36.8
1980,OH,2418,3310,36.8,50.3
1980,OK,1576,1702,33.6,36.3
1980,OK,1243,1608,29.6,38.3
1980,OK,744,925,32.4,40.2
1980,OK,2137,997,57.4,26.8
1980,OK,1473,1481,39.1,39.3
1980,OK,1284,1299,36.5,37
1980,OK,1231,1825,28,41.5
1980,OK,1501,851,51.5,29.2
1980,OK,1018,1184,33.4,38.8
1980,OK,1217,1130,41.2,38.3
1980,OR,329,545,24.6,40.8
1980,OR,1175,2039,25.5,44.2
1980,OR,320,467,32.8,47.8
1980,PA,1481,1931,35.5,46.3
1980,SD,889,730,40.5,33.3
1980,SD,2116,1350,44.1,28.2
1980,SD,1258,1129,39.9,35.9
1980,SD,2167,1654,42.5,32.5
1980,SD,1421,1126,44.1,35
1980,SD,1282,653,52.2,26.6
1980,SD,812,737,39.2,35.6
1980,SD,1413,1143,42.7,34.5
1980,SD,1103,1116,35.8,36.2
1980,SD,415,471,32.9,37.3
1980,SD,723,663,39,35.8
1980,SD,303,349,33.7,38.9
1980,SD,1635,1599,37.7,36.9
1980,SD,751,832,36,39.9
1980,SD,1626,540,61,20.3
1980,SD,1513,1041,44.7,30.8
1980,SD,883,805,39.2,35.8
1980,SD,2855,2150,44.9,33.8
1980,SD,613,914,30.5,45.4
1980,SD,2187,2125,38.2,37.2
1980,TN,3083,1189,65.7,25.4
1980,TN,5699,2011,66.4,23.4
1980,TN,1712,671,63.7,25
1980,TN,1659,780,60.9,28.6
1980,TX,1307,619,52.2,24.7
1980,TX,1352,755,46.7,26.1
1980,TX,765,349,52.5,24
1980,TX,352,211,47.1,28.2
1980,TX,805,292,59.9,21.7
1980,TX,1243,532,49.5,21.2
1980,TX,1718,711,54.7,22.6
1980,TX,801,360,53.1,23.9
1980,TX,249,236,35.6,33.7
1980,TX,3387,1202,61.8,21.9
1980,TX,675,673,35.7,35.6
1980,TX,2011,1382,45.4,31.2
1980,UT,73,154,18.7,39.4
1980,UT,1281,2269,25,44.3
1980,VA,13097,4559,66.6,23.2
1980,WV,2448,1194,53.5,26.1
1980,WV,17089,7016,64.1,26.3
1980,WV,3261,1853,53.2,30.3
1980,WY,819,1214,27.8,41.3
1980,WY,564,1013,21.8,39.1
1980,AL,7627,4596,50.6,30.5
1980,AL,5197,2569,57.5,28.4
1980,AL,7127,4241,51.8,30.8
1980,AL,10347,5194,57.7,29
1980,AL,6079,4060,49.4,33
1980,AK,2605,1059,54.1,22
1980,AK,2459,6004,18,43.8
1980,AK,1131,2013,21.7,38.5
1980,AK,1393,843,45.6,27.6
1980,AK,901,567,43.6,27.4
1980,AK,1075,517,51.8,24.9
1980,AK,778,1574,18.9,38.1
1980,AK,923,1910,19.7,40.8
1980,AR,7201,5458,47.7,36.2
1980,AR,5332,3467,50.1,32.6
1980,CA,3010,4911,25.8,42.2
1980,CA,586,1890,11.8,37.9
1980,CO,1753,1922,29.1,31.9
1980,CO,2117,3225,27.2,41.4
1980,CO,502,1269,10.1,25.4
1980,CO,1348,1703,30.1,38.1
1980,CO,3436,2865,38.6,32.2
1980,CO,2524,2521,34.6,34.6
1980,CO,2289,1894,38,31.4
1980,CO,1999,2422,34.2,41.4
1980,GA,861,294,64.2,21.9
1980,GA,4035,1519,60.4,22.7
1980,ID,944,1513,26.1,41.8
1980,ID,1313,1700,29.7,38.4
1980,IL,4270,3989,39.9,37.3
1980,IL,3102,2994,37.8,36.5
1980,IA,4775,5444,36.8,41.9
1980,IA,3879,5138,35.3,46.8
1980,IA,4108,5761,32.1,45
1980,IA,6625,5499,40.9,34
1980,IA,4501,4393,38.5,37.6
1980,KS,3315,3692,34.6,38.5
1980,KS,1447,2161,28.8,43
1980,KS,1532,1831,34.2,40.8
1980,KS,1551,2236,31.8,45.8
1980,KS,1805,2531,28,39.3
1980,KS,1272,2021,27.8,44.2
1980,KS,1195,1663,25.9,36
1980,KY,16211,6483,60.1,24
1980,KY,7975,3905,57.2,28
1980,KY,4644,1191,69.5,17.8
1980,KY,11255,4127,62.7,23
1980,KY,26940,11124,61.7,25.5
1980,LA,3535,1262,61,21.8
1980,LA,7950,3504,58.7,25.9
1980,ME,19220,18401,38.3,36.7
1980,ME,5996,8375,28.5,39.9
1980,ME,8076,8208,38.6,39.2
1980,MA,635,1618,18.1,46.2
1980,MI,3570,4802,30.7,41.3
1980,MI,4362,5043,35.6,41.1
1980,MI,3313,5350,24.6,39.7
1980,MI,4450,5228,34.4,40.4
1980,MI,9180,8354,42.7,38.8
1980,MI,5146,6818,32.1,42.5
1980,MI,4246,3969,42.5,39.7
1980,MI,2468,3565,29.1,42
1980,MI,4046,4540,37.1,41.7
1980,MN,5359,6081,35.4,40.1
1980,MN,3223,2464,44.4,33.9
1980,MN,2065,2302,33.8,37.7
1980,MO,2837,3138,36.5,40.3
1980,MO,2509,2882,38.6,44.3
1980,MO,3919,4673,38,45.4
1980,MO,4648,5149,37.5,41.5
1980,MT,1131,1601,24.2,34.2
1980,MT,2354,2481,30.8,32.4
1980,MT,1849,2637,28.7,40.9
1980,MT,2198,3313,27.5,41.4
1980,MT,1815,2141,32.1,37.9
1980,MT,2780,3431,28.6,35.3
1980,MT,1214,1434,31.3,36.9
1980,MT,921,1266,28.4,39
1980,MT,1602,2480,27.2,42.1
1980,NE,1834,3501,23.9,45.6
1980,NE,1075,1630,26.2,39.7
1980,NE,1628,2508,26.7,41.1
1980,NE,1240,2099,23.6,40
1980,NE,2532,3461,32.1,43.8
1980,NE,1670,2032,32.3,39.2
1980,NE,1849,3308,24.6,44
1980,NE,2736,3098,36.7,41.5
1980,NV,1418,1538,37.6,40.7
1980,NV,1460,2066,29.3,41.5
1980,NM,2788,2807,35.8,36
1980,NM,2563,2254,40.3,35.4
1980,NM,1092,1195,37.8,41.3
1980,NC,7356,2709,62.1,22.9
1980,ND,2263,1492,42.6,28.1
1980,ND,2578,2386,33.6,31.1
1980,OK,10700,6186,52.4,30.3
1980,OR,3074,3818,30.3,37.7
1980,OR,1361,2211,28,45.4
1980,SD,1620,1641,38,38.5
1980,SD,1637,1578,37.8,36.4
1980,TX,1315,886,32.5,21.9
1980,TX,2372,1267,52.3,28
1980,TX,1236,732,49.7,29.4
1980,TX,1537,1443,41.9,39.4
1980,TX,661,873,27,35.6
1980,TX,1224,954,43.6,34
1980,TX,3465,2135,43.9,27.1
1980,TX,1789,1903,33.5,35.6
1980,TX,3756,2160,50.7,29.2
1980,TX,1690,550,58.9,19.2
1980,TX,2999,1598,48,25.6
1980,TX,1150,918,41.4,33.1
1980,TX,5808,3521,48.1,29.2
1980,UT,1127,1697,26.5,39.9
1980,UT,1036,1808,22.6,39.5
1980,UT,1713,3054,22.6,40.3
1980,VT,5447,4951,39.9,36.3
1980,VA,12829,4214,62.6,20.6
1980,WI,3403,3957,34.3,39.8
1980,WI,2908,3411,35.5,41.6
1980,WY,2743,5282,22.1,42.6
1980,WY,1824,3099,26.5,45
1980,WY,1301,2276,24.7,43.2
1980,AK,109,261,18.1,43.4
1980,AK,929,615,43.6,28.9
1980,AK,212,375,22.1,39.1
1980,AK,1222,368,65.4,19.7
1980,AK,566,1274,20.4,45.9
1980,AK,1328,1446,33.1,36
1980,CA,2366,4436,21.6,40.4
1980,CO,1246,1145,37.8,34.7
1980,CO,1437,1183,39.1,32.2
1980,CO,368,587,28.1,44.8
1980,CO,1942,1187,48,29.3
1980,CO,960,456,54.1,25.7
1980,CO,340,399,35.6,41.8
1980,CO,372,617,28.5,47.3
1980,CO,81,203,16.5,41.4
1980,CO,909,739,40.7,33.1
1980,CO,296,530,14.9,26.7
1980,FL,1063,776,46.1,33.6
1980,GA,1300,410,62.8,19.8
1980,GA,1002,317,68.2,21.6
1980,GA,1920,894,55,25.6
1980,GA,3546,1206,61.4,20.9
1980,ID,613,746,31.1,37.8
1980,ID,107,137,24.4,31.3
1980,IL,2032,1876,41.1,37.9
1980,IL,1995,981,58,28.5
1980,IA,1106,1684,30,45.7
1980,IA,2026,2271,35.6,39.9
1980,IA,1318,1944,32.5,48
1980,IA,2025,2558,36.9,46.6
1980,KS,1290,1830,29.9,42.4
1980,KS,909,979,36.7,39.5
1980,KS,448,712,26.1,41.5
1980,KS,937,1195,31.9,40.7
1980,KS,687,839,31,37.9
1980,KS,720,1076,29,43.4
1980,KS,287,469,26.5,43.3
1980,KS,935,1787,26.9,51.4
1980,KS,414,698,26.6,44.9
1980,KS,671,884,31.3,41.2
1980,KS,461,911,23.6,46.6
1980,KS,904,1169,31.4,40.6
1980,KS,1342,1710,33.8,43.1
1980,KS,855,970,32.7,37.1
1980,KS,1517,2245,29.2,43.3
1980,KS,682,820,32.7,39.3
1980,KS,1370,1791,33.7,44.1
1980,KS,424,462,32.7,35.6
1980,KS,357,504,28.8,40.7
1980,KS,2266,2377,40.7,42.7
1980,KS,583,616,34.2,36.2
1980,KS,1229,1254,39.5,40.3
1980,KY,5528,1798,63,20.5
1980,KY,3884,1183,69.5,21.2
1980,KY,2571,693,68.7,18.5
1980,KY,5927,2063,63.8,22.2
1980,KY,2974,1001,65.4,22
1980,KY,4783,1318,69.9,19.3
1980,KY,4505,1606,65.5,23.4
1980,KY,2288,551,70.7,17
1980,KY,2698,558,73.2,15.1
1980,MI,1610,2565,29.1,46.4
1980,MI,1751,1719,40.7,39.9
1980,MN,1853,1977,38,40.6
1980,MN,621,998,23.6,38
1980,MN,1612,1367,38.1,32.3
1980,MN,2764,2410,41.4,36.1
1980,MN,930,864,39.9,37.1
1980,MN,1481,1270,42.3,36.3
1980,MO,1274,1389,40.3,43.9
1980,MO,2493,1378,57.7,31.9
1980,MT,1192,1344,31.5,35.5
1980,MT,335,456,29.6,40.3
1980,MT,610,649,33.9,36
1980,MT,768,858,36.3,40.6
1980,MT,262,418,27.1,43.3
1980,MT,426,480,31.3,35.2
1980,MT,464,590,30.5,38.8
1980,MT,108,157,28.1,40.9
1980,MT,1047,1252,34,40.7
1980,MT,394,608,26.2,40.5
1980,MT,467,363,40.5,31.5
1980,MT,1376,2194,27.5,43.9
1980,MT,1083,1111,32.3,33.2
1980,MT,680,743,32.7,35.7
1980,MT,444,636,29.9,42.8
1980,MT,342,293,39.9,34.1
1980,NE,882,827,40.2,37.7
1980,NE,909,1185,33.5,43.6
1980,NE,798,1178,27.8,41.1
1980,NE,464,603,29,37.7
1980,NE,748,675,39.4,35.5
1980,NE,1378,1823,31.7,41.9
1980,NE,575,764,30,39.9
1980,NE,592,590,38.6,38.5
1980,NE,104,268,20.1,51.7
1980,NE,780,1086,30.6,42.6
1980,NE,188,266,29.5,41.7
1980,NE,253,344,32.2,43.8
1980,NE,150,240,28.4,45.5
1980,NE,1381,2044,32,47.4
1980,NE,455,588,31.3,40.4
1980,NE,1543,1781,33.2,38.3
1980,NE,1886,2031,37.7,40.6
1980,NE,1194,1551,33.1,43
1980,NE,179,236,30.1,39.7
1980,NM,717,582,44,35.7
1980,NM,286,284,40.6,40.3
1980,NC,6655,3393,56.4,28.7
1980,NC,2302,1122,53.6,26.1
1980,NC,2595,1140,60,26.4
1980,ND,709,805,32.1,36.5
1980,ND,1934,1318,44.8,30.5
1980,ND,795,815,33,33.9
1980,ND,1782,1477,38.2,31.6
1980,ND,996,611,44.1,27
1980,ND,453,421,31.8,29.6
1980,ND,965,785,39.4,32
1980,ND,2080,564,63.3,17.2
1980,ND,2520,1963,39.3,30.6
1980,ND,3005,1397,51.4,23.9
1980,ND,998,440,55.4,24.4
1980,ND,242,185,36.4,27.8
1980,ND,949,834,37.2,32.7
1980,ND,1999,1308,45.3,29.7
1980,OK,3719,2354,51,32.3
1980,OR,269,487,21,37.9
1980,OR,1472,2035,29.5,40.8
1980,OR,1475,1714,32.6,37.9
1980,SD,636,583,39.7,36.4
1980,SD,1133,1129,36.4,36.2
1980,SD,294,279,39.5,37.4
1980,SD,659,483,45.5,33.3
1980,SD,2385,1811,43.4,32.9
1980,SD,1213,781,48.9,31.5
1980,SD,1119,851,44.4,33.7
1980,SD,1496,1294,40.3,34.9
1980,SD,356,325,36.1,33
1980,SD,519,353,45.3,30.8
1980,SD,1318,1019,41.4,32
1980,TN,3947,2051,57.5,29.9
1980,TX,737,445,47,28.4
1980,TX,1107,474,58.1,24.9
1980,TX,901,428,55.7,26.5
1980,TX,572,340,49.8,29.6
1980,TX,1873,1078,52,29.9
1980,TX,458,197,45,19.4
1980,TX,77,102,32.6,43.2
1980,TX,1855,845,54.3,24.7
1980,TX,803,738,35.8,32.9
1980,TX,31,21,44.9,30.4
1980,TX,249,110,48.4,21.4
1980,TX,865,351,55.5,22.5
1980,TX,640,381,48.2,28.7
1980,TX,822,481,51.7,30.3
1980,TX,382,292,40.1,30.6
1980,TX,704,359,49.8,25.4
1980,UT,556,769,27.5,38.1
1980,UT,199,305,26.1,40
1980,UT,296,418,28.3,40
1980,VA,6436,2592,61.7,24.9
1980,VA,3405,1653,49.4,24
1980,VA,4479,1774,60.6,24
1980,VA,3549,1590,53.1,23.8
1980,VA,2494,969,57.2,22.2
1980,WA,886,1288,28,40.8
1980,WA,670,1708,12,30.5
1980,WV,3332,1835,55,30.3
1980,WV,4513,1675,65,24.1
1980,WI,2240,2005,42.9,38.4
1980,WI,1654,1723,37.4,38.9
1980,WI,3773,3939,39.1,40.9
1980,WI,2824,3201,35.2,39.9
1980,WI,3315,4496,30.1,40.8
1980,WY,1989,2642,29.2,38.8
1980,WY,543,772,29.5,41.9
1980,US,44535197,45947035,33.5,34.6
1980,AL,964840,704207,43.5,31.8
1980,AK,36941,82180,17.5,38.9
1980,AZ,430974,535096,27.6,34.3
1980,AR,595637,443429,44.5,33.2
1980,CA,3724736,4415732,26.5,31.4
1980,CO,355405,575365,21.4,34.6
1980,CT,563760,653884,29.7,34.4
1980,DE,108063,124798,31.4,36.2
1980,DC,131277,101817,32.9,25.5
1980,FL,2082948,2189572,33.3,35
1980,GA,1344821,878923,43.6,28.5
1980,HI,143338,192042,26.2,35.1
1980,ID,135181,187912,26.3,36.5
1980,IL,2237240,2343719,33.5,35.1
1980,IN,1054286,1309020,33.6,41.7
1980,IA,483956,729369,28.5,42.9
1980,KS,370235,543823,26.7,39.2
1980,KY,978135,653876,46.9,31.3
1980,LA,965657,705808,42.3,30.9
1980,ME,207366,259964,31.3,39.3
1980,MD,813543,812201,32.6,32.5
1980,MA,963289,1260868,27.8,36.4
1980,MI,1681690,1997940,32,38
1980,MN,632148,904382,26.9,38.6
1980,MS,618625,398848,45.2,29.2
1980,MO,1064597,1059240,36.5,36.3
1980,MT,115334,171109,25.6,38
1980,NE,242616,370302,26.6,40.6
1980,NV,117580,193787,24.5,40.4
1980,NH,150385,201416,27.7,37.2
1980,NJ,1468349,1615424,32.6,35.9
1980,NM,220240,241403,31.1,34.1
1980,NY,3615909,3651739,33.7,34.1
1980,NC,1537018,947017,45.2,27.8
1980,ND,122546,114122,33.6,31.3
1980,OH,2078014,2547330,33,40.5
1980,OK,602284,615290,34,34.8
1980,OR,384834,586543,24.4,37.1
1980,PA,2556743,2925153,35.3,40.4
1980,RI,223949,188488,38.9,32.8
1980,SC,802294,468796,46.3,27.1
1980,SD,125056,141375,32.1,36.3
1980,TN,1180339,852715,43.8,31.7
1980,TX,2969790,2285510,37.4,28.8
1980,UT,140818,253495,20,36
1980,VT,85509,107297,29,36.4
1980,VA,1177007,889682,37.6,28.4
1980,WA,546395,911171,22.4,37.4
1980,WV,504854,408318,44,35.6
1980,WI,822293,1093496,30.4,40.4
1980,WY,56353,102042,22.1,40
1990,AL,4850,3407,48.2,33.8
1990,AL,9960,8763,39.5,34.7
1990,AL,9023,6770,43.4,32.6
1990,AL,111325,120393,26.2,28.3
1990,AL,12450,10492,39,32.9
1990,AL,13507,15884,21.8,25.6
1990,AL,19350,14080,44,32
1990,AZ,248814,342255,18.5,25.5
1990,AZ,24763,22222,34.5,31
1990,AR,12344,9005,42.4,30.9
1990,CA,155606,190822,18.6,22.8
1990,CA,72071,120589,13.5,22.6
1990,CA,11928,24068,14.1,28.5
1990,CA,1642813,1134608,30,20.7
1990,CA,13648,27848,8.1,16.4
1990,CA,286557,307521,18.8,20.1
1990,CA,17006,29751,14.9,26
1990,CA,188015,191492,25.9,26.4
1990,CA,117470,158422,17.8,23.9
1990,CA,6915,5524,31.6,25.2
1990,CA,202956,222977,24.6,27
1990,CA,281660,354882,18.1,22.8
1990,CA,117834,97583,22,18.2
1990,CA,71343,95754,15.9,21.3
1990,CA,175123,183546,18,18.8
1990,CA,16965,18093,20.9,22.3
1990,CO,34411,56948,21.2,35
1990,CO,21333,54994,8.5,21.8
1990,CO,433,1376,8.2,26.2
1990,CO,66795,75653,20.8,23.6
1990,CO,1979,7567,5.2,19.7
1990,CO,970,1978,15.8,32.2
1990,CO,154,615,7,27.8
1990,CO,29112,72294,10.2,25.2
1990,CO,439,1621,8.9,32.9
1990,CT,127653,169140,22.3,29.5
1990,CT,16884,29107,17.4,29.9
1990,CT,12090,23597,15.3,29.8
1990,DE,54957,88345,19.4,31.1
1990,DC,109866,86756,26.9,21.2
1990,FL,3930,4101,35.9,37.4
1990,FL,208133,284651,23.2,31.7
1990,FL,12326,20982,18.8,32.1
1990,FL,98062,130881,23.1,30.9
1990,FL,22598,28555,29.5,37.3
1990,FL,132998,156984,24.4,28.8
1990,FL,32900,39462,29.4,35.2
1990,FL,448282,296444,35,23.1
1990,FL,8078,10723,28.8,38.3
1990,FL,91596,126210,21.2,29.2
1990,FL,18507,25603,26.3,36.4
1990,FL,134079,190158,21.2,30.1
1990,FL,70458,76418,33.1,35.9
1990,FL,139990,201917,21.9,31.7
1990,FL,11589,16838,20.1,29.2
1990,FL,28864,49338,15.4,26.3
1990,GA,7524,5855,41.2,32
1990,GA,14274,11892,41.3,34.4
1990,GA,4057,3590,41.6,36.8
1990,GA,16697,13503,39.5,31.9
1990,GA,14016,17308,24.8,30.6
1990,GA,25151,39480,22.8,35.8
1990,GA,40838,70183,14.2,24.3
1990,GA,10874,11815,32.6,35.4
1990,GA,2367,2001,39.9,33.7
1990,GA,56953,82260,16.1,23.3
1990,GA,12007,16483,27.7,38
1990,GA,5274,11800,13.5,30.1
1990,GA,9191,8698,32.4,30.7
1990,GA,92136,92678,22.2,22.3
1990,GA,29416,56615,13.3,25.7
1990,GA,6114,4672,44,33.6
1990,GA,2695,1724,50.9,32.6
1990,GA,10016,14103,27.1,38.1
1990,GA,1887,1911,35.4,35.9
1990,GA,3421,2713,42,33.3
1990,GA,6596,4374,48.4,32.1
1990,GA,3286,2701,40.4,33.2
1990,GA,10149,8253,40.3,32.7
1990,GA,8967,9725,35.9,38.9
1990,GA,4049,3182,43.2,34
1990,GA,2279,2518,35.1,38.8
1990,GA,7467,11247,22.3,33.6
1990,GA,13468,10898,40,32.4
1990,GA,10012,7509,42.1,31.6
1990,IL,2965,3539,30.7,36.6
1990,IL,1332,1446,37.2,40.4
1990,IL,7080,7369,32.8,34.2
1990,IL,875479,864965,26.6,26.3
1990,IL,6741,12868,16.1,30.8
1990,IL,57381,117239,11.4,23.3
1990,IL,4321,8345,21,40.6
1990,IL,3608,4966,28.1,38.7
1990,IL,42736,56182,22.3,29.3
1990,IL,3946,8846,16.3,36.6
1990,IL,48641,79832,15.3,25.1
1990,IL,17773,37319,15.5,32.5
1990,IL,8485,13416,27.2,43
1990,IL,39064,58137,24.2,36
1990,IL,3527,5655,24.1,38.7
1990,IL,44560,49763,27.4,30.6
1990,IL,42236,71658,19.6,33.2
1990,IN,4368,9142,17.5,36.7
1990,IN,2241,3871,23.6,40.7
1990,IN,15520,21158,27.2,37.1
1990,IN,6454,10568,26.5,43.4
1990,IN,11112,14585,26.8,35.1
1990,IN,7814,18311,11.3,26.5
1990,IN,5773,12014,19.9,41.4
1990,IN,5437,8220,28.9,43.7
1990,IN,7656,19138,15.9,39.8
1990,IN,3668,7256,24.5,48.4
1990,IN,10803,21956,19.6,39.8
1990,IN,79181,114913,26.5,38.5
1990,IN,22537,34954,26.5,41.2
1990,IN,118600,158958,23.2,31.1
1990,IN,9271,15375,26.4,43.8
1990,IN,2361,3997,27.6,46.7
1990,IN,1116,1608,32.3,46.5
1990,IN,14008,31451,17.6,39.5
1990,IN,4415,8389,23.9,45.5
1990,IN,5225,5030,40,38.5
1990,IN,6620,11383,25.9,44.5
1990,IN,1264,1913,28.7,43.5
1990,IN,5071,6317,33.8,42.1
1990,KS,16484,49958,7.1,21.7
1990,KS,6511,14002,15.5,33.3
1990,KS,1461,2382,26.1,42.6
1990,KS,3259,6192,21.5,40.9
1990,KS,30288,36022,30.1,35.8
1990,KY,8329,12866,23.6,36.4
1990,KY,2209,1793,44,35.7
1990,KY,10101,11471,35.3,40.1
1990,KY,15316,18001,29,34.1
1990,KY,1347,1304,40.2,38.9
1990,KY,3700,3849,38.4,39.9
1990,KY,3279,3260,39.1,38.9
1990,KY,113529,132878,25.9,30.3
1990,KY,22676,29317,25.6,33.1
1990,KY,4178,6366,19.8,30.2
1990,KY,2924,2983,39.9,40.7
1990,KY,4913,6008,30.1,36.8
1990,KY,1844,1466,42.5,33.8
1990,KY,1510,1552,38.4,39.5
1990,LA,67957,90204,24,31.9
1990,LA,97208,71889,31.9,23.6
1990,LA,6258,4798,42,32.2
1990,LA,13753,16427,32.8,39.2
1990,LA,6606,9116,26,35.8
1990,LA,4677,4685,38.9,39
1990,LA,6480,8770,28.5,38.5
1990,LA,20656,25410,23.1,28.4
1990,MD,52224,83672,18.9,30.3
1990,MD,102418,137453,21.6,29
1990,MD,6709,11900,20.7,36.7
1990,MD,17049,27397,21.5,34.6
1990,MD,12496,16275,27.8,36.2
1990,MD,11530,22281,19,36.6
1990,MD,18618,32293,19.6,34
1990,MD,21172,36025,18.4,31.3
1990,MD,10853,22906,8.9,18.7
1990,MD,48292,85907,9.4,16.8
1990,MD,76825,133951,16.8,29.2
1990,MD,5341,7932,23.2,34.5
1990,MD,186630,130317,39.3,27.5
1990,MA,114937,95765,35,29.2
1990,MA,88317,131265,19.8,29.4
1990,MA,148084,257659,15.7,27.4
1990,MA,50547,124442,12,29.6
1990,MA,44897,94553,16.2,34.1
1990,MA,105101,121198,24.6,28.4
1990,MI,10177,18027,22.4,39.7
1990,MI,10440,23444,14.4,32.4
1990,MI,108971,160962,23.1,34.1
1990,MI,110203,184626,15.4,25.7
1990,MI,22992,33813,25.2,37.1
1990,MI,398032,400583,30,30.2
1990,MN,19272,55655,13.3,38.3
1990,MN,4496,10319,15.4,35.3
1990,MN,3743,7889,19.9,42
1990,MN,15685,51134,9.3,30.4
1990,MN,81332,180413,11.8,26.3
1990,MN,3453,6483,21.8,40.9
1990,MN,3452,5891,23.7,40.4
1990,MN,3546,4602,29.9,38.8
1990,MN,46478,92582,15,29.8
1990,MN,5286,13568,15.2,38.9
1990,MN,3788,9678,15.8,40.4
1990,MN,2960,3857,31.8,41.4
1990,MN,8947,29961,10,33.3
1990,MN,8026,17751,19.9,43.9
1990,MS,2595,1352,53.6,27.9
1990,MS,11943,14929,28.8,35.9
1990,MS,8507,4932,48.3,28
1990,MS,4899,3635,39,29
1990,MS,2225,981,54.1,23.9
1990,MO,3342,4437,33.1,44
1990,MO,1371,2678,24.6,48
1990,MO,7958,16379,20,41.2
1990,MO,15159,35188,15.3,35.6
1990,MO,2464,4669,22.9,43.5
1990,MO,16242,18037,32.5,36
1990,MO,84464,134837,20.5,32.7
1990,MO,29556,39737,28.4,38.1
1990,MO,5839,8465,28.9,41.9
1990,MO,5937,7235,33.2,40.5
1990,MO,4563,11589,12.2,30.9
1990,MO,4039,6290,28.8,44.9
1990,MO,21749,42475,16.7,32.7
1990,MO,116694,174886,17.7,26.5
1990,MO,4007,4867,32,38.9
1990,MO,95222,68965,37.2,27
1990,NV,110286,156127,22.7,32.1
1990,NH,22053,49824,13.8,31.2
1990,NH,12730,20649,20.2,32.8
1990,NJ,107514,170043,18.4,29.1
1990,NJ,46128,84729,18.1,33.2
1990,NJ,78908,108650,24.5,33.8
1990,NJ,151567,140507,29.9,27.8
1990,NJ,32655,54499,22.5,37.6
1990,NJ,133748,105339,35.9,28.3
1990,NJ,10239,21042,14.1,28.9
1990,NJ,92277,143402,20.6,32
1990,NJ,63296,110472,17.2,29.9
1990,NJ,36987,77431,13,27.2
1990,NJ,75652,113178,25.1,37.6
1990,NJ,92018,94756,31.2,32.2
1990,NJ,11748,16676,27.4,38.9
1990,NJ,22904,44226,13.7,26.4
1990,NJ,12496,28933,14.9,34.6
1990,NJ,84173,105820,24.8,31.2
1990,NY,304929,207262,41.5,28.2
1990,NY,33942,48960,20.2,29.1
1990,NY,151002,202981,23.6,31.7
1990,NY,529049,415668,36.3,28.5
1990,NY,8450,13265,22.5,35.2
1990,NY,91284,128252,19.9,28
1990,NY,139145,266264,15.8,30.2
1990,NY,270929,174018,24.7,15.9
1990,NY,34973,53615,24.2,37.1
1990,NY,11666,20753,19,33.8
1990,NY,43351,61134,22.8,32.2
1990,NY,7572,10188,28.5,38.4
1990,NY,7379,17003,13.5,31.1
1990,NY,389662,401918,28.9,29.8
1990,NY,52578,86330,21.4,35.2
1990,NY,28406,44306,16.7,26.1
1990,NY,152118,281557,17.8,32.9
1990,NY,14498,20467,25.7,36.3
1990,NY,114862,151506,19,25.1
1990,NY,3867,5366,26.3,36.5
1990,NC,21219,19797,32.6,30.4
1990,NC,2944,3351,32.3,36.8
1990,NC,8903,7817,37.6,33
1990,NC,43883,30423,39.1,27.1
1990,NC,2382,2070,39.1,34
1990,NC,20627,19769,33.5,32.1
1990,NC,18908,17540,35.4,32.8
1990,NC,12384,9650,38,29.6
1990,NC,60906,76305,18.4,23.1
1990,NC,24929,23600,34,32.2
1990,NC,16074,17011,31,32.8
1990,NC,39737,57917,14.6,21.3
1990,OH,7639,8771,35.1,40.3
1990,OH,42524,61368,24,34.7
1990,OH,24934,33383,27.2,36.4
1990,OH,245297,291883,26,30.9
1990,OH,6532,14345,15.6,34.3
1990,OH,13869,26852,21.2,41.1
1990,OH,113495,173593,19,29.1
1990,OH,9211,15547,18,30.3
1990,OH,134227,152594,24.4,27.7
1990,OH,5263,6979,32.2,42.6
1990,OH,26972,51581,18.9,36.2
1990,OH,19247,34707,23.6,42.5
1990,OH,41895,64501,24.7,38.1
1990,OH,7290,9632,30.5,40.3
1990,OH,13547,30200,17.6,39.2
1990,OH,4920,7910,28.7,46.1
1990,OH,6104,9431,31.4,48.6
1990,OH,9505,13244,30.3,42.2
1990,OH,4893,9033,23.8,44
1990,OH,17946,24922,24.5,34.1
1990,OK,8184,14997,17.7,32.4
1990,OK,16615,27267,16.1,26.5
1990,OK,8159,9019,31,34.2
1990,OK,5888,7322,31.2,38.8
1990,OK,4912,6107,28,34.8
1990,OK,4050,5265,27.8,36.1
1990,OK,80030,99757,20.9,26.1
1990,OR,26130,49571,14.3,27.2
1990,OR,5288,9085,22,37.8
1990,OR,67093,102543,17.1,26.2
1990,OR,23752,45693,11.8,22.8
1990,OR,8483,13023,20.9,32.2
1990,PA,194260,329546,21,35.6
1990,PA,14322,23857,28.9,48.1
1990,PA,31885,53929,25.1,42.4
1990,PA,60473,120890,17.1,34.2
1990,PA,20919,40436,21.4,41.4
1990,PA,37091,71921,15.1,29.3
1990,PA,67451,126755,18.6,35
1990,PA,31491,44691,32.2,45.7
1990,PA,75275,140022,16.2,30.1
1990,PA,365713,337638,35.7,32.9
1990,PA,3978,8466,20.8,44.3
1990,PA,37412,59055,26.8,42.3
1990,PA,57144,108669,22.3,42.5
1990,RI,8518,8389,26.1,25.7
1990,RI,25580,35435,23.2,32.2
1990,RI,9838,16560,17.2,29
1990,RI,128586,113795,33,29.2
1990,RI,11822,19885,17.2,28.9
1990,SC,8652,6625,43.1,33
1990,SC,13781,11475,40,33.3
1990,SC,26544,22217,32.5,27.2
1990,TN,3110,2459,45.4,35.9
1990,TN,5995,5951,35,34.7
1990,TN,81073,90234,24.1,26.9
1990,TN,8530,8311,38.5,37.5
1990,TN,6957,5000,44.5,32
1990,TN,4977,3671,44.4,32.7
1990,TN,5225,3481,50.8,33.9
1990,TN,12342,11460,34.8,32.3
1990,TN,9168,10121,34.5,38.1
1990,TN,18318,21803,26.1,31.1
1990,TN,126401,138063,24.9,27.2
1990,TN,4289,3333,45.8,35.6
1990,TN,19219,20901,29.4,31.9
1990,TN,8597,8356,38.2,37.2
1990,TN,2068,1123,52.3,28.4
1990,TN,9377,11902,18.2,23
1990,TN,12399,14295,28.6,33
1990,TX,7272,5553,41.2,31.5
1990,TX,4876,3762,37.4,28.9
1990,TX,1749,2455,23.3,32.7
1990,TX,7758,7851,31.7,32.1
1990,TX,192804,173097,27.3,24.5
1990,TX,28921,34815,24.5,29.5
1990,TX,6174,4623,39.7,29.7
1990,TX,3963,3664,31.9,29.5
1990,TX,19286,31807,11.7,19.4
1990,TX,8468,9894,24.3,28.4
1990,TX,264851,272700,22.9,23.5
1990,TX,21396,35215,13.2,21.7
1990,TX,14463,16979,28.3,33.2
1990,TX,25393,29213,19.1,22
1990,TX,33560,38575,24.2,27.9
1990,TX,12190,12756,30.2,31.6
1990,TX,429746,398463,25.1,23.3
1990,TX,7976,8078,23.1,23.4
1990,TX,5033,5962,25.3,30
1990,TX,12639,12767,30.9,31.2
1990,TX,16838,19942,28.1,33.3
1990,TX,10402,10612,32.1,32.7
1990,TX,1918,2821,19.8,29.1
1990,TX,12283,10949,37.6,33.5
1990,TX,6468,5185,38.3,30.7
1990,TX,27480,33112,24.5,29.5
1990,TX,10489,12920,25.5,31.4
1990,TX,2557,4164,15.9,25.8
1990,TX,1070,951,33.1,29.5
1990,TX,145836,180065,20.1,24.8
1990,TX,58011,67853,16.6,19.4
1990,TX,3871,3908,30.4,30.7
1990,TX,15590,21721,18.6,26
1990,TX,5339,4482,38.8,32.6
1990,TX,7219,7406,32.9,33.7
1990,UT,58546,105528,14.7,26.5
1990,UT,3297,5278,22.7,36.4
1990,VA,2529,2007,43.7,34.7
1990,VA,15697,18579,12.5,14.8
1990,VA,5094,4286,41.2,34.7
1990,VA,1853,1319,43.6,31.1
1990,VA,20602,33999,15.8,26.2
1990,VA,2087,2853,25,34.2
1990,VA,5938,5841,33.3,32.7
1990,VA,5716,4732,40.8,33.8
1990,VA,46562,91675,8.6,17
1990,VA,6628,9580,21.1,30.4
1990,VA,5113,6117,26,31.1
1990,VA,3333,2751,33.3,27.5
1990,VA,9319,13892,22.5,33.6
1990,VA,27516,38686,18.7,26.3
1990,VA,5678,4824,34.6,29.4
1990,VA,4069,5568,17.5,24
1990,VA,2254,2376,31.5,33.3
1990,VA,7346,13376,13.4,24.3
1990,VA,1844,2008,30,32.6
1990,VA,1899,2422,27.2,34.7
1990,VA,3506,3529,33.7,33.9
1990,VA,3624,5523,22.1,33.7
1990,VA,15387,34939,12.2,27.6
1990,VA,1513,1295,32.8,28.1
1990,VA,8159,11765,23.4,33.7
1990,VA,6932,11887,19.1,32.8
1990,VA,3086,2053,45.8,30.5
1990,VA,6107,5699,35.4,33
1990,VA,3109,7429,11.7,28.1
1990,VA,10741,12812,13.1,15.6
1990,VA,21505,28888,22.9,30.7
1990,VA,2460,4064,22.2,36.7
1990,VA,1645,2619,12.5,19.9
1990,VA,607,1050,8.6,14.9
1990,VA,2918,3424,26.2,30.8
1990,VA,16793,24166,20.3,29.2
1990,VA,4787,5285,32.6,36
1990,VA,2636,4685,15.8,28.1
1990,VA,1145,1497,29.6,38.7
1990,VA,21244,31598,20.7,30.7
1990,VA,39542,44474,27.3,30.7
1990,VA,9416,6561,37.8,26.3
1990,VA,1103,1824,15.6,25.9
1990,VA,21594,19060,33.4,29.4
1990,VA,42942,30256,31.9,22.5
1990,VA,12122,9380,36.1,27.9
1990,VA,28053,67265,12,28.9
1990,VA,814,872,16.3,17.4
1990,WA,24129,45565,16.1,30.4
1990,WA,119678,232192,11.8,22.8
1990,WA,60530,119636,16.8,33.1
1990,WA,1191,1893,22.6,36
1990,WA,42413,88150,14.3,29.7
1990,WV,7095,7522,31.8,33.7
1990,WI,20128,29482,24.9,36.5
1990,WI,144939,192086,23.7,31.5
1990,WI,6165,13921,13.1,29.6
1990,WI,3525,7488,18.9,40.2
1990,WI,4809,11920,15.6,38.6
1990,WI,11118,23813,18.7,40
1990,WI,23522,63044,12,32.2
1990,AL,6252,6671,30,32
1990,AL,17309,20544,26.8,31.8
1990,AL,23633,21711,32.6,30
1990,AL,11952,11110,34.8,32.4
1990,AL,10518,10188,33.5,32.4
1990,AL,23588,20194,35.9,30.7
1990,AL,6896,4924,44.6,31.8
1990,AL,4218,2862,45.6,31
1990,AL,4121,2871,41.5,28.9
1990,AL,16226,15026,31.7,29.4
1990,AL,16520,16585,32.1,32.2
1990,AL,8663,7293,44.4,37.4
1990,AL,12179,11714,26.8,25.8
1990,AL,12856,10620,36.9,30.5
1990,AL,3007,2199,43.3,31.7
1990,AL,30211,35243,19.8,23.1
1990,AL,69340,75114,29.9,32.3
1990,AL,31713,32844,24.7,25.6
1990,AL,19814,19282,30.6,29.8
1990,AL,5682,4465,43.8,34.4
1990,AL,12750,9153,43,30.8
1990,AL,27062,24689,30.4,27.8
1990,AK,13139,34504,9.6,25.2
1990,AK,4412,12251,10.2,28.3
1990,AK,2861,7855,12.2,33.5
1990,AZ,14876,16357,24.3,26.7
1990,AZ,10580,11996,21,23.8
1990,AZ,17954,22389,27.2,33.9
1990,AZ,82657,105908,19.5,25
1990,AZ,16320,22671,21.1,29.3
1990,AZ,22111,16549,35.1,26.3
1990,AR,16315,23121,25.2,35.7
1990,AR,2011,1996,40.1,39.8
1990,AR,13660,12582,32.5,29.9
1990,AR,9572,8937,36.2,33.8
1990,AR,9615,11278,27.6,32.4
1990,AR,15479,16498,29.8,31.8
1990,AR,2800,3798,31.1,42.3
1990,AR,17637,17284,34.1,33.4
1990,AR,3750,3136,41.5,34.7
1990,AR,3082,3204,35.4,36.8
1990,AR,8028,8617,32.9,35.3
1990,AR,3053,2635,40.4,34.9
1990,AR,8607,8118,36.1,34
1990,AR,2031,2127,38.9,40.7
1990,AR,8075,5155,51.1,32.6
1990,AR,46784,63370,21,28.4
1990,AR,11139,15892,27.1,38.7
1990,AR,18228,19529,28.3,30.4
1990,AR,18249,20921,26.8,30.7
1990,CA,25712,28746,22.4,25
1990,CA,130252,83536,33.8,21.7
1990,CA,28510,12268,46.8,20.1
1990,CA,103269,80323,32.4,25.2
1990,CA,20118,16702,34.4,28.6
1990,CA,19387,12967,36.6,24.5
1990,CA,36425,22806,36.9,23.1
1990,CA,57520,44916,27.1,21.2
1990,CA,14495,18399,19.3,24.5
1990,CA,90830,74007,31.4,25.6
1990,CA,23156,34099,16.7,24.5
1990,CA,46156,48821,20,21.1
1990,CA,26825,28183,18.1,19
1990,CA,20504,27971,21.6,29.5
1990,CA,36159,56046,17.3,26.8
1990,CA,40368,62057,15.6,24
1990,CA,70044,58124,31.6,26.2
1990,CA,11044,9935,27.7,24.9
1990,CA,70714,40873,39.8,23
1990,CA,85778,91704,20.6,22.1
1990,CA,10669,8474,31.5,25.1
1990,CO,12261,28352,8.7,20.1
1990,CO,28066,61791,11.7,25.7
1990,CO,12911,28958,11.4,25.6
1990,CO,12374,19241,20.5,31.9
1990,CO,20724,25915,26.1,32.6
1990,CO,657,2483,7.9,29.9
1990,CO,19520,22677,25.1,29.2
1990,CT,107129,145513,19,25.8
1990,CT,120514,167952,22.5,31.3
1990,CT,31426,54690,19.1,33.2
1990,CT,18835,21723,28.9,33.3
1990,DE,18185,22967,26.9,33.9
1990,DE,23330,28718,30.3,37.3
1990,FL,17727,22267,17.3,21.7
1990,FL,20881,25228,25.3,30.6
1990,FL,48987,84039,17.7,30.3
1990,FL,21275,33182,24.3,38
1990,FL,22646,26412,31.4,36.7
1990,FL,23129,33254,21,30.1
1990,FL,39280,47009,23.8,28.5
1990,FL,4560,7093,21.3,33.1
1990,FL,9895,7500,40.1,30.4
1990,FL,2205,2002,37,33.6
1990,FL,2569,2817,33.6,36.9
1990,FL,16446,18243,31.8,35.3
1990,FL,15718,20464,23.5,30.6
1990,FL,2530,2210,35.9,31.3
1990,FL,56726,82953,23.1,33.8
1990,FL,16668,23793,15.1,21.6
1990,FL,38188,54207,24.4,34.7
1990,FL,41684,47486,30.4,34.7
1990,FL,15552,24522,20.3,32
1990,FL,14756,26185,16.2,28.8
1990,FL,86837,89556,32,33
1990,FL,29664,34867,28.3,33.3
1990,FL,11182,14974,21.5,28.8
1990,FL,40755,68997,18.7,31.7
1990,FL,7815,8333,35.7,38.1
1990,FL,64697,85234,24.6,32.4
1990,FL,2568,3534,28.4,39
1990,FL,6527,6068,33.5,31.1
1990,GA,1006,709,46.4,32.7
1990,GA,29978,29645,31.8,31.4
1990,GA,2373,2963,35.9,44.8
1990,GA,3864,3372,41.3,36
1990,GA,2852,3375,31.5,37.3
1990,GA,5285,3915,44.7,33.1
1990,GA,9870,9306,36.2,34.1
1990,GA,35762,40783,26.3,30
1990,GA,793,2214,11.5,32.2
1990,GA,10280,10151,22.9,22.6
1990,GA,7571,12238,18.9,30.5
1990,GA,2220,2196,39.8,39.3
1990,GA,3638,2434,44.7,29.9
1990,GA,18055,16048,32.5,28.8
1990,GA,545,633,39,45.3
1990,GA,5159,6529,34,43.1
1990,GA,18996,16820,36.1,32
1990,GA,10394,12680,25.7,31.4
1990,GA,21055,18118,34.9,30
1990,GA,4126,3778,35,32.1
1990,GA,11344,20483,20.5,37
1990,GA,3889,4878,29.8,37.4
1990,GA,1625,995,48.8,29.9
1990,GA,2865,3079,30.2,32.5
1990,GA,4416,9860,17.9,40
1990,GA,1942,1643,40.8,34.5
1990,GA,1224,1446,36.4,42.9
1990,GA,13167,13803,30.2,31.7
1990,GA,5422,3792,43.9,30.7
1990,GA,2334,1798,43.1,33.2
1990,GA,5369,4940,40.3,37.1
1990,GA,1570,1240,45.5,36
1990,GA,3653,3575,33.8,33.1
1990,GA,7544,4923,47.9,31.2
1990,GA,31027,32528,28.5,29.9
1990,GA,2516,2991,22.9,27.2
1990,GA,2385,2290,38.2,36.7
1990,GA,3967,3793,32.5,31
1990,GA,2041,1687,39.4,32.6
1990,GA,33327,34495,29.1,30.1
1990,GA,3115,1883,47.6,28.8
1990,GA,3009,1886,51.6,32.3
1990,GA,15783,12615,41.7,33.3
1990,GA,18252,12828,40.2,28.2
1990,GA,4959,4470,41.9,37.8
1990,HI,100353,151930,18.8,28.4
1990,HI,63,33,48.5,25.4
1990,HI,15006,19385,23,29.7
1990,ID,16301,33194,12.8,26
1990,ID,6409,10717,17.1,28.7
1990,ID,460,838,20,36.5
1990,ID,6457,11701,16,29
1990,ID,344,626,19.6,35.8
1990,ID,15469,17298,29,32.4
1990,ID,870,1774,17.8,36.4
1990,ID,2300,2739,29.9,35.6
1990,ID,1919,2829,22.4,33
1990,ID,8530,13421,18.9,29.8
1990,ID,4463,6964,20.1,31.3
1990,ID,1847,1576,38,32.4
1990,IL,2708,2112,40.3,31.4
1990,IL,4727,7720,24.5,40.1
1990,IL,11997,25214,12.5,26.3
1990,IL,2774,4835,25.4,44.2
1990,IL,2190,3944,22.8,41.1
1990,IL,7622,13678,22.8,40.9
1990,IL,6831,7617,21.2,23.7
1990,IL,16100,21616,26.9,36.1
1990,IL,11183,24030,15.3,32.9
1990,IL,18150,29054,23.8,38.1
1990,IL,1911,3721,22.2,43.3
1990,IL,1677,3087,22.7,41.8
1990,IL,2572,5030,22.6,44.3
1990,IL,25590,36363,22.1,31.4
1990,IL,1783,4453,17,42.6
1990,IL,21882,34185,22.6,35.3
1990,IL,21453,39068,18.2,33.2
1990,IL,1010,1916,23,43.6
1990,IL,17191,29701,21.4,37
1990,IL,15828,22531,27.2,38.8
1990,IL,10930,12509,28.2,32.3
1990,IL,38648,56826,23.7,34.9
1990,IL,4091,7872,20,38.5
1990,IN,35401,62841,18.8,33.5
1990,IN,9520,15512,23.1,37.6
1990,IN,1387,3041,22.9,50.2
1990,IN,2917,5746,23.8,46.9
1990,IN,3906,7781,24.1,48
1990,IN,18029,26343,25.5,37.3
1990,IN,26107,37555,27.2,39.1
1990,IN,11213,20628,21.5,39.6
1990,IN,18291,28716,26.1,41
1990,IN,10267,15970,17.9,27.8
1990,IN,3761,4852,33.7,43.5
1990,IN,3914,7305,23.7,44.2
1990,IN,36969,53175,23.9,34.4
1990,IN,3268,5767,25.9,45.8
1990,IN,10249,21920,14.8,31.7
1990,IN,27081,39349,24.8,36
1990,IN,3119,4961,27.9,44.4
1990,IN,15884,23966,24,36.2
1990,IN,5638,10655,19.9,37.6
1990,IN,3443,7537,21,46
1990,IN,3669,7822,21.1,45
1990,IA,3176,6551,21.8,45
1990,IA,14811,29945,19.6,39.7
1990,IA,3089,5939,21.5,41.3
1990,IA,3184,7906,16.4,40.8
1990,IA,11950,22405,22.3,41.7
1990,IA,1691,3561,20.5,43.1
1990,IA,1662,3474,22,46
1990,IA,2325,4330,23.8,44.4
1990,IA,4990,11314,9.4,21.3
1990,IA,2743,5663,21.3,44.1
1990,IA,16312,37537,15.1,34.8
1990,IA,1506,3734,18.4,45.7
1990,IA,2057,3374,23.9,39.2
1990,IA,3211,5885,22,40.3
1990,IA,30479,68537,14.6,32.8
1990,IA,12109,21779,22.9,41.1
1990,IA,17460,30497,18.6,32.4
1990,IA,3434,9595,9,25
1990,IA,2876,9710,13,43.8
1990,IA,2985,5605,23.1,43.3
1990,IA,13270,23182,21.6,37.8
1990,KS,6094,10967,19,34.1
1990,KS,1393,2060,27,39.9
1990,KS,4722,10669,11.2,25.2
1990,KS,3745,6760,18.8,33.9
1990,KS,1419,3606,19.2,48.8
1990,KS,1973,4682,19,45
1990,KS,1250,2051,22.5,37
1990,KS,2341,4661,23.1,46
1990,KS,1835,4426,18.2,44
1990,KS,2542,8092,8.3,26.5
1990,KS,44416,80908,17.6,32
1990,KS,16341,37830,15.6,36.1
1990,KS,3850,6982,22.9,41.5
1990,KS,704,2157,16.2,49.5
1990,KY,4628,3445,48.9,36.4
1990,KY,4439,4202,36,34.1
1990,KY,10841,11691,31.1,33.6
1990,KY,3875,2236,53.4,30.8
1990,KY,10753,13537,27.8,35
1990,KY,6699,6552,34.9,34.2
1990,KY,15268,20204,27.7,36.7
1990,KY,3376,2100,51.4,32
1990,KY,28125,33238,19.8,23.4
1990,KY,8491,8459,35.3,35.2
1990,KY,1485,2217,30.7,45.8
1990,KY,12267,17923,24.7,36.1
1990,KY,8700,9823,31.5,35.5
1990,KY,5715,5531,31,30
1990,KY,3207,2715,41,34.7
1990,KY,2612,2413,41.4,38.2
1990,KY,3546,5623,25.7,40.8
1990,KY,4504,5008,30.9,34.4
1990,KY,2966,2182,41.1,30.2
1990,KY,13415,13750,29.1,29.8
1990,KY,3399,3772,26.5,29.4
1990,LA,14955,11038,45.4,33.5
1990,LA,10527,13789,31.5,41.2
1990,LA,11004,17382,21.1,33.3
1990,LA,41011,47514,26.6,30.9
1990,LA,30382,35021,29.7,34.2
1990,LA,2173,2244,38.9,40.2
1990,LA,5571,5886,36,38.1
1990,LA,43524,62662,19.5,28.1
1990,LA,4867,4097,41.8,35.2
1990,LA,3965,3916,37.2,36.8
1990,LA,16004,14281,40.7,36.3
1990,LA,7603,6631,41,35.7
1990,LA,25932,27069,26.7,27.9
1990,LA,21787,16588,43.8,33.4
1990,LA,13803,16590,33.3,40.1
1990,LA,23460,24581,28.4,29.7
1990,LA,5653,4988,41.4,36.5
1990,LA,24809,26298,31,32.9
1990,LA,2431,2041,42.4,35.6
1990,LA,11667,8545,46.3,33.9
1990,LA,19499,15817,39.3,31.9
1990,LA,22451,19412,40.4,34.9
1990,LA,4656,4884,35.7,37.4
1990,LA,12627,10759,41.7,35.6
1990,LA,9711,9579,36.1,35.6
1990,LA,3939,4513,34,39
1990,LA,3950,2970,42.8,32.2
1990,ME,18849,25937,28.2,38.8
1990,ME,23944,50386,15,31.5
1990,ME,19118,34793,20.9,38.1
1990,ME,4076,7623,18.9,35.3
1990,ME,22006,38780,20.5,36.1
1990,MD,14472,19368,29,38.8
1990,MD,10432,16230,22.9,35.6
1990,MD,6165,5504,38.8,34.6
1990,MD,24944,30145,30.7,37.2
1990,MD,13157,16351,27.9,34.6
1990,MD,7243,8792,29.2,35.4
1990,MA,15588,41186,11.6,30.7
1990,MA,20509,32126,22.1,34.7
1990,MA,77270,97594,26.4,33.3
1990,MA,14555,23229,17,27.2
1990,MA,103386,140441,22.6,30.7
1990,MI,6932,13375,21.7,41.9
1990,MI,18647,25536,26,35.6
1990,MI,25901,32692,25.3,31.9
1990,MI,20063,30406,23.2,35.1
1990,MI,8827,12082,27.7,37.9
1990,MI,5832,12910,16.3,36.1
1990,MI,8422,18922,14.5,32.5
1990,MI,61670,89935,23.2,33.9
1990,MI,25645,37878,16.1,23.8
1990,MI,21650,33051,22.3,34.1
1990,MI,22325,37105,16.6,27.5
1990,MI,60191,95419,19.7,31.2
1990,MI,7911,13510,16.8,28.6
1990,MI,21323,30252,25.9,36.8
1990,MI,8772,13874,26.6,42.1
1990,MI,25681,34118,25.8,34.2
1990,MI,22401,37611,20.2,34
1990,MI,33034,47672,25.2,36.3
1990,MI,12322,15209,28.2,34.8
1990,MI,21387,32406,12.8,19.4
1990,MN,3995,6520,22.7,37
1990,MN,5068,9243,17.3,31.6
1990,MN,4721,7378,24.9,38.9
1990,MN,5414,8134,19.5,29.2
1990,MN,2033,3827,21.3,40.1
1990,MN,4037,5301,29.8,39.1
1990,MN,2856,4406,24.1,37.1
1990,MN,3009,5274,18.5,32.5
1990,MN,8092,19105,12,28.4
1990,MN,5593,6880,27,33.3
1990,MN,25629,46063,19.7,35.5
1990,MN,14082,24154,21.7,37.1
1990,MN,2978,5197,23.6,41.3
1990,MS,6202,4713,38.9,29.5
1990,MS,10833,10983,27.9,28.3
1990,MS,6530,5895,32,28.9
1990,MS,25226,29519,25.3,29.6
1990,MS,37972,31845,24.8,20.8
1990,MS,17909,22889,25.6,32.7
1990,MS,4843,5174,26.7,28.5
1990,MS,9156,6096,28.5,19
1990,MS,2452,2382,38.2,37.1
1990,MS,14480,15348,26.2,27.7
1990,MS,6212,4509,42,30.5
1990,MS,6986,3583,46.6,23.9
1990,MO,2029,4128,21.4,43.5
1990,MO,3280,2504,47.3,36.1
1990,MO,9464,15810,15.2,25.3
1990,MO,14932,19657,27.9,36.7
1990,MO,6127,7420,29.9,36.2
1990,MO,9677,12496,25.6,33
1990,MO,4795,8260,23.4,40.3
1990,MO,9361,13340,22.7,32.3
1990,MO,3079,3306,37,39.7
1990,MO,1829,2996,26.9,44
1990,MO,27433,41130,21.1,31.7
1990,MO,16756,19602,28.6,33.5
1990,MO,4191,3855,38.9,35.8
1990,MO,2530,3396,32.2,43.2
1990,MO,7756,9828,27.2,34.5
1990,MO,2581,3176,35,43.1
1990,MO,4420,4936,33,36.9
1990,MO,4911,5907,33.2,39.9
1990,MT,1231,1865,21.9,33.3
1990,MT,8410,17841,17.1,36.3
1990,MT,167,201,27.6,33.2
1990,MT,7021,13676,14.6,28.3
1990,MT,11904,23519,16.3,32.3
1990,NE,2421,5210,17.9,38.6
1990,NE,2547,4213,25.1,41.5
1990,NE,963,1687,23.9,41.8
1990,NE,40560,78849,15.5,30.1
1990,NE,6422,11225,20.7,36.2
1990,NE,1155,2235,20.1,38.9
1990,NE,980,1819,24.8,46.1
1990,NE,15450,37059,11.9,28.7
1990,NE,1224,2215,23,41.7
1990,NE,5339,17271,9,29.3
1990,NE,2496,4800,20.9,40.3
1990,NE,1817,3596,19.5,38.5
1990,NE,1831,4380,17.3,41.4
1990,NV,278,636,15.6,35.6
1990,NV,29661,47277,17.5,27.9
1990,NV,4848,8681,17.3,30.9
1990,NH,38449,61722,17.8,28.6
1990,NJ,40617,51064,27.1,34.1
1990,NJ,17117,23787,26,36.1
1990,NJ,32431,31040,36.6,35
1990,NJ,49085,58420,22.9,27.3
1990,NJ,13646,22541,22.4,37.1
1990,NM,54957,84939,17.9,27.7
1990,NM,22276,18144,29.6,24.1
1990,NM,7962,11976,20.7,31.1
1990,NM,15628,15583,30.8,30.7
1990,NM,11343,15366,17.4,23.6
1990,NM,1734,2443,27.4,38.6
1990,NM,7407,9548,26.7,34.4
1990,NY,36551,55761,19.1,29.2
1990,NY,29268,45549,21.1,32.9
1990,NY,13965,22496,22.8,36.7
1990,NY,11667,15537,27.4,36.4
1990,NY,15309,24922,23.6,38.4
1990,NY,8538,15086,20.8,36.7
1990,NY,40353,52245,24.9,32.3
1990,NY,57371,90367,19.3,30.4
1990,NY,18202,29520,25.3,41.1
1990,NY,21756,32103,22.3,32.9
1990,NY,19694,36908,17,31.8
1990,NY,19360,33425,19.3,33.3
1990,NY,5185,7391,26.3,37.5
1990,NY,6429,13080,19.4,39.4
1990,NY,6477,11861,12.8,23.4
1990,NY,25699,32050,23.4,29.1
1990,NY,8376,12716,21.7,33
1990,NY,9870,15153,26,39.9
1990,NC,23264,21763,32.1,30.1
1990,NC,7328,6313,41,35.3
1990,NC,10714,11581,30.8,33.3
1990,NC,30551,35723,25.5,29.8
1990,NC,20016,14232,39.9,28.3
1990,NC,20136,13522,43.2,29
1990,NC,25880,23284,33.3,30
1990,NC,8046,8113,30,30.2
1990,NC,11807,15414,24.1,31.5
1990,NC,29844,47277,19.7,31.2
1990,NC,29994,27606,35.8,33
1990,NC,5777,6434,30.4,33.9
1990,NC,24527,25722,21.1,22.1
1990,NC,14645,11703,41.5,33.2
1990,NC,39551,51206,22.4,29
1990,NC,53981,59502,23.9,26.4
1990,NC,10597,10730,32,32.4
1990,NC,11813,15467,23.8,31.2
1990,NC,5877,3726,44.3,28.1
1990,NC,2299,1971,37.6,32.2
1990,NC,4870,3318,43.6,29.7
1990,NC,17404,15735,34.9,31.6
1990,NC,17046,22578,21.9,29
1990,NC,12350,26830,17,36.8
1990,NC,8998,10129,16.4,18.5
1990,NC,2673,2419,34.1,30.9
1990,NC,6834,6254,35.4,32.4
1990,NC,7376,6964,36.8,34.7
1990,NC,18057,15358,29,24.6
1990,NC,26653,24660,38,35.1
1990,NC,23467,17482,40.8,30.4
1990,NC,9099,9670,37.2,39.6
1990,NC,19077,20849,28.8,31.5
1990,NC,8587,6686,41.1,32
1990,ND,6378,9521,17,25.4
1990,ND,7909,15513,12.9,25.2
1990,ND,5637,9640,14.4,24.7
1990,ND,4363,4395,29.6,29.8
1990,ND,465,481,31.8,32.9
1990,ND,568,578,31.7,32.2
1990,OH,16431,29347,23.9,42.6
1990,OH,13454,22153,27.7,45.5
1990,OH,4876,8407,28.5,49.1
1990,OH,25028,36131,26.6,38.5
1990,OH,5185,11187,21.7,46.9
1990,OH,14763,26406,17.6,31.5
1990,OH,15268,24652,28.1,45.4
1990,OH,13382,16074,34.1,41
1990,OH,68913,96747,23.8,33.4
1990,OH,44870,70170,25.4,39.7
1990,OH,14035,23837,23.4,39.8
1990,OH,82639,114489,22.2,30.8
1990,OH,17116,33074,20.7,40
1990,OH,21535,34073,26.5,41.9
1990,OH,57855,99041,24,41.1
1990,OH,73092,114973,21.7,34.1
1990,OH,37082,65482,24.8,43.7
1990,OH,10401,23920,16.2,37.3
1990,OK,11898,20567,18.9,32.7
1990,OK,1652,1575,37.2,35.4
1990,OK,12048,14536,31.1,37.6
1990,OK,10676,7995,38.8,29
1990,OK,7902,7639,33.7,32.6
1990,OK,7326,9723,27,35.8
1990,OK,2758,4200,27,41.2
1990,OK,7650,12178,21.9,34.9
1990,OK,8501,6418,40.4,30.5
1990,OK,58941,89073,18.3,27.6
1990,OK,7499,10465,25.3,35.3
1990,OR,4283,7246,10.7,18
1990,OR,8398,15357,16.8,30.6
1990,OR,19448,31547,19.9,32.3
1990,OR,10768,14690,24.8,33.8
1990,OR,30731,50281,17,27.8
1990,OR,14006,20083,23.8,34.1
1990,OR,31271,42762,21.3,29.2
1990,OR,6172,8799,20,28.5
1990,PA,14949,21038,30,42.2
1990,PA,67538,87549,30,39
1990,PA,21738,42396,25,48.8
1990,PA,31711,51021,28.8,46.3
1990,PA,11943,18535,30.6,47.5
1990,PA,10871,22957,16.4,34.6
1990,PA,10642,17843,26.9,45.1
1990,PA,24228,48490,19,38
1990,PA,35952,63346,22.4,39.5
1990,PA,38567,72006,22.5,42
1990,PA,24427,34056,30.6,42.7
1990,PA,39705,59430,26.7,39.9
1990,PA,78592,103400,29.5,38.9
1990,PA,22568,33962,30,45.2
1990,PA,50244,70671,25.4,35.7
1990,PA,63451,92893,28,41
1990,PA,19790,31880,25.5,41.1
1990,PA,19926,36163,24.9,45.1
1990,PA,13686,25328,22,40.7
1990,PA,2971,4920,24.8,41.1
1990,PA,43618,61068,26.9,37.6
1990,PA,7303,13023,27.7,49.4
1990,PA,3884,8026,22.4,46.2
1990,PA,61266,93793,27.2,41.7
1990,SC,22366,24305,29.3,31.9
1990,SC,34343,29312,36,30.7
1990,SC,8673,14291,16.6,27.4
1990,SC,17977,25822,24.6,35.3
1990,SC,3106,2660,38.1,32.6
1990,SC,44003,47005,24.5,26.2
1990,SC,14524,12613,37.7,32.8
1990,SC,11558,16049,23.3,32.4
1990,SC,4285,3578,37.4,31.2
1990,SC,5718,4555,41.9,33.4
1990,SC,24981,21073,35.7,30.1
1990,SC,58804,56698,28.4,27.4
1990,SC,24408,30078,25.7,31.7
1990,SC,4162,3210,45.5,35.1
1990,SC,9060,10142,32.2,36.1
1990,SC,15693,11143,42.6,30.3
1990,SC,24227,32295,22.7,30.3
1990,SC,18928,15875,34.6,29
1990,SC,35915,41454,20.6,23.8
1990,SC,4214,3806,40.2,36.3
1990,SC,54213,41144,37,28.1
1990,SC,18449,17246,30.2,28.2
1990,SC,8952,6340,45,31.9
1990,SD,809,1515,19.6,36.6
1990,SD,1997,3595,20.5,37
1990,SD,1074,1352,28.4,35.7
1990,SD,2310,4229,18.2,33.2
1990,SD,13050,25978,16.9,33.6
1990,SD,7422,15419,15.2,31.6
1990,SD,1596,2156,27.2,36.8
1990,SD,1679,2545,25.8,39.1
1990,TN,12737,14701,27.6,31.8
1990,TN,18288,19193,31.5,33.1
1990,TN,16673,13433,35.6,28.7
1990,TN,11850,6431,52.5,28.5
1990,TN,14654,10345,42.5,30
1990,TN,3522,2304,45.4,29.7
1990,TN,3851,3332,42.8,37
1990,TN,5975,3433,53.7,30.9
1990,TN,12740,10329,38.4,31.1
1990,TN,51497,51682,27.5,27.6
1990,TN,12413,10508,42,35.6
1990,TN,8502,6655,39.5,30.9
1990,TN,55502,59953,25.4,27.5
1990,TN,7629,6971,36.2,33.1
1990,TN,15523,13891,31.7,28.4
1990,TN,7694,4906,48.1,30.7
1990,TN,12835,19149,22.1,33
1990,TN,4805,4236,43.3,38.2
1990,TN,4376,2601,48.7,29
1990,TN,10652,10610,33.3,33.2
1990,TN,2750,1761,48.6,31.1
1990,TN,32361,30267,33.2,31
1990,TN,4632,3792,40.4,33
1990,TN,4672,2550,54.4,29.7
1990,TN,19134,17250,31.6,28.5
1990,TX,3973,3466,32.8,28.6
1990,TX,1419,1896,27.5,36.8
1990,TX,305,438,22.6,32.4
1990,TX,22649,32798,20.9,30.3
1990,TX,14608,16285,27.9,31.1
1990,TX,11462,11891,20.2,20.9
1990,TX,3683,2980,41.8,33.8
1990,TX,2464,2906,31.3,36.9
1990,TX,69840,27591,50,19.7
1990,TX,993,1498,23.8,35.9
1990,TX,2115,2488,31.1,36.6
1990,TX,6508,11330,19.7,34.2
1990,TX,2077,1285,46.9,29
1990,TX,23198,19771,33.1,28.2
1990,TX,119149,75284,36.3,23
1990,TX,4771,3805,41.1,32.8
1990,TX,1495,1124,37.4,28.1
1990,TX,17345,18589,27.9,29.9
1990,TX,15985,17869,24.2,27.1
1990,TX,7537,9493,29.4,37
1990,TX,106377,39072,53.4,19.6
1990,TX,886,402,51.9,23.6
1990,TX,304,371,29.5,36
1990,TX,39009,49935,25.6,32.7
1990,TX,4223,3285,39.2,30.5
1990,TX,2542,2605,29.3,30
1990,TX,32980,30788,25.8,24.1
1990,TX,1900,1365,45.8,32.9
1990,TX,32086,31394,28.4,27.8
1990,TX,1295,780,45.7,27.5
1990,TX,14917,14428,23.2,22.5
1990,TX,3432,3387,40.9,40.3
1990,TX,54216,42550,31.1,24.4
1990,TX,323,362,26.3,29.5
1990,TX,13702,18755,27.4,37.5
1990,TX,19290,17524,32.2,29.3
1990,TX,7982,13768,14.3,24.6
1990,TX,4221,3162,42.8,32.1
1990,TX,9437,8432,33.4,29.9
1990,TX,13502,9073,39.4,26.5
1990,TX,23198,22393,24.3,23.4
1990,TX,17549,20383,24.6,28.5
1990,TX,17304,16080,29,27
1990,TX,6529,6418,32.9,32.4
1990,TX,13492,12712,29.8,28.1
1990,TX,35573,11221,52.2,16.5
1990,TX,18736,23690,24.9,31.4
1990,UT,3155,6437,16.4,33.5
1990,UT,3540,8285,10.7,25.1
1990,UT,9487,24646,10.1,26.4
1990,UT,733,1220,22.7,37.7
1990,UT,283,1077,9.9,37.7
1990,UT,13839,25013,12.1,21.9
1990,UT,4043,7698,15.5,29.5
1990,UT,15564,25436,17.5,28.6
1990,VT,10528,22228,13.3,28
1990,VT,6235,10200,25.2,41.2
1990,VT,737,1221,21,34.8
1990,VA,7773,8418,18.5,20
1990,VA,7702,5724,41.1,30.5
1990,VA,3181,3003,38.9,36.7
1990,VA,11298,13986,31,38.4
1990,VA,9721,9670,31.2,31.1
1990,VA,4639,5879,27.1,34.4
1990,VA,4062,2843,46.4,32.5
1990,VA,10489,9458,33.9,30.5
1990,VA,943,1311,31.6,43.9
1990,VA,3277,2853,39.8,34.6
1990,VA,2594,2553,31.5,31
1990,VA,10431,8225,40.1,31.6
1990,VA,8803,10010,29.9,34
1990,VA,3977,4328,35.5,38.6
1990,VA,2426,2197,36.5,33
1990,VA,10005,8007,26.4,21.1
1990,VA,3757,2598,43,29.7
1990,VA,9407,6377,40.4,27.4
1990,VA,11206,14764,20.6,27.1
1990,VA,13249,12604,35.3,33.5
1990,VA,7767,5214,48.8,32.8
1990,VA,12322,8403,39.6,27
1990,VA,1732,1209,39.9,27.8
1990,VA,4901,3177,39.1,25.4
1990,VA,5801,5173,24.5,21.9
1990,VA,3364,3864,23.2,26.6
1990,VA,12460,10204,30.5,25
1990,VA,1552,1247,24.6,19.7
1990,VA,21092,19103,32,29
1990,VA,3868,5228,23.9,32.3
1990,VA,4827,5078,28.6,30.1
1990,VA,3628,3956,28.8,31.4
1990,VA,4522,4344,31.2,29.9
1990,WA,2605,3830,22.8,33.5
1990,WA,11205,19221,16.1,27.7
1990,WA,8811,9746,25.7,28.5
1990,WA,785,795,28.2,28.6
1990,WA,11960,17563,22.7,33.4
1990,WA,3969,5091,24.1,30.9
1990,WA,6631,5904,31.9,28.4
1990,WA,15715,34533,13.4,29.5
1990,WA,1468,2016,25.2,34.7
1990,WA,9981,16116,19,30.6
1990,WA,35592,63659,15.6,27.9
1990,WA,3695,7393,19.1,38.3
1990,WA,13956,28080,13.5,27.2
1990,WA,6359,8122,20.9,26.7
1990,WA,13325,24273,16.8,30.6
1990,WA,38423,30712,33.9,27.1
1990,WV,12004,14646,31.6,38.5
1990,WV,7591,5934,45.9,35.9
1990,WV,5122,7332,28.4,40.7
1990,WV,17772,19980,28.1,31.5
1990,WV,3087,2138,50.6,35.1
1990,WV,13454,10673,42.9,34.1
1990,WV,4038,4183,38.2,39.6
1990,WV,6648,10688,27.5,44.1
1990,WV,39116,49471,27.6,34.9
1990,WV,6815,4739,50.9,35.4
1990,WV,7294,10803,29.1,43.1
1990,WV,4661,7449,27.2,43.5
1990,WV,10589,13098,24.6,30.5
1990,WV,8585,12544,24.9,36.4
1990,WV,6957,7648,37.3,41.1
1990,WV,7291,11394,26.2,41
1990,WV,18583,17179,36.8,34
1990,WV,9943,10125,36.9,37.6
1990,WV,1145,1446,33.8,42.7
1990,WV,15532,21088,26.8,36.4
1990,WI,20927,48840,17.4,40.5
1990,WI,4260,9772,20.3,46.7
1990,WI,8323,14639,25.1,44.1
1990,WI,6445,12133,21.7,40.9
1990,WI,25086,61115,11.1,27
1990,WI,6165,10705,22.8,39.6
1990,WI,8491,17509,17.2,35.5
1990,WI,12768,24259,22.5,42.7
1990,WI,4577,8532,23.2,43.3
1990,WI,2473,5812,19.4,45.6
1990,WI,3160,5727,26.5,47.9
1990,WI,10208,20126,17.4,34.4
1990,WI,17408,29494,24.1,40.8
1990,WI,6045,8848,30.6,44.8
1990,WI,16009,37028,18.5,42.7
1990,WI,26121,38863,23.6,35.1
1990,WI,19216,37785,21.8,42.9
1990,WI,15108,27829,22.6,41.6
1990,WI,17241,35255,19.4,39.6
1990,WY,7241,13283,15.8,29
1990,WY,5668,11922,14.7,31
1990,AL,3315,2403,46.1,33.4
1990,AL,18093,13529,41.2,30.8
1990,AL,18098,14713,39.3,31.9
1990,AZ,8609,8648,31.9,32
1990,AR,13321,9897,40,29.7
1990,AR,7982,3698,48.5,22.4
1990,AR,7484,4811,44.9,28.9
1990,CA,7577,14891,13.7,27
1990,CO,4408,4422,32.4,32.5
1990,CT,22677,36644,19.1,30.9
1990,FL,8314,8981,31,33.5
1990,FL,5359,3745,45.2,31.6
1990,FL,6522,4683,43.4,31.2
1990,FL,11882,17063,20.3,29.1
1990,FL,7729,6118,40.9,32.4
1990,FL,15443,15373,35.7,35.5
1990,GA,3463,6075,20.5,35.9
1990,GA,9090,7223,41.6,33.1
1990,GA,8638,6055,45.5,31.9
1990,GA,10318,6697,48.2,31.3
1990,GA,13452,11108,39.2,32.4
1990,GA,7784,5471,45.4,31.9
1990,IL,18907,27663,26.9,39.3
1990,IL,5375,8739,23.7,38.6
1990,IL,6744,11330,25.9,43.4
1990,IL,8089,10045,29.9,37.1
1990,IL,6624,11912,22.4,40.3
1990,IN,4738,9185,23.8,46.2
1990,IN,4046,6950,27.7,47.5
1990,IN,6043,6814,36.1,40.7
1990,IN,13427,19519,28.2,41.1
1990,IN,9157,14290,28.6,44.7
1990,IN,5609,6967,29.7,36.9
1990,IN,4424,10484,20,47.3
1990,KS,2350,4762,22.5,45.6
1990,KS,3186,5940,22.9,42.7
1990,KY,3134,3599,33.3,38.2
1990,KY,6920,9190,24,31.9
1990,KY,4286,3615,39.3,33.2
1990,KY,5912,7530,32.6,41.5
1990,LA,10471,10262,38.5,37.8
1990,MD,5137,6959,23.5,31.8
1990,MI,9160,17498,21.3,40.6
1990,MN,7027,10699,24.3,37
1990,MN,5784,10540,22,40.2
1990,MN,4923,8427,24.5,42
1990,MN,6008,10516,21.3,37.3
1990,MS,4886,3496,29.8,21.3
1990,MS,7464,7466,31.6,31.7
1990,MO,4296,7301,19.3,32.8
1990,MO,6439,8081,27.8,34.9
1990,MO,11980,10507,37.5,32.9
1990,MO,5000,5866,32.7,38.3
1990,NV,2401,5792,12.7,30.7
1990,NV,3048,4635,24.9,37.8
1990,NH,6437,11253,19.6,34.3
1990,NH,13226,25210,16.8,32.1
1990,NY,13217,20917,25.5,40.3
1990,NY,23144,32826,25.6,36.2
1990,NY,11170,13743,26.4,32.4
1990,NY,8643,13956,22.6,36.5
1990,NY,5232,8108,23.8,36.9
1990,NY,15910,23596,25,37.1
1990,NC,1355,1312,33.8,32.7
1990,NC,20134,17231,36.5,31.3
1990,NC,3008,4720,19,29.8
1990,NC,9720,7732,38,30.2
1990,NC,14966,14021,36,33.7
1990,NC,6289,5452,32.6,28.3
1990,NC,2738,2314,38.8,32.8
1990,NC,12793,10917,37.9,32.4
1990,NC,10462,7340,42.9,30.1
1990,NC,18128,10654,45.9,26.9
1990,NC,15845,12326,37.8,29.4
1990,OH,7056,13478,24,45.8
1990,OH,17636,28950,27.6,45.3
1990,OH,7662,9638,25.4,31.9
1990,OH,5666,10836,24.6,47.1
1990,OH,5639,9415,25.7,42.9
1990,OH,19810,31675,28.2,45.1
1990,OH,6559,10968,28.7,47.9
1990,OH,8105,14666,26.2,47.4
1990,OH,11907,21054,23.8,42
1990,OH,6198,7654,34.7,42.9
1990,OH,8930,16674,25.9,48.3
1990,OH,7438,13274,24.8,44.3
1990,OH,6832,13244,25.5,49.5
1990,OH,10822,17883,26.2,43.4
1990,OH,14918,21966,28.9,42.5
1990,OH,14761,17938,32.4,39.4
1990,OH,16417,25707,26.4,41.3
1990,OK,5887,8931,17.8,27
1990,OK,10924,12128,29.7,33
1990,OK,8300,9834,29.2,34.6
1990,OR,4011,7002,18.2,31.7
1990,OR,3154,3312,28.7,30.1
1990,OR,3278,5276,22.6,36.4
1990,PA,13881,23800,26,44.6
1990,PA,17517,29326,27,45.3
1990,PA,16231,24840,31.1,47.5
1990,PA,10149,18929,25.8,48.1
1990,TN,8406,6229,42.4,31.4
1990,TN,9211,7830,34.9,29.7
1990,TN,3468,1787,54.8,28.2
1990,TN,10437,7211,46.3,32
1990,TN,5634,4997,40,35.5
1990,TN,11583,9381,36.8,29.8
1990,TN,9262,7482,43,34.7
1990,TX,5564,5942,28.5,30.4
1990,TX,4732,4313,28.7,26.2
1990,TX,14021,12228,35.3,30.8
1990,TX,6902,6288,37.1,33.8
1990,TX,6116,7387,24.1,29.1
1990,TX,7307,6836,32.6,30.5
1990,TX,8986,7232,35.4,28.5
1990,TX,5748,5359,35,32.6
1990,TX,5825,2817,43.9,21.2
1990,TX,8384,8702,26.7,27.7
1990,TX,6127,4274,37.1,25.9
1990,TX,9529,6578,38.8,26.8
1990,UT,763,2224,8.4,24.4
1990,UT,901,1813,16.8,33.7
1990,WA,4498,12131,11.7,31.6
1990,WA,2860,4589,18.8,30.1
1990,WA,9295,13204,24.6,34.9
1990,WA,5414,8823,20.8,34
1990,WI,13776,21602,27.7,43.5
1990,WI,4413,7356,22.3,37.2
1990,WI,9724,16789,23,39.8
1990,WI,9806,17175,21,36.7
1990,AL,4068,2394,50.2,29.6
1990,AL,3507,1936,49,27.1
1990,AL,6363,3678,49.7,28.7
1990,AL,7402,4195,51.2,29
1990,AR,5130,3886,44.2,33.4
1990,CA,92,203,12.4,27.5
1990,CA,3616,7537,17.5,36.5
1990,CA,3653,2476,37.1,25.1
1990,CO,684,1255,18.3,33.6
1990,FL,5288,5551,35,36.8
1990,FL,2215,1739,42.6,33.5
1990,FL,2162,2411,32.3,36
1990,GA,2192,1802,43.8,36
1990,GA,4869,3624,44.2,32.9
1990,GA,4159,2690,47.7,30.8
1990,GA,3472,2148,48.8,30.2
1990,GA,3435,2628,39.8,30.5
1990,GA,3512,3182,38.2,34.6
1990,GA,1817,1459,43.8,35.2
1990,IL,4336,5615,31.2,40.4
1990,IL,3105,4234,31,42.2
1990,IL,5466,8815,26.6,42.8
1990,IL,5669,8947,27.8,43.9
1990,IL,8174,8256,35.8,36.1
1990,IL,3395,3448,34.3,34.8
1990,IN,2546,2363,40.4,37.5
1990,IN,4178,5083,34.7,42.3
1990,IN,4174,5164,35.1,43.4
1990,IN,2377,4939,23.3,48.3
1990,IN,2241,3591,28.1,45
1990,IN,4781,6876,31.2,44.9
1990,IN,3012,5491,26.4,48.1
1990,IN,5716,5482,40.1,38.4
1990,IN,1715,2264,34.2,45.1
1990,IN,2414,4802,23,45.7
1990,KS,1547,2099,29.8,40.4
1990,KS,2571,3330,26.1,33.8
1990,KY,2400,2052,40.4,34.6
1990,KY,3941,4036,37.6,38.5
1990,KY,2635,2127,44.8,36.1
1990,KY,693,452,49.2,32.1
1990,KY,4003,3410,41.1,35
1990,LA,6520,4250,49.6,32.3
1990,MD,5805,6690,33.2,38.2
1990,MD,3384,4372,28.6,37
1990,MI,7076,11176,27.9,44
1990,MI,9361,14399,27,41.6
1990,MN,2620,3545,29.5,39.9
1990,MN,2417,3373,30.1,42.1
1990,MN,3559,5609,26.6,42
1990,MN,5843,7434,32.3,41.1
1990,MN,4249,5555,30.8,40.2
1990,MN,3315,4443,28.3,37.9
1990,MN,2532,4299,22.5,38.2
1990,MS,7893,4898,45.7,28.3
1990,MS,3241,1164,54.5,19.6
1990,MS,5542,3421,45.6,28.1
1990,MS,6022,4510,42.7,32
1990,MO,2132,3171,29.7,44.1
1990,MO,5195,4659,41.4,37.1
1990,MO,1530,2186,29.4,42.1
1990,MO,3698,3464,38.9,36.4
1990,MO,4414,5366,32.4,39.4
1990,MO,2779,4021,28.3,40.9
1990,MO,2828,3048,37.4,40.3
1990,MO,3379,4424,32.5,42.6
1990,MO,2326,2269,39.2,38.2
1990,MO,3809,4159,37.2,40.6
1990,MO,6103,3883,49.2,31.3
1990,NV,513,743,22.4,32.5
1990,NH,4052,8077,16.5,32.8
1990,NY,13282,15665,28.8,34
1990,NY,8083,10756,29.7,39.5
1990,NC,5840,5701,39.2,38.2
1990,NC,3317,2837,36.7,31.4
1990,NC,5903,4169,41.9,29.6
1990,NC,11814,10032,38.7,32.9
1990,NC,5372,3661,46.3,31.6
1990,OH,6479,6332,41.6,40.7
1990,OH,7637,9570,33.5,42
1990,OH,2552,4480,28.4,49.9
1990,OH,7014,12006,27.5,47.1
1990,OH,2876,2917,41.3,41.9
1990,OK,2157,2984,28.8,39.8
1990,OK,6326,6971,33.8,37.3
1990,OK,6514,6340,36.6,35.6
1990,OK,2026,3379,23.8,39.7
1990,OK,1971,2764,27.2,38.2
1990,OK,2987,2751,39.3,36.2
1990,OR,3617,5474,23.7,35.9
1990,PA,6729,11928,26.9,47.8
1990,PA,8151,11061,32,43.4
1990,PA,6903,11646,25.8,43.6
1990,SC,11110,7452,46.1,30.9
1990,TN,4748,2957,49.7,30.9
1990,TN,6685,5855,39.9,34.9
1990,TN,6842,4622,47,31.7
1990,TN,5664,3620,47,30.1
1990,TN,2231,1636,47.2,34.6
1990,TN,3804,4218,36.5,40.4
1990,TN,7078,4816,47.9,32.6
1990,TN,2865,1962,48.5,33.2
1990,TN,2096,1489,47.3,33.6
1990,TX,1263,1300,31.1,32
1990,TX,3792,3399,36,32.2
1990,TX,4840,4973,30.9,31.7
1990,TX,5167,3844,42.1,31.4
1990,TX,1168,1009,35.8,30.9
1990,TX,6024,5857,35.4,34.4
1990,TX,5944,4545,42.4,32.5
1990,TX,3702,2141,49.9,28.8
1990,TX,4828,3415,44.5,31.5
1990,TX,4867,3859,40.4,32.1
1990,TX,6942,5412,38.5,30
1990,TX,1758,1362,37.8,29.3
1990,TX,3736,1952,48.7,25.4
1990,TX,3150,2466,38.9,30.5
1990,TX,5753,4819,39,32.7
1990,TX,4287,3891,36.4,33.1
1990,TX,8383,6689,40.3,32.1
1990,TX,1709,1547,37.6,34
1990,TX,4457,3718,41.1,34.3
1990,TX,9619,8073,37.9,31.8
1990,VA,5053,2786,49.5,27.3
1990,VA,2171,1572,42.4,30.7
1990,VA,2095,1863,35.3,31.4
1990,VA,2822,1867,50,33.1
1990,VA,1775,1390,42.4,33.2
1990,VA,2280,2637,26.9,31.1
1990,VA,5420,4671,40.2,34.6
1990,VA,2972,2405,37.3,30.2
1990,VA,2118,1925,33.4,30.3
1990,VA,3760,2414,42.7,27.4
1990,VA,4819,2773,46.8,26.9
1990,VA,4944,4527,34.1,31.3
1990,VA,6521,5194,44.6,35.5
1990,VA,3729,2698,39.5,28.5
1990,VA,7590,7991,34.8,36.7
1990,VA,4797,3029,41.6,26.3
1990,VA,1696,1159,42,28.7
1990,VA,4387,3289,41,30.8
1990,VA,1492,927,41.9,26
1990,VA,1964,1353,38.1,26.2
1990,WA,3127,3690,29.6,34.9
1990,WA,510,922,22.2,40.2
1990,WI,2507,4049,27.7,44.8
1990,WI,1326,1893,29,41.3
1990,WI,4957,9720,22,43.2
1990,AL,10833,6749,45.7,28.5
1990,AL,8522,6824,32.8,26.3
1990,AL,7536,8199,25.8,28
1990,AL,11488,8010,40.4,28.2
1990,AL,12932,9876,41.9,32
1990,AL,17985,13615,38.5,29.2
1990,AL,6451,4406,41,28
1990,AZ,14436,11622,35.4,28.5
1990,AZ,7124,4244,42.8,25.5
1990,AR,8612,7319,41.5,35.3
1990,AR,6110,6826,35.5,39.7
1990,AR,12620,11371,37.4,33.7
1990,AR,4974,4219,42.8,36.3
1990,CA,10477,11357,29.1,31.6
1990,CA,11206,15499,21.3,29.5
1990,CA,9053,10288,27.8,31.6
1990,CA,6811,11082,20,32.6
1990,CO,5557,7825,24.6,34.7
1990,CO,2766,5300,14.3,27.4
1990,CO,4135,5681,25.5,35
1990,FL,7364,4973,45.5,30.8
1990,GA,8896,8552,35.3,33.9
1990,GA,7246,6833,32.4,30.6
1990,GA,7128,4539,49.9,31.8
1990,GA,9705,7329,43,32.5
1990,GA,5333,3896,43.8,32
1990,GA,6168,4534,40.2,29.5
1990,GA,7097,5188,41,29.9
1990,GA,3303,3233,40,39.1
1990,GA,942,740,43.6,34.3
1990,GA,6598,5109,37.2,28.8
1990,GA,8891,8018,36.7,33.1
1990,GA,5149,4931,37.1,35.6
1990,ID,4693,6927,23.2,34.2
1990,ID,3858,6324,21.8,35.8
1990,ID,2026,3656,16.9,30.6
1990,ID,1440,2043,24.4,34.6
1990,ID,2220,3787,13.4,22.8
1990,ID,985,1990,12.4,25.1
1990,ID,3328,3459,32.6,33.9
1990,IL,6178,10069,26.9,43.9
1990,IL,6693,10779,26.2,42.1
1990,IL,8840,14439,23.4,38.3
1990,IL,4898,8471,24.1,41.7
1990,IL,5688,9340,24.1,39.6
1990,IL,915,1526,24.2,40.3
1990,IL,7355,12369,23.3,39.2
1990,IL,10423,15176,26.7,38.9
1990,IN,4639,8184,25.6,45.2
1990,IN,6057,11689,24.1,46.5
1990,IN,4895,10165,22.5,46.6
1990,IN,4758,10119,21.4,45.6
1990,IN,7408,10586,30.7,43.8
1990,IN,5367,6524,35.9,43.7
1990,IN,9082,16901,22.5,41.9
1990,IN,8483,12413,30.3,44.3
1990,IN,6901,11253,26,42.4
1990,IN,5306,10070,23.6,44.7
1990,IN,6463,10240,27.9,44.2
1990,IN,2895,3427,34.5,40.9
1990,IN,5637,9818,25.6,44.6
1990,IA,3279,6953,19.2,40.7
1990,IA,7547,13411,22.6,40.2
1990,IA,5202,10261,22.4,44.2
1990,IA,4657,10031,18.2,39.1
1990,IA,6321,9591,25,38
1990,KS,5504,7565,23.1,31.7
1990,KS,5723,6914,25.3,30.5
1990,KS,2696,6172,16.6,38.1
1990,KS,3596,6971,18.1,35.2
1990,KS,9293,13109,22.6,31.9
1990,KY,10302,7431,45.5,32.8
1990,KY,3405,1824,53.7,28.8
1990,KY,11376,8357,35.2,25.9
1990,KY,5466,4166,43.9,33.4
1990,LA,5380,7049,29.4,38.5
1990,LA,5239,4811,25.5,23.4
1990,LA,8119,6335,42.2,32.9
1990,LA,7127,6304,35,31
1990,LA,21168,15400,44.7,32.5
1990,LA,14069,11819,41.9,35.2
1990,ME,15801,28464,21.1,38
1990,MD,7369,8213,35.3,39.4
1990,MA,8212,15456,17.6,33.2
1990,MI,14248,22010,25.6,39.5
1990,MI,6932,10524,26.2,39.8
1990,MI,5496,10149,22.9,42.3
1990,MI,6608,11277,24.8,42.3
1990,MI,7625,13561,22.8,40.5
1990,MI,5366,9059,20.3,34.2
1990,MI,13334,21567,23.7,38.3
1990,MI,4230,6930,22.3,36.5
1990,MI,9645,13976,26.2,38
1990,MN,4895,7076,28.3,40.9
1990,MN,4415,6597,23.9,35.7
1990,MN,5696,7837,23.7,32.6
1990,MN,6068,9754,24.2,38.9
1990,MN,9616,11420,28.4,33.7
1990,MN,1268,1510,26.2,31.3
1990,MN,6110,9384,22.3,34.2
1990,MS,3528,2597,42.9,31.6
1990,MS,2243,1175,41.3,21.6
1990,MS,13934,11254,35.7,28.8
1990,MS,7062,5874,37,30.8
1990,MS,8728,6234,39.4,28.1
1990,MS,9482,7020,32.3,24
1990,MO,5038,6337,32,40.3
1990,MO,6216,7408,35.6,42.4
1990,MO,2273,4949,19.3,41.9
1990,MO,5041,5398,31.6,33.8
1990,MO,9282,9584,37.6,38.9
1990,MO,4004,5275,29.4,38.7
1990,MO,5177,6335,29.2,35.8
1990,NE,3602,6932,18.8,36.2
1990,NE,3459,6454,16.7,31.1
1990,NE,4864,9211,21.7,41
1990,NE,4118,6065,26.3,38.8
1990,NV,2320,3765,20.5,33.3
1990,NV,3307,5108,24.8,38.3
1990,NH,8494,15090,19.2,34.1
1990,NM,667,1957,5.3,15.6
1990,NM,4779,3594,41.2,31
1990,NM,5575,9971,18.4,33
1990,NM,6821,6550,34.1,32.7
1990,NM,4876,4479,31.6,29
1990,NY,14043,18541,26.7,35.2
1990,NY,6618,9848,23.2,34.6
1990,NY,10435,13464,29.5,38.1
1990,NY,10398,13160,29.9,37.8
1990,NY,17587,24510,26.9,37.5
1990,NC,9485,9322,34.1,33.5
1990,NC,8768,11068,24.5,30.9
1990,NC,16203,10012,46.1,28.5
1990,NC,5056,4641,31.3,28.7
1990,NC,7419,8654,27.6,32.2
1990,NC,13845,10984,37.1,29.5
1990,NC,9908,7721,41.5,32.3
1990,NC,10561,11219,25.7,27.3
1990,NC,26422,17379,43,28.3
1990,NC,15173,11160,40.6,29.8
1990,NC,7876,5978,39.3,29.8
1990,NC,17724,11768,42.7,28.4
1990,NC,4842,5632,27.9,32.5
1990,ND,2658,3045,24.1,27.6
1990,OH,6516,12983,23.5,46.9
1990,OH,9037,16077,26.5,47.2
1990,OH,5660,10752,23.2,44.1
1990,OH,7016,7396,35.8,37.8
1990,OH,7214,11264,28.6,44.7
1990,OH,7087,17059,17.1,41.1
1990,OH,6502,10787,24.1,40.1
1990,OH,9118,17205,23.4,44.1
1990,OH,18696,18029,36.2,35
1990,OH,9071,16799,24.7,45.8
1990,OH,7404,11511,27.1,42.1
1990,OH,15499,25730,28.1,46.6
1990,OH,4049,9952,20.8,51
1990,OH,9090,17557,22.5,43.4
1990,OK,6604,5767,32.7,28.5
1990,OK,6216,5338,30.1,25.8
1990,OK,13789,13452,31.7,30.9
1990,OK,6421,6333,32.2,31.8
1990,OK,6548,9532,20.4,29.7
1990,OR,2580,3572,28.2,39
1990,OR,15803,21501,25.5,34.7
1990,OR,4825,4972,30.1,31.1
1990,OR,1233,1669,26.1,35.3
1990,OR,9300,12184,24.9,32.7
1990,PA,9542,18682,24.3,47.5
1990,PA,15350,24896,29.8,48.4
1990,PA,6457,10464,27.5,44.6
1990,PA,14181,25709,25.9,47
1990,PA,8236,13918,28.8,48.7
1990,PA,9646,14749,31.8,48.6
1990,PA,20846,31722,31.5,47.9
1990,PA,33420,49823,31.6,47.1
1990,PA,5927,8770,26.9,39.8
1990,PA,7065,14524,23.4,48.2
1990,SC,6183,5024,41.1,33.4
1990,SC,12063,9044,42.8,32.1
1990,SC,10276,8381,36.1,29.5
1990,SC,13498,10303,35.9,27.4
1990,SC,8768,5375,49.1,30.1
1990,SC,8059,7121,37.9,33.5
1990,SC,13937,11939,36.6,31.3
1990,SC,18897,14876,37.6,29.6
1990,SD,966,1442,15.6,23.3
1990,SD,526,666,26.9,34
1990,SD,2305,4176,18.3,33.1
1990,TN,9515,6176,49.6,32.2
1990,TN,9476,7734,40.2,32.8
1990,TN,8208,7222,36.5,32.2
1990,TN,15737,12130,41.9,32.3
1990,TN,11930,8137,42.9,29.2
1990,TN,6864,4990,44,32
1990,TN,12599,11038,37,32.4
1990,TX,3182,2274,38.8,27.8
1990,TX,5103,3296,35,22.6
1990,TX,4237,3824,35.8,32.3
1990,TX,9832,7963,37.3,30.2
1990,TX,4551,2727,42.5,25.5
1990,TX,286,273,35.2,33.6
1990,TX,4605,5637,28.9,35.4
1990,TX,7803,5507,38.9,27.5
1990,TX,10604,11942,29.6,33.4
1990,TX,4956,3414,36,24.8
1990,TX,7252,5850,34.8,28.1
1990,TX,4580,4942,28.1,30.3
1990,TX,9778,5854,44.7,26.8
1990,TX,6070,3458,36.7,20.9
1990,TX,3958,3223,37.7,30.7
1990,TX,13425,3288,68.4,16.8
1990,TX,3644,2757,37.1,28.1
1990,TX,5425,2066,57.1,21.8
1990,TX,2567,1277,49.9,24.8
1990,UT,1446,2718,14.2,26.6
1990,VT,5201,7419,22.2,31.6
1990,VT,8329,14483,20.6,35.7
1990,VT,6652,12782,18.7,35.9
1990,VA,17561,11293,46.1,29.7
1990,VA,16381,11730,43.9,31.4
1990,VA,15386,9508,42.6,26.3
1990,VA,4190,2806,37.1,24.8
1990,WA,2658,2336,33.6,29.6
1990,WA,10885,15009,26,35.9
1990,WA,1659,3858,9,20.8
1990,WV,12660,8912,46.6,32.8
1990,WV,10886,14794,28.6,38.8
1990,WV,6498,6856,38.9,41.1
1990,WV,15783,14363,36.9,33.6
1990,WV,3401,4387,34,43.8
1990,WI,6450,12464,22.1,42.7
1990,WI,5084,7060,28.9,40.2
1990,WI,12841,22886,24.6,43.8
1990,WI,7046,11511,26.4,43.1
1990,WI,717,789,37.3,41.1
1990,WI,7094,14082,20.3,40.2
1990,WI,7690,12006,25.3,39.6
1990,WI,7414,10756,30.5,44.3
1990,WI,10157,19986,21.7,42.7
1990,WY,1742,3413,10.7,20.9
1990,AL,6965,4258,44.4,27.1
1990,AL,3428,1669,51,24.8
1990,AL,6374,3927,47.2,29.1
1990,AL,6030,4092,46.5,31.6
1990,AL,10288,6962,42.7,28.9
1990,AL,4286,2444,48.7,27.8
1990,AL,16665,10770,47,30.4
1990,AL,9037,7841,40.1,34.8
1990,AL,5060,3700,43.4,31.7
1990,AL,8212,5640,44.9,30.8
1990,AL,2734,1727,46.2,29.2
1990,AL,5236,3195,38.1,23.2
1990,AL,4259,2343,47.6,26.2
1990,AL,10611,7187,42.2,28.6
1990,AZ,13449,7571,45.3,25.5
1990,AR,5465,4934,38.9,35.1
1990,AR,4012,4460,31.6,35.2
1990,AR,5394,4763,39,34.4
1990,AR,4373,4983,35.5,40.5
1990,AR,2603,2465,40.8,38.7
1990,AR,4326,3027,43.5,30.4
1990,AR,3843,3533,36.9,34
1990,AR,3850,3304,39.9,34.3
1990,AR,5271,5138,38,37
1990,AR,3271,3278,38.2,38.3
1990,AR,6117,4191,48.4,33.1
1990,AR,5356,4045,46.7,35.3
1990,AR,5549,4594,41.9,34.7
1990,AR,3107,2146,46.2,31.9
1990,AR,3631,3022,41,34.1
1990,AR,3714,3466,37.4,34.9
1990,CA,4145,7372,18.4,32.8
1990,CA,5035,4529,33.1,29.8
1990,CA,1792,2148,27.8,33.3
1990,CA,6565,9156,22.6,31.6
1990,CA,2296,2763,25.8,31.1
1990,CO,3932,5396,27,37
1990,CO,1437,1043,35,25.4
1990,CO,2953,3868,25.2,33
1990,CO,3937,3936,30.6,30.6
1990,FL,3086,2123,44.1,30.3
1990,FL,2474,1869,40.5,30.6
1990,FL,2733,2476,41.6,37.7
1990,FL,4460,3508,42.9,33.8
1990,FL,10265,8233,38.4,30.8
1990,FL,6549,6167,37.2,35
1990,FL,4454,3002,43.5,29.3
1990,FL,6320,6562,36.2,37.6
1990,FL,4123,3936,37.9,36.2
1990,FL,4383,4183,39.1,37.3
1990,GA,2810,2347,43.4,36.3
1990,GA,3736,3047,42.5,34.7
1990,GA,2540,2023,39.7,31.7
1990,GA,3686,2852,44.8,34.6
1990,GA,4816,3823,43.2,34.3
1990,GA,2706,1901,45.3,31.8
1990,GA,3304,2105,45.9,29.2
1990,GA,5631,4169,45.7,33.9
1990,GA,2231,1937,41.5,36
1990,GA,5000,3107,45.9,28.5
1990,GA,5728,4328,45.1,34.1
1990,GA,5587,4262,43.1,32.9
1990,GA,2568,1510,50.1,29.4
1990,GA,3582,2394,46.3,30.9
1990,GA,5382,3935,45.1,33
1990,GA,2423,1374,50.7,28.8
1990,GA,3538,3221,41.1,37.4
1990,GA,2665,1668,47.3,29.6
1990,GA,1735,1146,48.6,32.1
1990,GA,4960,4406,42.6,37.8
1990,GA,2311,1815,44.7,35.1
1990,GA,703,475,49.6,33.5
1990,GA,3214,2624,37.1,30.3
1990,GA,2081,1471,47.2,33.4
1990,GA,2996,2313,43.4,33.5
1990,ID,616,1440,15.7,36.7
1990,ID,1556,2184,26.6,37.4
1990,ID,2280,3363,24.9,36.8
1990,ID,1122,1246,27.9,31
1990,ID,666,1425,16.2,34.6
1990,ID,1520,2088,27.3,37.4
1990,IL,2447,3903,27.7,44.2
1990,IL,3077,4458,28.7,41.5
1990,IL,3259,5149,26,41
1990,IL,3464,5586,26.5,42.7
1990,IL,9072,9656,33.3,35.5
1990,IL,3733,6217,25.9,43.1
1990,IL,2680,2601,33.8,32.8
1990,IL,2942,4704,27.4,43.8
1990,IL,2758,3716,29.7,40
1990,IL,4477,5180,32.2,37.2
1990,IL,6627,5429,36.8,30.1
1990,IL,4022,6051,27.3,41
1990,IL,4326,3698,35.8,30.6
1990,IL,2895,4794,23.7,39.2
1990,IL,3868,3925,33.8,34.3
1990,IN,2501,4454,27,48.1
1990,IN,3163,5629,27,48.1
1990,IN,5697,8789,27.2,42
1990,IN,5718,8727,28.4,43.4
1990,IN,4308,6199,31.1,44.8
1990,IN,6979,5516,43.3,34.3
1990,IN,4251,5280,34.6,43
1990,IN,4980,8278,28.1,46.8
1990,IN,3383,7301,22.1,47.7
1990,IA,2216,4380,24.1,47.7
1990,IA,2791,6088,21.6,47.1
1990,IA,2003,4577,19.3,44.1
1990,IA,2387,4922,20.7,42.6
1990,IA,1761,4351,18.7,46.2
1990,IA,2157,4045,24.8,46.5
1990,IA,1243,2629,22.4,47.3
1990,IA,2422,5298,21.7,47.5
1990,IA,3358,6308,23.4,44
1990,IA,1245,2334,22.3,41.8
1990,IA,1315,3096,18.8,44.3
1990,IA,2241,4402,20.5,40.3
1990,IA,2757,4947,21.5,38.6
1990,IA,2608,4941,20.9,39.7
1990,IA,1796,2932,27.1,44.2
1990,IA,2341,4375,23.6,44.2
1990,IA,3567,5639,27.8,43.9
1990,IA,1419,3001,22.9,48.5
1990,IA,2229,2964,29.6,39.4
1990,IA,4946,7511,26.3,40
1990,IA,1902,3139,27,44.6
1990,IA,1663,3583,20,43.2
1990,IA,2502,4810,21.8,42
1990,IA,1856,3970,21,44.9
1990,IA,2808,5005,24.2,43.1
1990,IA,1763,3557,21,42.5
1990,KS,1590,3077,21.6,41.9
1990,KS,4132,5305,29.8,38.3
1990,KS,1403,2602,22.2,41.2
1990,KS,1289,2298,23.1,41.1
1990,KS,1365,2331,24.9,42.5
1990,KS,2307,3243,26.2,36.8
1990,KS,1798,3869,22.5,48.4
1990,KS,816,1890,19.2,44.4
1990,KS,1650,3288,24.3,48.5
1990,KY,7328,4757,48.7,31.6
1990,KY,4902,2938,53.5,32
1990,KY,3551,2633,45.7,33.9
1990,KY,7035,4170,51.7,30.6
1990,KY,6706,5664,42.3,35.7
1990,KY,4750,4829,37.2,37.9
1990,KY,9086,7120,45.1,35.4
1990,KY,6354,4630,46.9,34.1
1990,KY,3502,2451,49.9,35
1990,KY,3004,3687,31.9,39.2
1990,KY,3576,3478,39.3,38.3
1990,LA,5685,4941,42.9,37.3
1990,LA,11934,7695,49.5,31.9
1990,LA,3753,3782,37.4,37.6
1990,LA,4424,3866,39.1,34.2
1990,LA,10182,5448,51.8,27.7
1990,LA,3522,3778,36.1,38.7
1990,LA,7421,7054,40.1,38.1
1990,LA,3414,3549,39,40.6
1990,LA,6008,3441,48,27.5
1990,LA,5443,5697,38.1,39.8
1990,LA,4265,3762,42,37.1
1990,ME,3645,7199,20.3,40
1990,ME,5261,11893,16.7,37.8
1990,ME,8049,15433,23.1,44.4
1990,ME,3009,5344,24.6,43.6
1990,ME,8903,13914,28.1,43.9
1990,ME,4814,8624,22.6,40.5
1990,MI,5427,6341,33.1,38.7
1990,MI,5064,5527,35.2,38.4
1990,MI,6939,9823,28.9,40.9
1990,MN,4837,6234,27.1,35
1990,MN,2942,4453,25.6,38.7
1990,MN,5946,9205,22.5,34.8
1990,MN,2926,3991,27,36.8
1990,MN,1446,3311,19.8,45.3
1990,MN,2316,2723,27.7,32.5
1990,MN,2013,2577,29.6,37.9
1990,MN,2013,2578,27.9,35.7
1990,MN,1945,2394,30.2,37.2
1990,MN,4631,5840,31.6,39.9
1990,MN,2120,3173,27.8,41.7
1990,MS,5701,3159,48.6,26.9
1990,MS,4307,2604,44.5,26.9
1990,MS,4052,3354,41.2,34.1
1990,MS,6039,2515,52,21.6
1990,MS,5272,3301,45.7,28.6
1990,MS,6372,4855,41.2,31.4
1990,MS,6776,4012,46.9,27.8
1990,MS,2017,1828,31.9,28.9
1990,MS,5316,3582,45,30.3
1990,MO,6041,7989,32.6,43.1
1990,MO,2393,3133,31.8,41.6
1990,MO,3055,3470,36.1,41
1990,MO,2684,3805,29.1,41.2
1990,MO,3163,2946,40.2,37.4
1990,MO,1849,2319,30.1,37.7
1990,MO,6124,8118,31.1,41.3
1990,MO,3360,2436,45.6,33
1990,MO,4887,5230,37,39.6
1990,MO,4591,2826,50.8,31.3
1990,MO,4624,4152,43.6,39.2
1990,MO,8458,6733,44.1,35.1
1990,MO,4332,4167,40.3,38.8
1990,MT,1903,1695,30.8,27.4
1990,MT,2989,4611,22.7,34.9
1990,MT,1054,1655,23.5,37
1990,MT,3477,6013,20.9,36.2
1990,NE,1562,2362,27.5,41.6
1990,NE,2185,4081,22.6,42.2
1990,NE,1965,3441,24,42.1
1990,NE,1006,1707,19.6,33.3
1990,NE,1696,3784,18.2,40.7
1990,NM,2714,2603,36.3,34.8
1990,NM,2830,2640,32.8,30.6
1990,NY,8116,12985,24.5,39.3
1990,NY,7906,11599,26,38.2
1990,NY,6409,8867,25.8,35.7
1990,NY,8162,10561,27.2,35.2
1990,NY,4295,7293,26.4,44.8
1990,NC,8016,5302,43.6,28.8
1990,NC,12958,10146,40.6,31.8
1990,NC,11208,7982,43.6,31
1990,NC,6750,4812,41.7,29.8
1990,NC,6682,4407,44.7,29.5
1990,ND,2014,2481,24.6,30.3
1990,ND,2930,2860,32,31.3
1990,OH,4842,8422,26,45.3
1990,OH,3244,5105,30.2,47.6
1990,OH,4482,8591,24.6,47.1
1990,OH,5314,6368,36,43.1
1990,OH,3459,6251,27.8,50.2
1990,OH,4505,9818,22.5,49
1990,OH,5580,11232,23.9,48.1
1990,OK,4809,3229,43.9,29.5
1990,OK,3253,3407,33.2,34.8
1990,OK,6539,6511,33.8,33.6
1990,OK,3172,2187,43.6,30.1
1990,OK,2650,2477,35,32.7
1990,OK,4507,3358,38.5,28.7
1990,OK,2961,2171,39.3,28.8
1990,OK,6957,7513,32.1,34.7
1990,OK,2213,2622,32.6,38.6
1990,OK,2541,1981,38.3,29.8
1990,OR,2156,2970,26.1,36
1990,PA,9946,15229,31.5,48.3
1990,PA,6991,11094,27.1,43.1
1990,SC,3289,2058,47.7,29.9
1990,SC,4876,3831,40.1,31.5
1990,SC,7878,5234,45.1,30
1990,SC,8189,7085,38.3,33.2
1990,SC,8149,5218,47.5,30.4
1990,SC,4378,3745,41.1,35.1
1990,SC,5095,3654,46.5,33.4
1990,SC,2682,1870,47.5,33.2
1990,SC,9095,6663,44.7,32.7
1990,SC,9414,6770,44.4,31.9
1990,SD,1296,1763,25.5,34.7
1990,SD,1376,1887,25.9,35.6
1990,SD,1355,2593,20.4,39.1
1990,SD,1728,961,40.6,22.6
1990,TN,8234,6253,44.7,33.9
1990,TN,8159,4914,49.2,29.6
1990,TN,13255,10297,42.5,33
1990,TN,6724,5339,45.2,35.9
1990,TN,6473,4573,44.8,31.7
1990,TN,4928,2835,52.8,30.4
1990,TN,7910,6044,42.5,32.5
1990,TN,6437,5859,42.6,38.8
1990,TN,9777,5778,50.1,29.6
1990,TN,5409,3890,48.8,35.1
1990,TN,4401,3393,49,37.8
1990,TX,1141,1000,36.4,31.9
1990,TX,2369,2146,36.2,32.8
1990,TX,6499,7024,33.5,36.2
1990,TX,2090,1437,41.8,28.7
1990,TX,2786,2189,41,32.2
1990,TX,954,591,45.8,28.4
1990,TX,752,902,28.5,34.1
1990,TX,5625,3731,44.8,29.7
1990,TX,3374,1026,60.2,18.3
1990,TX,4564,3619,36.9,29.2
1990,TX,2040,1598,39.3,30.8
1990,TX,1330,1002,42.4,32
1990,TX,2051,1735,37.1,31.4
1990,TX,1979,1449,41.6,30.5
1990,TX,3698,2515,43.4,29.5
1990,TX,7082,7553,35.6,38
1990,TX,1511,733,51.1,24.8
1990,TX,4072,2530,43.3,26.9
1990,TX,1758,601,54.7,18.7
1990,TX,5670,4132,44.3,32.3
1990,TX,5572,3881,39.8,27.7
1990,TX,2758,1974,41.2,29.5
1990,TX,2722,2807,31.4,32.4
1990,TX,4541,4301,32.4,30.7
1990,TX,857,796,35.9,33.3
1990,TX,4161,3191,43,33
1990,TX,1932,1435,38.1,28.3
1990,TX,3179,2061,43.2,28
1990,TX,1963,1646,38.2,32.1
1990,TX,3150,2266,40.3,29
1990,TX,4271,4090,37.8,36.2
1990,TX,2798,2417,36.8,31.7
1990,TX,2161,1424,42.5,28
1990,TX,6880,6615,34.3,33
1990,UT,514,1048,17.5,35.7
1990,UT,1441,2534,18,31.6
1990,VT,3587,7221,18,36.3
1990,VA,8758,7256,40.5,33.5
1990,VA,2889,3291,32.6,37.1
1990,VA,11354,7062,46.8,29.1
1990,VA,4698,4047,37.9,32.6
1990,VA,6534,5374,38.2,31.4
1990,VA,1865,1334,44.5,31.8
1990,VA,1722,1856,35.5,38.2
1990,VA,875,617,27.2,19.2
1990,WA,2525,4557,17.3,31.2
1990,WA,6150,6866,28.7,32
1990,WV,4025,3758,40.2,37.6
1990,WV,8738,8358,37,35.4
1990,WV,3297,2713,44.7,36.8
1990,WV,5884,6376,34.6,37.5
1990,WV,6638,7142,38.8,41.8
1990,WV,4127,3514,42,35.8
1990,WV,3745,5512,29.9,43.9
1990,WI,3757,4534,33,39.8
1990,WI,7080,10161,27,38.8
1990,WI,2021,3392,21.5,36
1990,WI,2443,3745,27.4,42
1990,WI,6396,8518,32.5,43.2
1990,WI,3549,7021,20.4,40.4
1990,WI,3169,5364,25.4,43.1
1990,WI,3367,4531,31.2,42
1990,WI,3686,5666,28.5,43.8
1990,WI,5589,9965,24.3,43.3
1990,WI,2972,4600,26.3,40.7
1990,WI,2881,3885,29.7,40
1990,WI,3642,4936,31.2,42.3
1990,WI,4714,6995,28.3,42
1990,WI,5198,6303,30.8,37.3
1990,WI,8389,13149,27.9,43.7
1990,WI,3994,5539,30,41.6
1990,WY,1122,2673,16.6,39.6
1990,AL,4802,3441,47.1,33.8
1990,AL,4166,3693,41.8,37.1
1990,AR,2953,1882,48.4,30.9
1990,AR,2163,1901,39.9,35.1
1990,AR,2727,2174,43.7,34.9
1990,CA,2261,2853,22.2,28
1990,CA,618,702,24.5,27.8
1990,CO,819,886,29.7,32.1
1990,CO,218,476,16.2,35.4
1990,CO,784,1103,25.5,35.9
1990,FL,3032,2370,42.3,33
1990,FL,1558,1180,43.3,32.8
1990,GA,1499,945,47.8,30.1
1990,GA,1966,1125,53.8,30.8
1990,GA,5188,3106,50.3,30.1
1990,GA,1698,1416,42.6,35.5
1990,GA,628,440,51.4,36
1990,GA,2285,1458,48.8,31.2
1990,GA,2170,1149,57.2,30.3
1990,GA,2335,2411,38,39.3
1990,ID,1287,1910,25.8,38.3
1990,ID,485,944,18.3,35.6
1990,ID,493,905,21.2,38.9
1990,ID,427,614,21.3,30.6
1990,ID,2784,3542,29.9,38
1990,IL,1946,1604,41.6,34.3
1990,IL,983,1003,34.8,35.6
1990,IL,1937,1383,40.2,28.7
1990,IN,3512,5515,28.1,44.1
1990,IN,1534,2499,28.4,46.3
1990,IA,1298,2622,22.5,45.4
1990,IA,1431,2163,28.3,42.8
1990,IA,2980,4403,28.2,41.7
1990,IA,3173,5878,25.5,47.2
1990,IA,1336,2449,24.1,44.2
1990,IA,1822,3675,23.2,46.8
1990,IA,1760,3336,23.7,44.9
1990,KS,934,1131,29.5,35.8
1990,KS,792,873,32.7,36.1
1990,KS,1083,2094,21.8,42.2
1990,KY,4595,4130,43.3,38.9
1990,KY,3620,2144,51,30.2
1990,KY,5286,2800,54.7,29
1990,KY,4653,2483,53.6,28.6
1990,KY,4434,2290,54.6,28.2
1990,KY,3999,2421,52.9,32.1
1990,KY,1972,1686,44.6,38.1
1990,KY,3469,2146,49.4,30.5
1990,LA,2635,2020,42.9,32.9
1990,LA,2395,2027,42.6,36.1
1990,ME,3840,7287,18.6,35.2
1990,MD,5667,7499,31.6,41.9
1990,MI,3385,3940,34.6,40.3
1990,MI,3754,5579,26.7,39.7
1990,MN,1884,1823,35.1,34
1990,MN,1116,1000,35.3,31.6
1990,MN,2261,2356,31.5,32.8
1990,MN,1644,1837,30.3,33.9
1990,MN,1041,946,35.7,32.4
1990,MS,2307,2420,37.6,39.4
1990,MS,3542,1336,53.6,20.2
1990,MS,619,250,56.3,22.7
1990,MS,2223,1197,47,25.3
1990,MS,3521,2620,42.6,31.7
1990,MS,2884,2535,38.1,33.5
1990,MS,1788,957,48.7,26.1
1990,MS,3937,3006,43,32.8
1990,MS,3006,1608,51.7,27.7
1990,MO,1432,2274,28.2,44.8
1990,MO,1371,2051,29,43.4
1990,MO,2195,2185,39.6,39.4
1990,MO,1000,1790,24.6,44
1990,MO,2031,1945,38.8,37.1
1990,MO,3867,4300,35.7,39.7
1990,MT,602,1299,16.6,35.8
1990,MT,417,604,24.1,34.9
1990,MT,311,534,19.6,33.7
1990,MT,571,814,26,37.1
1990,MT,822,1111,29.1,39.3
1990,MT,1410,2328,24.8,40.9
1990,MT,947,1589,21.8,36.6
1990,MT,944,1395,23.2,34.2
1990,MT,85,234,14.9,41.1
1990,NE,1211,2290,22.4,42.4
1990,NE,1105,1940,23.1,40.6
1990,NE,905,2154,18.6,44.2
1990,NE,409,865,21.1,44.6
1990,NE,872,1526,26.4,46.2
1990,NE,741,1028,26.2,36.3
1990,NE,828,1054,29,36.9
1990,NE,678,1012,27.8,41.5
1990,NE,1159,1499,29.4,38
1990,NY,849,1459,22.7,39
1990,NY,3106,4674,25.8,38.8
1990,NC,3571,2811,37.8,29.7
1990,NC,6275,4394,45,31.5
1990,NC,4118,3100,40.8,30.7
1990,NC,3208,2855,30.4,27
1990,NC,3033,2134,41,28.9
1990,NC,4163,3476,39.3,32.8
1990,ND,1418,1027,42.7,31
1990,ND,917,766,37.4,31.2
1990,ND,882,591,39.5,26.4
1990,ND,2189,1879,31.8,27.3
1990,ND,979,1026,30.6,32
1990,ND,1099,1353,26.9,33.2
1990,ND,471,474,28.1,28.2
1990,ND,1322,1535,23.4,27.2
1990,OH,3115,5105,30.6,50.1
1990,OK,1972,1618,41.3,33.9
1990,PA,3179,4062,36,46
1990,PA,4675,6219,34.8,46.3
1990,PA,1229,1908,29.8,46.3
1990,PA,6309,12309,24,46.8
1990,SD,255,659,16.4,42.4
1990,SD,2157,1725,37.4,29.9
1990,SD,497,527,31.1,32.9
1990,SD,634,803,28.7,36.4
1990,SD,1041,1546,25.4,37.7
1990,SD,746,939,27.5,34.6
1990,SD,414,382,37.5,34.6
1990,TN,3054,2142,47.9,33.6
1990,TN,4593,2387,55.3,28.7
1990,TN,2529,1187,57.6,27
1990,TN,2452,1631,47.3,31.5
1990,TN,2695,2347,41.1,35.8
1990,TX,153,156,28.8,29.3
1990,TX,863,748,35.4,30.6
1990,TX,703,588,39.7,33.2
1990,TX,810,702,32.2,27.9
1990,TX,1211,1130,37,34.5
1990,TX,2760,3176,32.6,37.5
1990,TX,2444,1657,39.1,26.5
1990,TX,2748,2232,39.8,32.3
1990,TX,2740,2547,39.2,36.5
1990,TX,692,489,37.6,26.6
1990,TX,762,647,33.9,28.8
1990,TX,275,279,31.7,32.2
1990,TX,950,850,37.5,33.6
1990,UT,164,356,18.2,39.6
1990,VT,2430,4249,19.8,34.6
1990,VA,1098,1250,32.7,37.3
1990,VA,1690,1607,37.4,35.6
1990,VA,3708,2453,47.9,31.7
1990,VA,733,692,38.2,36.1
1990,VA,8310,4223,52,26.4
1990,VA,5520,3487,45.9,29
1990,WA,288,543,18.2,34.3
1990,WA,1110,1938,18.1,31.6
1990,WV,3708,3118,43.2,36.3
1990,WV,2254,1925,43.7,37.3
1990,WV,3146,3458,37.9,41.7
1990,WV,2934,3275,35.2,39.3
1990,WV,2142,2127,39.4,39.1
1990,WV,1549,2246,31.3,45.4
1990,WV,2632,2714,38.5,39.7
1990,WV,4219,3906,42.8,39.6
1990,WV,1863,2229,36,43
1990,WV,8499,6421,47,35.5
1990,WI,2338,4936,23,48.5
1990,WI,2574,3503,30.3,41.2
1990,AK,1701,4137,10.1,24.7
1990,AK,1252,2648,14.6,31
1990,AZ,4833,4138,32.4,27.7
1990,AR,7491,8307,32.1,35.6
1990,AR,6071,6711,32.4,35.8
1990,AR,1382,1534,36.7,40.7
1990,AR,4494,3664,35.1,28.6
1990,AR,5754,5058,35.7,31.4
1990,AR,7416,7116,36.9,35.4
1990,AR,2064,1860,41.9,37.7
1990,AR,7038,6375,35.2,31.9
1990,AR,9374,8549,33.5,30.6
1990,AR,10300,10065,34.1,33.3
1990,CA,4385,4608,29.1,30.5
1990,CA,14732,20277,19.5,26.8
1990,CA,4808,4602,27.2,26.1
1990,CO,1443,3270,10.2,23
1990,CO,2852,6418,14.8,33.3
1990,CO,2385,4044,20.9,35.5
1990,CO,1390,2469,20.1,35.7
1990,CO,502,1285,5.3,13.5
1990,CO,762,2137,8.3,23.4
1990,CO,387,1609,4.5,18.6
1990,GA,4242,3494,43.2,35.6
1990,GA,7314,5162,42,29.6
1990,GA,2652,1788,50.5,34.1
1990,GA,2489,1899,48,36.6
1990,GA,9727,8384,39,33.6
1990,GA,1834,1377,42.6,32
1990,GA,5984,4591,39.9,30.6
1990,GA,8060,5631,38.7,27
1990,GA,6028,4657,41,31.7
1990,GA,8799,7693,38.9,34
1990,HI,17200,23655,22.3,30.7
1990,HI,8884,8890,26.9,26.9
1990,ID,742,1906,8.3,21.3
1990,ID,86,162,18.2,34.2
1990,ID,2943,3206,27.3,29.8
1990,ID,2547,2834,27.6,30.7
1990,ID,413,737,20.2,36.1
1990,ID,3512,3756,31.5,33.7
1990,ID,392,577,19.8,29.1
1990,ID,8154,9907,24.6,29.9
1990,IL,10778,16185,24.9,37.4
1990,IL,5479,9787,23.4,41.7
1990,IL,6962,9379,23.9,32.2
1990,IL,1867,2773,27.8,41.2
1990,IL,4878,7342,25,37.7
1990,IL,3217,5612,22.5,39.2
1990,IL,1457,2455,26.7,44.9
1990,IL,7230,8348,30.1,34.8
1990,IL,3700,6519,19.7,34.7
1990,IL,3493,3414,34.7,33.9
1990,IL,985,1814,26.4,48.6
1990,IN,5833,7241,33.8,41.9
1990,IN,6365,10186,27.8,44.4
1990,IN,6308,9485,25.5,38.3
1990,IN,3624,7587,21,44
1990,IN,13401,18411,28.8,39.5
1990,IA,2246,5042,17.9,40.2
1990,IA,5797,10799,18.7,34.8
1990,IA,1743,4727,15.2,41.2
1990,IA,1531,2228,28.1,40.9
1990,IA,5934,11226,21.1,39.9
1990,IA,1670,4103,15.9,39
1990,IA,1988,3788,17.7,33.8
1990,IA,5794,11319,22.5,43.9
1990,IA,3493,5784,25.2,41.7
1990,IA,6197,9652,25.8,40.2
1990,IA,5729,9986,21.6,37.7
1990,IA,1208,2131,22.1,39
1990,KS,4212,6186,22,32.4
1990,KS,2983,4737,19.4,30.8
1990,KS,5253,4859,29.1,26.9
1990,KS,3786,4569,23.4,28.2
1990,KS,627,698,26.2,29.1
1990,KS,3966,4965,25.8,32.4
1990,KS,3796,5817,21.8,33.4
1990,KS,6888,7873,27,30.9
1990,KS,738,1489,19,38.3
1990,KS,5580,11683,17.6,36.8
1990,KS,3001,3417,27.8,31.6
1990,KY,1910,2061,35.8,38.7
1990,KY,10466,5121,53.3,26.1
1990,KY,5774,5717,34.6,34.2
1990,KY,5736,5425,30.9,29.3
1990,KY,2512,1554,45.6,28.2
1990,KY,8615,8146,38,35.9
1990,KY,11198,10576,37.5,35.4
1990,KY,9574,4884,53.4,27.2
1990,KY,12799,8228,47.3,30.4
1990,KY,6334,4255,49.6,33.3
1990,KY,2285,2533,36.9,40.9
1990,KY,11458,14047,26.9,33
1990,KY,1685,1038,54,33.2
1990,KY,3217,1722,54.8,29.3
1990,KY,14240,10520,43.8,32.4
1990,KY,5099,2810,55.1,30.4
1990,KY,5871,4400,42.6,31.9
1990,KY,9493,5596,47,27.7
1990,LA,5428,3992,43.1,31.7
1990,LA,7056,12156,23.1,39.9
1990,MA,795,2431,9.6,29.5
1990,MI,5324,7166,26.4,35.5
1990,MI,1946,3107,23.4,37.3
1990,MI,5769,8090,26.4,37
1990,MI,5657,9565,23.1,39.1
1990,MI,3860,7700,21.5,42.8
1990,MI,6221,13213,15.1,32.2
1990,MI,5380,7214,26.1,34.9
1990,MI,2578,3734,30.4,44
1990,MI,459,496,35.7,38.5
1990,MI,1658,3532,14.9,31.7
1990,MI,7726,15144,18.2,35.7
1990,MI,4010,6708,23.9,39.9
1990,MI,4247,7655,25.7,46.4
1990,MI,2335,3235,30.6,42.4
1990,MI,4213,6638,25.4,40
1990,MN,4638,5662,24.1,29.4
1990,MN,4021,5498,27.5,37.5
1990,MN,5417,8936,24.5,40.3
1990,MN,3555,5448,24.1,36.9
1990,MN,3902,4677,29.6,35.5
1990,MN,3975,7412,20.6,38.5
1990,MS,7321,6718,32.7,30
1990,MS,9070,6123,43.7,29.5
1990,MS,9824,4439,45.1,20.4
1990,MS,2656,1651,46,28.6
1990,MS,4078,3636,38.4,34.2
1990,MS,8056,3194,46,18.2
1990,MS,5760,3768,43.5,28.4
1990,MS,6534,3286,51,25.7
1990,MS,4114,3294,40,32
1990,MS,2702,1884,43.7,30.5
1990,MS,14024,13257,30.3,28.6
1990,MS,13114,11400,32.2,28
1990,MS,9366,4558,44.7,21.8
1990,MS,10685,9534,31,27.7
1990,MS,5077,3903,27,20.7
1990,MS,5940,4477,42.6,32.1
1990,MS,9294,3633,50.8,19.9
1990,MS,15644,9640,41.2,25.4
1990,MO,3365,4009,25.7,30.6
1990,MO,11000,7901,43.2,31
1990,MO,1589,2150,32.6,44.2
1990,MO,10499,6735,48.8,31.3
1990,MO,7988,7181,38.8,34.9
1990,MO,1804,2774,28.3,43.4
1990,MO,5204,6999,29.1,39.1
1990,MO,6372,7021,29.9,32.9
1990,MO,4795,8283,21.5,37.1
1990,MO,1669,2641,29.8,47.1
1990,MO,923,1241,32,43
1990,MT,6912,13232,17.9,34.2
1990,MT,2811,7437,9.6,25.4
1990,MT,962,1718,18.7,33.4
1990,MT,3810,9963,12.6,32.8
1990,MT,4863,8481,21.7,37.8
1990,NE,69,226,12.3,40.4
1990,NE,2763,5358,21.2,41.1
1990,NE,286,539,20.9,39.4
1990,NE,875,1446,19.7,32.6
1990,NE,3855,7903,18.6,38.2
1990,NE,92,211,17.1,39.2
1990,NE,81,128,22,34.8
1990,NE,4439,7278,21.7,35.6
1990,NE,1325,2169,26.2,43
1990,NE,3742,7171,20.5,39.4
1990,NE,5984,7683,25.7,33
1990,NE,243,353,22.9,33.2
1990,NE,775,1530,20.6,40.6
1990,NV,4188,6660,21.5,34.1
1990,NV,249,348,24.8,34.7
1990,NV,1894,2708,24.5,35
1990,NH,7028,9699,30,41.4
1990,NH,8570,15177,18.6,33
1990,NH,6384,9566,25,37.5
1990,NM,11368,9479,32.7,27.3
1990,NM,5951,7513,24.2,30.5
1990,NM,9886,9994,32.7,33.1
1990,NM,4956,4728,29.5,28.1
1990,NM,11737,8875,36.2,27.4
1990,NM,12829,9167,41.5,29.7
1990,NM,3222,2032,33.9,21.4
1990,NM,4128,4338,28.2,29.7
1990,NY,13310,17399,25.8,33.7
1990,NY,9057,10521,30.5,35.5
1990,NY,8185,13044,22.3,35.6
1990,NC,6492,4002,47.2,29.1
1990,NC,11223,9315,39.6,32.9
1990,NC,1059,838,42,33.2
1990,NC,5566,4572,28,23
1990,ND,1478,1473,33.3,33.2
1990,ND,550,717,25.8,33.7
1990,ND,3773,4142,26.9,29.6
1990,ND,3847,4639,26.5,31.9
1990,ND,5835,10430,17.2,30.8
1990,ND,3132,4198,23.2,31.1
1990,OH,7486,7510,39.1,39.2
1990,OH,5831,11748,24.5,49.4
1990,OK,4086,3947,33.5,32.4
1990,OK,8401,9915,29.7,35.1
1990,OK,3864,4599,24.9,29.7
1990,OK,8754,13587,23.5,36.4
1990,OK,4366,4600,25.9,27.3
1990,OK,7285,9758,23.2,31.1
1990,OK,9783,8587,35.7,31.3
1990,OK,6596,6233,30.7,29
1990,OK,2478,3527,24.5,34.8
1990,OK,3215,4587,26.6,38
1990,OR,10052,13436,24.5,32.7
1990,OR,3144,5175,21.9,36.1
1990,OR,8791,12730,23.8,34.5
1990,OR,5362,9360,19.5,34
1990,OR,2895,5026,19.8,34.5
1990,PA,7672,14607,24.6,46.8
1990,PA,8055,9799,35.6,43.3
1990,SD,2937,4301,24.3,35.6
1990,SD,2326,3642,17.8,27.8
1990,SD,4904,6894,22.1,31
1990,SD,3384,5720,24,40.6
1990,SD,2650,3738,24.1,34
1990,SD,1078,969,35.8,32.2
1990,SD,1441,2841,15.5,30.6
1990,SD,336,528,22.5,35.3
1990,SD,224,441,21.1,41.5
1990,SD,2821,4262,22.8,34.4
1990,TN,10078,5936,44.7,26.3
1990,TN,7706,7038,40,36.5
1990,TN,1031,1149,33.3,37.2
1990,TN,8095,7845,38.7,37.5
1990,TN,6521,3318,55.9,28.4
1990,TN,8483,6078,43.1,30.9
1990,TX,10098,9655,32.3,30.9
1990,TX,14965,12309,34.7,28.6
1990,TX,7175,6839,32.9,31.4
1990,TX,4004,2557,46,29.4
1990,TX,3826,3468,31.4,28.4
1990,TX,160,71,56.9,25.3
1990,TX,9240,8341,32.7,29.5
1990,TX,11925,2937,64.3,15.8
1990,TX,3907,3079,38.1,30
1990,TX,8977,7593,30.3,25.7
1990,TX,4910,2080,54.7,23.2
1990,TX,4066,3348,35.7,29.4
1990,TX,5155,4800,34.6,32.2
1990,TX,3121,2562,39.3,32.3
1990,TX,9442,4638,43.9,21.6
1990,UT,2966,3557,25.7,30.8
1990,UT,3010,4025,26.3,35.2
1990,VT,1373,1807,32,42.2
1990,VT,3239,6410,19.6,38.7
1990,VT,6884,13122,18.7,35.6
1990,VA,5924,3168,52.9,28.3
1990,VA,12849,8559,42.7,28.4
1990,VA,11931,6790,47.9,27.2
1990,VA,1230,615,45.7,22.9
1990,WA,7880,12066,20.3,31
1990,WA,9385,10191,28.4,30.9
1990,WV,1625,1835,35.4,40
1990,WV,13665,17869,29.4,38.5
1990,WV,6228,7246,34.1,39.6
1990,WI,759,1345,24.8,44
1990,WY,2262,6336,13.5,37.8
1990,WY,4646,6973,22.5,33.8
1990,WY,2870,5260,18.4,33.7
1990,WY,4160,8455,18.5,37.5
1990,WY,620,2177,8.1,28.5
1990,WY,1581,3897,15.9,39.2
1990,AZ,1224,2034,25.8,42.9
1990,AR,3391,2677,43.9,34.6
1990,AR,4527,2927,48.8,31.5
1990,AR,6482,3927,52.1,31.5
1990,AR,3142,2532,45.1,36.4
1990,AR,4313,4039,36.7,34.3
1990,AR,4258,1710,55.8,22.4
1990,AR,3341,2224,47.1,31.4
1990,AR,2560,2356,39.4,36.2
1990,AR,4969,3721,45.6,34.2
1990,AR,3572,3789,35.5,37.7
1990,AR,2728,2246,40.4,33.2
1990,GA,4133,3322,42.8,34.4
1990,GA,2403,2286,41.9,39.9
1990,GA,2282,1443,46.8,29.6
1990,GA,5888,3724,47.4,30
1990,GA,2511,1762,46.9,32.9
1990,GA,3273,2372,44.8,32.5
1990,GA,1736,1244,47.3,33.9
1990,GA,4906,4281,41.9,36.5
1990,GA,1315,1020,43.3,33.6
1990,ID,1266,1916,25.4,38.4
1990,ID,2028,2380,27.5,32.3
1990,IL,2723,4948,24,43.7
1990,IL,3322,3537,34.4,36.7
1990,IL,3192,5408,24,40.6
1990,IL,2344,1927,40,32.9
1990,IL,2071,2789,30.3,40.8
1990,IL,3369,4313,30.8,39.4
1990,IL,3563,4899,30.1,41.4
1990,IL,1557,2159,30.6,42.4
1990,IL,4290,3879,36.9,33.4
1990,IN,3062,5761,24.7,46.4
1990,IN,2358,2633,35.6,39.7
1990,IA,2578,3603,27.9,39
1990,IA,1616,2952,21.7,39.7
1990,IA,2385,4899,21,43.1
1990,IA,1601,3042,20.6,39.1
1990,IA,1780,3237,21.6,39.2
1990,IA,1475,3219,20,43.6
1990,IA,1770,3167,24,43
1990,IA,1332,2406,24.4,44
1990,IA,2722,3793,26.5,36.9
1990,IA,1336,1941,27.9,40.5
1990,IA,1625,2654,23.1,37.8
1990,IA,2204,5472,18.4,45.6
1990,IA,1691,2729,21.4,34.6
1990,IA,2214,3818,22.4,38.6
1990,KS,1801,2739,24,36.5
1990,KS,2585,5552,20.3,43.6
1990,KS,1071,1614,23.4,35.3
1990,KS,1023,1412,24.9,34.3
1990,KS,2568,3846,22.8,34.2
1990,KS,918,1714,17.9,33.5
1990,KS,1317,2538,18.8,36.3
1990,KS,1443,2152,25.5,38.1
1990,KS,775,1154,22.8,33.9
1990,KS,683,1108,21.6,35.1
1990,KY,5313,2722,53.7,27.5
1990,KY,3398,3223,38.1,36.1
1990,KY,2468,2493,40.4,40.9
1990,KY,3671,2654,46.2,33.4
1990,KY,1934,1635,39,33
1990,KY,4246,4145,41.1,40.1
1990,KY,6107,6766,32.4,35.9
1990,KY,4411,2391,42.1,22.8
1990,KY,2814,2377,42.2,35.6
1990,KY,6112,3450,55.4,31.3
1990,LA,3266,2072,46.7,29.6
1990,MI,2593,4222,27,44
1990,MI,3904,6112,26.7,41.8
1990,MI,3187,3554,34.3,38.3
1990,MI,1603,2397,28.4,42.5
1990,MN,2328,3581,26.3,40.4
1990,MN,2450,3062,28.3,35.4
1990,MN,2356,3622,23.6,36.3
1990,MN,1997,2932,25.8,37.8
1990,MN,3267,4395,28.7,38.6
1990,MN,2340,2542,31.8,34.5
1990,MN,2498,3073,29.4,36.2
1990,MN,2142,2944,27.4,37.6
1990,MS,5111,3123,47.1,28.8
1990,MS,4867,3823,39.6,31.1
1990,MS,9915,6691,44.4,29.9
1990,MS,3350,2340,43.4,30.3
1990,MS,5913,4850,39.1,32
1990,MS,4958,3333,39.9,26.8
1990,MS,3558,2027,50.4,28.7
1990,MS,6768,3618,47.1,25.2
1990,MS,4443,2128,51.8,24.8
1990,MS,5087,3485,43.9,30.1
1990,MS,4888,3698,40.9,31
1990,MS,3398,2364,44.3,30.8
1990,MO,5205,7640,26.4,38.7
1990,MO,4185,2931,46.1,32.3
1990,MO,3085,4507,29.7,43.4
1990,MO,1799,2489,30.2,41.7
1990,MO,6246,4390,48,33.7
1990,MO,6667,4204,50.5,31.8
1990,MO,5519,5735,39.1,40.6
1990,MT,1790,2865,25.5,40.9
1990,MT,3000,4455,26.7,39.7
1990,MT,1843,3560,18.3,35.3
1990,MT,1634,2366,24.6,35.6
1990,MT,1881,1924,29.9,30.6
1990,NE,1775,2414,29.6,40.2
1990,NE,1907,2611,28.5,39
1990,NE,1625,3668,19.5,44
1990,NE,1522,2490,24.9,40.8
1990,NE,1053,2329,18.5,40.9
1990,NE,969,2733,15,42.4
1990,NV,954,1507,26.8,42.4
1990,NM,1083,1060,42.2,41.3
1990,NM,984,1323,28.4,38.2
1990,NM,1904,2694,22.9,32.4
1990,NY,6715,11211,23.1,38.5
1990,NC,5678,5473,33.3,32.1
1990,NC,3474,3086,39.4,35
1990,ND,1185,933,34.1,26.8
1990,OH,9439,5284,53.1,29.7
1990,OH,5923,5645,39.2,37.4
1990,OH,3379,7040,23.5,49
1990,OK,3359,2712,40.2,32.4
1990,OK,4132,3443,42.1,35.1
1990,OK,1636,1465,35.3,31.6
1990,OK,3697,2963,41.3,33.1
1990,OK,2472,1761,39,27.8
1990,OK,2373,1580,36.9,24.5
1990,OK,1800,2000,33.5,37.2
1990,OK,1558,2025,29.1,37.8
1990,OK,2919,2507,36,30.9
1990,OK,6275,5031,37.9,30.4
1990,OK,2545,2764,33.4,36.2
1990,OK,1428,1563,23.9,26.2
1990,PA,5766,11581,25.1,50.4
1990,PA,982,1567,29.5,47.1
1990,PA,8350,14975,27.4,49.2
1990,PA,2847,5235,26.2,48.3
1990,SC,3888,2704,40.8,28.4
1990,SD,1408,2293,26,42.3
1990,TN,4345,3468,43.7,34.9
1990,TN,2371,1409,50.4,30
1990,TN,6306,4668,46.8,34.6
1990,TX,1960,1275,44.6,29
1990,TX,2574,1016,54.4,21.5
1990,TX,3870,3119,42.2,34
1990,TX,3894,2053,52.1,27.5
1990,TX,1842,1570,35.1,30
1990,TX,3578,3498,34.5,33.7
1990,TX,3626,1871,46.8,24.1
1990,TX,1026,1045,28.3,28.9
1990,TX,1328,1149,37.2,32.2
1990,TX,5199,4918,36,34
1990,TX,1008,935,35.3,32.8
1990,TX,2167,1650,37.5,28.5
1990,TX,2151,1596,40.7,30.2
1990,TX,2568,1541,44.3,26.6
1990,TX,1404,1175,38.3,32.1
1990,TX,6175,4488,42.7,31
1990,TX,1804,1632,36,32.6
1990,TX,3942,1185,61.4,18.4
1990,UT,454,1269,16.6,46.5
1990,UT,1593,2269,25.2,35.9
1990,UT,2490,1381,40.3,22.3
1990,VT,3945,6873,22.6,39.4
1990,VT,5039,9648,18.3,35.1
1990,VA,9199,5234,50.3,28.6
1990,VA,8369,6166,41.9,30.9
1990,VA,9303,5346,49.4,28.4
1990,VA,2022,1206,43.8,26.1
1990,WA,3414,4945,25.8,37.4
1990,WV,4382,4648,37.9,40.3
1990,WV,9945,6318,49.6,31.5
1990,WV,2019,2719,31.3,42.1
1990,WV,5040,5443,35.7,38.6
1990,WI,2807,4445,27.6,43.7
1990,WI,4180,5929,29.4,41.7
1990,WI,4963,8379,22.4,37.8
1990,WY,1913,4033,18.3,38.5
1990,WY,1854,2619,23.5,33.2
1990,WY,790,1182,23.9,35.8
1990,WY,833,1435,20.2,34.8
1990,WY,1183,2742,16.8,38.8
1990,WY,701,1832,16.8,43.9
1990,AL,4482,3070,45.7,31.3
1990,AL,3999,2692,46.2,31.1
1990,AL,3771,2048,48.9,26.5
1990,AR,3180,2920,38.9,35.7
1990,AR,3099,3093,35.8,35.7
1990,AR,2563,2508,38.9,38.1
1990,AR,2537,1622,47.4,30.3
1990,AR,3034,1817,51.3,30.7
1990,CO,667,1174,19.1,33.7
1990,CO,672,1517,12.6,28.4
1990,CO,195,410,17.9,37.6
1990,CO,204,527,12.5,32.4
1990,CO,602,1145,21,40
1990,CO,683,1123,18.8,30.9
1990,CO,80,148,17.3,32
1990,CO,553,709,29.1,37.3
1990,CO,775,1222,24.1,38.1
1990,GA,1786,1242,48.5,33.8
1990,GA,3017,2742,37.3,33.9
1990,IL,1239,1508,31.1,37.9
1990,IA,1694,3459,21.1,43
1990,IA,1313,2675,19.9,40.6
1990,IA,1891,3497,22.7,41.9
1990,IA,1217,2292,25,47
1990,IA,1299,2428,25.3,47.2
1990,KS,460,859,22.1,41.2
1990,KS,284,544,16.5,31.7
1990,KS,628,975,23.7,36.8
1990,KS,1000,970,30.6,29.7
1990,KS,436,538,26.6,32.8
1990,KS,553,757,23.9,32.7
1990,KS,222,549,15.1,37.2
1990,KS,547,802,22,32.3
1990,KS,590,985,22.4,37.4
1990,KS,582,946,20.5,33.3
1990,KS,1059,1672,25.9,40.9
1990,KS,764,992,27.4,35.5
1990,KS,776,1231,21.3,33.8
1990,KS,695,910,27.1,35.5
1990,KS,1803,2709,25.4,38.2
1990,KY,1321,1439,37.7,41
1990,KY,5204,2505,56.9,27.4
1990,KY,7835,2900,61.1,22.6
1990,KY,2774,1146,60.5,25
1990,KY,11373,6594,50.5,29.3
1990,KY,1664,1323,43.2,34.3
1990,KY,4516,1843,61.7,25.2
1990,KY,4796,1982,59.6,24.6
1990,KY,9054,4631,54.4,27.8
1990,KY,5457,2427,59.8,26.6
1990,KY,4898,2796,49.8,28.4
1990,LA,3104,2158,46.1,32
1990,LA,1797,1374,41.9,32
1990,LA,3623,2406,48,31.9
1990,MI,2317,2910,31.4,39.5
1990,MI,1621,2507,27,41.7
1990,MI,2878,4793,23.6,39.3
1990,MI,1525,2172,29.5,42
1990,MI,2296,2170,38.7,36.6
1990,MI,1159,1548,30.4,40.6
1990,MI,2048,2943,28.6,41.1
1990,MI,2035,2538,32.4,40.4
1990,MI,1576,2797,25.4,45.1
1990,MI,3490,5326,27.9,42.6
1990,MN,1220,1647,28.1,37.9
1990,MN,1536,1825,32.3,38.4
1990,MN,1957,2611,30.3,40.4
1990,MS,4464,2804,47.2,29.7
1990,MS,2357,1737,42.4,31.3
1990,MS,2192,1696,41.9,32.4
1990,MS,3809,2435,45,28.8
1990,MS,2674,2064,41.4,31.9
1990,MO,1153,2040,23.2,41
1990,MO,3554,3915,35.5,39.1
1990,MO,1558,1094,44,30.9
1990,MO,1787,2855,28.7,45.9
1990,MO,3075,2411,43.7,34.3
1990,MO,867,1458,27.8,46.8
1990,MO,2643,2501,40.7,38.5
1990,MO,2376,2290,39.1,37.7
1990,MO,1272,1411,35.5,39.4
1990,MO,4136,2190,51.5,27.3
1990,MO,1000,1413,30.5,43.1
1990,MO,2292,1889,46,37.9
1990,MO,1221,2362,25.8,49.9
1990,MO,1522,1986,34.2,44.6
1990,MO,4023,2454,51.1,31.2
1990,MO,437,767,25.7,45
1990,MT,570,837,26.1,38.3
1990,MT,612,1519,15,37.1
1990,MT,323,448,26.1,36.2
1990,NE,1150,2282,22.5,44.6
1990,NE,52,105,16.3,32.9
1990,NE,66,221,14.7,49.3
1990,NE,1044,1951,23.9,44.7
1990,NE,1584,2619,24.8,41.1
1990,NE,821,991,28.9,34.9
1990,NE,390,913,19,44.5
1990,NE,519,1109,19.1,40.9
1990,NE,163,328,19.4,39
1990,NE,1898,2728,28.9,41.5
1990,NE,942,1433,25.9,39.5
1990,NE,591,1059,25,44.7
1990,NE,470,760,21,34
1990,NE,739,1656,19,42.5
1990,NE,115,212,21.2,39
1990,NE,795,1186,26,38.8
1990,NV,260,307,28.5,33.7
1990,NV,710,1154,26.9,43.6
1990,NM,459,536,26.7,31.2
1990,NM,1071,866,40.3,32.6
1990,NC,3218,1797,47.4,26.5
1990,NC,6881,4880,44.4,31.5
1990,NC,1442,1271,40,35.3
1990,NC,4474,2875,44.7,28.7
1990,ND,195,228,28.5,33.3
1990,ND,1343,1508,25.1,28.2
1990,ND,711,680,33.1,31.7
1990,ND,1240,1031,31.2,25.9
1990,ND,641,561,30.6,26.8
1990,ND,749,809,29.5,31.9
1990,ND,815,822,30.6,30.8
1990,ND,725,756,30.5,31.8
1990,ND,1231,1128,33.6,30.8
1990,ND,980,488,48.1,24
1990,ND,1072,1252,27.3,31.9
1990,ND,1213,1324,27,29.5
1990,ND,834,1132,27.3,37.1
1990,OH,2181,3803,30.1,52.6
1990,OK,1043,1752,22.7,38.1
1990,OK,979,1380,24.7,34.8
1990,OK,636,707,29,32.2
1990,OK,1513,1335,39.6,34.9
1990,OK,1197,1397,31.8,37.1
1990,OK,812,1155,26.2,37.3
1990,OK,872,1445,22.1,36.6
1990,OK,1035,733,42,29.7
1990,OK,673,1098,23.9,38.9
1990,OK,753,1069,27.9,39.6
1990,OR,222,439,16.9,33.5
1990,OR,885,1768,18.8,37.6
1990,OR,311,399,30.6,39.3
1990,PA,1062,2039,26.9,51.7
1990,SD,621,691,29.8,33.2
1990,SD,1549,1581,32,32.6
1990,SD,869,1115,29.6,37.9
1990,SD,1443,1620,30.8,34.6
1990,SD,948,1261,30.8,41
1990,SD,1014,713,42,29.6
1990,SD,619,687,32.9,36.5
1990,SD,989,1165,30.5,35.9
1990,SD,760,1073,26.6,37.6
1990,SD,342,414,28.8,34.9
1990,SD,533,514,32,30.8
1990,SD,211,329,24.3,37.9
1990,SD,1064,1606,26,39.3
1990,SD,629,822,29,37.9
1990,SD,1271,456,54,19.4
1990,SD,1127,1000,34.3,30.5
1990,SD,622,700,28.9,32.5
1990,SD,2269,1982,36.5,31.8
1990,SD,484,584,26.1,31.5
1990,SD,1437,1813,27.2,34.3
1990,TN,2509,1585,51.5,32.5
1990,TN,5153,2724,55.1,29.1
1990,TN,1655,907,54.2,29.7
1990,TN,1610,1126,52,36.3
1990,TX,1075,720,42.7,28.6
1990,TX,905,614,38,25.8
1990,TX,467,399,37.8,32.3
1990,TX,255,256,36.6,36.7
1990,TX,924,562,43.8,26.6
1990,TX,838,733,34.9,30.5
1990,TX,1238,962,38.4,29.9
1990,TX,659,437,39.8,26.4
1990,TX,125,192,18.6,28.6
1990,TX,2322,1849,42.8,34.1
1990,TX,529,554,29.5,30.9
1990,TX,1381,1207,34.8,30.4
1990,UT,101,128,24.6,31.2
1990,UT,919,2090,17.6,40.1
1990,VA,11194,4518,57.5,23.2
1990,WV,2049,1365,43.4,28.9
1990,WV,12766,6248,57.7,28.2
1990,WV,2456,2419,39.4,38.8
1990,WY,674,1191,20.3,35.9
1990,WY,504,1063,15.8,33.4
1990,AL,6471,5445,39.7,33.4
1990,AL,4242,2927,47.3,32.7
1990,AL,5425,4840,38.6,34.4
1990,AL,9728,5584,50,28.7
1990,AL,5799,4478,40.8,31.5
1990,AK,2584,2170,37.7,31.7
1990,AK,3119,8560,12.8,35
1990,AK,1194,2478,15.3,31.8
1990,AK,1524,1360,35,31.3
1990,AK,1003,970,31.5,30.5
1990,AK,1029,982,36.2,34.5
1990,AK,678,1606,13,30.7
1990,AK,1013,2006,16.1,31.9
1990,AR,5659,5874,37.2,38.6
1990,AR,4325,3813,37.6,33.1
1990,CA,2364,4886,18.3,37.9
1990,CA,804,1695,12.2,25.7
1990,CO,1727,2064,23.1,27.6
1990,CO,1660,3204,19,36.7
1990,CO,539,1264,9.4,22
1990,CO,1222,1653,26.5,35.8
1990,CO,2943,2531,32.4,27.9
1990,CO,2408,2514,29.8,31.1
1990,CO,2038,2112,30.3,31.4
1990,CO,1257,2410,21.5,41.2
1990,GA,719,394,50.5,27.7
1990,GA,3377,2290,47.9,32.5
1990,ID,696,1396,20.2,40.4
1990,ID,1203,1589,26.1,34.4
1990,IL,2894,3785,26.5,34.7
1990,IL,2141,2712,25.1,31.8
1990,IA,3442,5587,25.4,41.3
1990,IA,2988,4908,27.5,45.1
1990,IA,2580,4988,20.9,40.3
1990,IA,4854,5965,28.3,34.7
1990,IA,2918,5106,23.6,41.2
1990,KS,2434,3289,25.8,34.8
1990,KS,836,1929,17.4,40.2
1990,KS,973,1484,23.1,35.2
1990,KS,1201,1769,26.1,38.4
1990,KS,1141,2010,17.6,31.1
1990,KS,1109,1591,25,35.8
1990,KS,729,1746,14.6,35
1990,KY,13063,7296,49.2,27.5
1990,KY,6605,4597,45.3,31.5
1990,KY,4093,1860,55.9,25.4
1990,KY,9625,5207,52.4,28.4
1990,KY,22401,13351,49.8,29.7
1990,LA,2665,1294,50.9,24.7
1990,LA,6203,4192,46.3,31.3
1990,ME,16203,20086,29.1,36
1990,ME,4750,9593,19.2,38.7
1990,ME,6192,9718,26.8,42.1
1990,MA,459,1164,10.6,27
1990,MI,2835,5275,20.3,37.8
1990,MI,3759,6082,26.5,42.8
1990,MI,3037,5657,18.5,34.4
1990,MI,2965,4981,23.7,39.9
1990,MI,7297,9343,32,41
1990,MI,4546,7957,23.7,41.5
1990,MI,4576,4700,37,38
1990,MI,2334,4619,20.5,40.7
1990,MI,4419,5858,30.6,40.6
1990,MN,3831,5892,24.8,38.1
1990,MN,2554,3360,28.2,37.1
1990,MN,1360,1936,23,32.8
1990,MO,2098,2676,28.7,36.6
1990,MO,1701,2705,28.4,45.2
1990,MO,2775,4253,29.2,44.8
1990,MO,3961,4659,32.2,37.9
1990,MT,826,1672,16.1,32.6
1990,MT,1748,2470,22.9,32.3
1990,MT,1575,1953,25.5,31.6
1990,MT,1857,3051,22.6,37.2
1990,MT,1869,2072,28,31
1990,MT,2298,3052,21.6,28.7
1990,MT,1071,1407,26.3,34.6
1990,MT,742,1027,22.6,31.2
1990,MT,1173,2194,21.4,40
1990,NE,1310,3744,16,45.6
1990,NE,1042,1511,24.8,36
1990,NE,1230,2190,19.7,35.1
1990,NE,1018,1566,20,30.7
1990,NE,1924,3213,23.9,39.9
1990,NE,1151,1829,22.8,36.2
1990,NE,1343,2839,17.8,37.6
1990,NE,1845,2981,26.7,43.1
1990,NV,1106,1521,26.9,37
1990,NV,1605,1999,26.9,33.5
1990,NM,2407,2820,28.9,33.9
1990,NM,2109,2896,29.7,40.8
1990,NM,989,942,36.4,34.6
1990,NC,5798,4241,45.1,33
1990,ND,1776,1739,28.8,28.2
1990,ND,2119,2119,25.5,25.5
1990,OK,8385,6522,40.8,31.7
1990,OR,2603,3693,25,35.4
1990,OR,1020,1846,22,39.7
1990,SD,1255,1588,28.5,36.1
1990,SD,1204,1460,28.5,34.6
1990,TX,1423,1066,26.8,20.1
1990,TX,1576,1287,38.9,31.8
1990,TX,1075,674,42.2,26.4
1990,TX,1177,1317,34,38
1990,TX,368,868,15.4,36.4
1990,TX,640,821,27.1,34.8
1990,TX,2621,3117,28.4,33.8
1990,TX,1622,1896,28.8,33.6
1990,TX,3535,2240,42,26.6
1990,TX,2162,681,56.1,17.7
1990,TX,1936,2056,32.5,34.5
1990,TX,958,564,38,22.4
1990,TX,4743,3308,39.3,27.4
1990,UT,828,1460,20.1,35.4
1990,UT,877,1812,15.1,31.1
1990,UT,1517,3160,18.1,37.8
1990,VT,4458,5767,29.3,37.9
1990,VA,10141,6449,46.7,29.7
1990,WI,2534,4049,24.7,39.5
1990,WI,2338,3767,25.1,40.5
1990,WY,2557,4587,17.4,31.2
1990,WY,1081,2110,20.3,39.7
1990,WY,1150,1876,21.2,34.5
1990,AK,91,228,10.2,25.6
1990,AK,653,687,30.2,31.8
1990,AK,299,377,21.5,27.1
1990,AK,1053,806,42.2,32.3
1990,AK,466,1122,14.1,34
1990,AK,1313,1630,26.8,33.3
1990,CA,2393,4536,17.3,32.9
1990,CO,881,1103,28,35
1990,CO,953,1145,27.3,32.8
1990,CO,288,665,19.2,44.3
1990,CO,1578,1450,36.3,33.3
1990,CO,810,665,39.5,32.4
1990,CO,280,425,28.2,42.8
1990,CO,341,467,30.2,41.4
1990,CO,63,143,15.2,34.5
1990,CO,957,935,34.1,33.3
1990,CO,165,594,6.5,23.5
1990,FL,1502,1345,41.8,37.4
1990,GA,1010,492,48.6,23.7
1990,GA,796,510,49.7,31.8
1990,GA,2013,1528,41.8,31.7
1990,GA,3414,2721,41.3,32.9
1990,ID,530,851,24.7,39.7
1990,ID,120,151,25.3,31.8
1990,IL,1522,1863,30.3,37.1
1990,IL,1406,1130,40.3,32.4
1990,IA,788,1542,22.9,44.9
1990,IA,1475,2148,28.2,41.1
1990,IA,844,1717,22,44.7
1990,IA,1416,2239,28.3,44.8
1990,KS,825,1557,20.6,39
1990,KS,596,836,25.8,36.2
1990,KS,358,579,22,35.6
1990,KS,608,1057,21.5,37.5
1990,KS,463,814,20.9,36.7
1990,KS,552,795,22.5,32.4
1990,KS,199,431,17.6,38.2
1990,KS,588,1250,19.2,40.9
1990,KS,303,550,18.9,34.3
1990,KS,453,767,21.7,36.7
1990,KS,519,837,24.2,39
1990,KS,618,1103,22,39.3
1990,KS,829,1413,23.9,40.7
1990,KS,458,909,19.6,39
1990,KS,1035,1886,21.7,39.5
1990,KS,375,759,18.5,37.4
1990,KS,981,1566,26,41.5
1990,KS,325,438,23.1,31.2
1990,KS,255,396,22.2,34.5
1990,KS,1499,1890,30.4,38.3
1990,KS,488,549,28.3,31.9
1990,KS,856,1146,29.4,39.4
1990,KY,4937,2581,52.2,27.3
1990,KY,3330,1732,55.6,28.9
1990,KY,2190,1056,56,27
1990,KY,5829,2664,54.9,25.1
1990,KY,2633,1279,56.6,27.5
1990,KY,4675,1740,61.8,23
1990,KY,4009,2023,55.6,28.1
1990,KY,2057,601,64.5,18.9
1990,KY,2317,969,57.2,23.9
1990,MI,2159,2871,26.8,35.6
1990,MI,1816,2166,33.4,39.9
1990,MN,1193,1720,27.7,39.9
1990,MN,416,943,15.1,34.2
1990,MN,1145,1227,29,31
1990,MN,1715,2392,27.8,38.8
1990,MN,667,989,24.8,36.8
1990,MN,888,1215,28.8,39.4
1990,MO,778,1239,29,46.1
1990,MO,2072,1500,46.9,34
1990,MT,1177,1184,29.6,29.8
1990,MT,248,361,24,35
1990,MT,406,567,25.6,35.7
1990,MT,498,833,24.7,41.4
1990,MT,281,394,27.4,38.4
1990,MT,334,451,22.8,30.8
1990,MT,304,588,20.5,39.6
1990,MT,61,141,18.1,41.8
1990,MT,849,1177,25.9,35.9
1990,MT,342,436,24.8,31.6
1990,MT,287,331,28.9,33.3
1990,MT,1278,2189,21.7,37.2
1990,MT,840,1158,25.5,35.2
1990,MT,461,775,21.1,35.5
1990,MT,415,560,27.8,37.5
1990,MT,253,238,31.7,29.8
1990,NE,549,792,27.9,40.3
1990,NE,503,1129,20.2,45.4
1990,NE,609,1074,21,37.1
1990,NE,319,590,20.8,38.5
1990,NE,511,647,28.7,36.3
1990,NE,985,1495,24.7,37.5
1990,NE,414,640,23.6,36.4
1990,NE,388,549,26.2,37
1990,NE,53,182,10.5,35.9
1990,NE,486,961,19.6,38.8
1990,NE,115,240,20.5,42.8
1990,NE,167,287,23.2,39.9
1990,NE,102,210,21.7,44.6
1990,NE,1040,1690,25.8,41.9
1990,NE,275,530,20.6,39.7
1990,NE,1144,1592,25.6,35.6
1990,NE,1276,1841,27.3,39.4
1990,NE,859,1471,24.3,41.6
1990,NE,125,228,21,38.4
1990,NM,577,522,37,33.5
1990,NM,220,207,34.1,32.1
1990,NC,5541,4544,40.1,32.9
1990,NC,1857,1606,37.1,32.1
1990,NC,2062,1521,43.1,31.8
1990,ND,599,709,27.5,32.5
1990,ND,1431,1350,34.6,32.7
1990,ND,616,790,25.7,33
1990,ND,1312,1072,31.6,25.8
1990,ND,693,547,33.5,26.5
1990,ND,339,371,25.4,27.8
1990,ND,733,637,32.1,27.9
1990,ND,1529,549,51.2,18.4
1990,ND,1656,1974,26.9,32.1
1990,ND,2707,1401,40.6,21
1990,ND,780,391,50.5,25.3
1990,ND,167,176,28.5,30.1
1990,ND,687,775,28.1,31.6
1990,ND,1535,1199,36.8,28.7
1990,OK,3108,2475,42.2,33.6
1990,OR,173,398,14.6,33.6
1990,OR,1189,2100,22.8,40.2
1990,OR,1182,1705,25,36.1
1990,SD,584,511,32.3,28.3
1990,SD,890,1190,26.6,35.5
1990,SD,316,334,38.8,41
1990,SD,469,442,34.5,32.5
1990,SD,1826,1916,32.5,34.1
1990,SD,850,774,36.7,33.4
1990,SD,938,892,32.9,31.3
1990,SD,1070,1343,29.7,37.3
1990,SD,174,402,17.2,39.6
1990,SD,392,420,32,34.3
1990,SD,1209,1105,32.8,30
1990,TN,3366,2479,47.1,34.7
1990,TX,490,375,37,28.3
1990,TX,741,394,48.2,25.6
1990,TX,912,602,46.7,30.9
1990,TX,564,350,41.7,25.9
1990,TX,1053,888,38.7,32.7
1990,TX,394,280,30.5,21.7
1990,TX,47,57,21.8,26.4
1990,TX,1332,1015,41.4,31.5
1990,TX,539,660,26.2,32.1
1990,TX,33,23,44,30.7
1990,TX,198,172,35.4,30.7
1990,TX,659,485,42,30.9
1990,TX,411,359,37.8,33
1990,TX,478,531,34.9,38.7
1990,TX,306,298,33.7,32.8
1990,TX,402,441,30.2,33.1
1990,UT,464,970,20.1,42.1
1990,UT,157,315,20.2,40.5
1990,UT,223,385,18,31.1
1990,VA,5514,3570,48.9,31.7
1990,VA,2825,2094,35.2,26.1
1990,VA,3667,2336,47.8,30.5
1990,VA,2816,2297,36.1,29.4
1990,VA,2164,1454,43.2,29
1990,WA,1035,1305,27.4,34.6
1990,WA,669,1687,8.8,22.2
1990,WV,2715,2701,39.8,39.6
1990,WV,3687,2128,53.5,30.9
1990,WI,2012,2177,35.9,38.8
1990,WI,1125,1678,25.3,37.7
1990,WI,2778,4607,26.7,44.2
1990,WI,2521,3742,26.3,39
1990,WI,3057,4687,23.9,36.6
1990,WY,1534,2424,22.9,36.2
1990,WY,427,598,24.3,34
1990,US,39343718,47642763,24.8,30
1990,AL,843638,749591,33.1,29.4
1990,AK,43244,92925,13.4,28.7
1990,AZ,491080,601440,21.3,26.1
1990,AR,503481,489570,33.7,32.7
1990,CA,4450528,4167897,23.8,22.3
1990,CO,328056,558312,15.6,26.5
1990,CT,457208,648366,20.8,29.5
1990,DE,96472,140030,22.5,32.7
1990,DC,109866,86756,26.9,21.2
1990,FL,2271074,2679285,25.6,30.1
1990,GA,1169815,1192935,29.1,29.6
1990,HI,141506,203893,19.9,28.7
1990,ID,121787,182892,20.3,30.4
1990,IL,1735789,2187342,23.8,30
1990,IN,850014,1333093,24.4,38.2
1990,IA,353800,684368,19.9,38.5
1990,KS,293272,514177,18.7,32.8
1990,KY,825857,741012,35.4,31.8
1990,LA,803872,803328,31.7,31.7
1990,ME,168460,295074,21.2,37.1
1990,MD,673932,878432,21.6,28.1
1990,MA,792657,1178509,20,29.7
1990,MI,1356759,1887449,23.2,32.3
1990,MN,488765,913265,17.6,33
1990,MS,549685,423624,35.7,27.5
1990,MO,858368,1090940,26.1,33.1
1990,MT,96469,170070,19,33.5
1990,NE,181072,345778,18.2,34.7
1990,NV,167628,248968,21.2,31.5
1990,NH,127423,226267,17.8,31.7
1990,NJ,1205206,1606555,23.3,31.1
1990,NM,229974,264943,24.9,28.7
1990,NY,2977604,3485686,25.2,29.5
1990,NC,1277747,1232868,30,29
1990,ND,92427,111215,23.3,28
1990,OH,1684888,2515987,24.3,36.3
1990,OK,506961,607903,25.4,30.5
1990,OR,343609,536687,18.5,28.9
1990,PA,1994278,3035080,25.3,38.6
1990,RI,184344,194064,28,29.5
1990,SC,687260,639358,31.7,29.5
1990,SD,98720,144990,22.9,33.7
1990,TN,1033914,942865,32.9,30
1990,TX,2872559,2640162,27.9,25.6
1990,UT,133315,244132,14.9,27.2
1990,VT,68637,123430,19.2,34.6
1990,VA,987203,1059199,24.8,26.6
1990,WA,505783,873150,16.2,27.9
1990,WV,398527,429123,34,36.6
1990,WI,662072,1147697,21.4,37.1
1990,WY,47113,92081,17,33.2
2000,AL,4984,4838,36.8,35.7
2000,AL,9960,12136,29.6,36
2000,AL,8757,9264,33.8,35.8
2000,AL,82950,121233,19.1,27.9
2000,AL,12353,14921,28.7,34.6
2000,AL,12386,21671,13.2,23
2000,AL,15713,16647,32.8,34.7
2000,AZ,338591,446445,17.5,23.1
2000,AZ,32513,36255,27.3,30.4
2000,AR,9326,10024,30.8,33.1
2000,CA,168281,181668,17.6,19
2000,CA,81867,123956,13.1,19.8
2000,CA,11480,23316,10.9,22.2
2000,CA,1770524,1108314,30.1,18.8
2000,CA,16080,22857,8.8,12.4
2000,CA,372419,317332,20.5,17.5
2000,CA,15835,35327,9.5,21.3
2000,CA,234473,230867,25,24.7
2000,CA,129270,176525,16.7,22.9
2000,CA,7876,7278,25.1,23.2
2000,CA,253594,246155,25.8,25
2000,CA,308849,352040,17.4,19.9
2000,CA,112065,82618,18.8,13.9
2000,CA,72164,85569,14.7,17.5
2000,CA,184800,176926,16.6,15.9
2000,CA,19299,18901,20.2,19.8
2000,CO,47240,68641,21.2,30.8
2000,CO,29574,64921,9.3,20.5
2000,CO,442,1440,6.6,21.5
2000,CO,79034,74922,21.1,20
2000,CO,3423,14785,3,13.1
2000,CO,963,3510,7.5,27.4
2000,CO,205,898,5.9,25.6
2000,CO,28747,79402,8.2,22.6
2000,CO,690,2772,6.7,26.7
2000,CT,102302,165890,17.6,28.6
2000,CT,12184,30873,11.3,28.6
2000,CT,9424,25251,10.8,29
2000,DE,47245,96294,14.5,29.6
2000,DC,85249,79169,22.2,20.6
2000,FL,3922,5780,28.1,41.4
2000,FL,203234,319416,18,28.4
2000,FL,12297,28640,13.6,31.7
2000,FL,86336,145209,17.3,29.1
2000,FL,21335,37395,21.5,37.7
2000,FL,125783,174283,19.2,26.7
2000,FL,31482,53339,20.2,34.3
2000,FL,479353,332997,32.1,22.3
2000,FL,7398,13415,19,34.4
2000,FL,104591,148006,18.2,25.8
2000,FL,23095,37536,20.9,33.9
2000,FL,134346,219805,16.4,26.9
2000,FL,57297,93918,22.4,36.8
2000,FL,109698,203495,16,29.7
2000,FL,11037,21117,12.8,24.5
2000,FL,27523,59280,11.3,24.4
2000,GA,7824,10551,26.7,36
2000,GA,13722,16676,28.2,34.2
2000,GA,3946,5208,30.2,39.9
2000,GA,15474,18292,28.9,34.2
2000,GA,14185,24882,15.6,27.3
2000,GA,28221,45143,19.9,31.9
2000,GA,44314,82038,11.2,20.8
2000,GA,10442,18664,18.4,32.8
2000,GA,2207,3565,20.5,33.2
2000,GA,64260,87359,14.9,20.3
2000,GA,11066,20316,18.9,34.6
2000,GA,4502,14174,7.6,24
2000,GA,9286,15272,14.3,23.5
2000,GA,84370,102246,16,19.4
2000,GA,47372,81979,12.7,22
2000,GA,6219,6075,37,36.1
2000,GA,2388,2929,34,41.7
2000,GA,11907,25901,15.8,34.3
2000,GA,2279,2799,30.3,37.2
2000,GA,2931,3789,28.7,37
2000,GA,4941,5146,34.2,35.7
2000,GA,2637,3752,26,37.1
2000,GA,9900,13601,25.3,34.7
2000,GA,9685,19702,19.2,39.1
2000,GA,4728,5259,29.8,33.1
2000,GA,2183,3539,24.7,40.1
2000,GA,7880,13152,17.6,29.4
2000,GA,11965,12885,32.2,34.7
2000,GA,10214,13725,26.5,35.6
2000,IL,3193,4011,27.2,34.2
2000,IL,710,1572,20.1,44.6
2000,IL,5303,8214,22.6,35
2000,IL,770341,834675,22.3,24.2
2000,IL,6110,14643,12.5,29.9
2000,IL,58691,121375,10,20.6
2000,IL,3194,9451,13.1,38.9
2000,IL,2448,5489,17.5,39.3
2000,IL,48688,61331,19.8,25
2000,IL,3480,10335,10.1,30.1
2000,IL,53459,85056,13.4,21.4
2000,IL,17650,46453,10.8,28.4
2000,IL,5884,13664,17.9,41.6
2000,IL,26832,57955,15.7,34
2000,IL,2332,5965,12.8,32.6
2000,IL,31104,47381,19.1,29.1
2000,IL,40833,90360,13.1,29.1
2000,IN,3529,11362,11.7,37.8
2000,IN,1724,4091,16.4,38.9
2000,IN,12974,23495,20.1,36.5
2000,IN,5340,12244,18,41.2
2000,IN,8210,15410,17.6,33.1
2000,IN,6765,23023,5.8,19.8
2000,IN,4533,13878,12.2,37.4
2000,IN,4429,9215,19.7,41
2000,IN,7780,25173,11.5,37.2
2000,IN,3303,8704,17.6,46.4
2000,IN,10575,26802,14.3,36.2
2000,IN,59871,115681,19.3,37.3
2000,IN,17781,35800,19.9,40
2000,IN,101596,163991,18.4,29.6
2000,IN,8396,19519,19.3,45
2000,IN,2040,4771,21.3,49.8
2000,IN,817,1688,21.6,44.7
2000,IN,11090,35910,11.7,38
2000,IN,4270,10956,18.8,48.2
2000,IN,4228,6273,28.6,42.5
2000,IN,5715,12672,20.2,44.7
2000,IN,961,2180,20.1,45.6
2000,IN,4380,7783,24.8,44.1
2000,KS,15066,51871,5.1,17.5
2000,KS,6041,15188,13.5,33.9
2000,KS,1246,2584,19.1,39.5
2000,KS,2305,6766,12.5,36.7
2000,KS,25121,33098,26,34.3
2000,KY,8072,17771,14.9,32.8
2000,KY,1659,2219,30.4,40.6
2000,KY,9418,16162,24,41.1
2000,KY,10956,19882,19.2,34.8
2000,KY,1604,2223,32,44.4
2000,KY,3823,6131,27.6,44.2
2000,KY,2670,4465,26.6,44.5
2000,KY,84268,134929,18.2,29.1
2000,KY,17460,31834,17.9,32.6
2000,KY,4103,8055,13.5,26.5
2000,KY,2469,4259,27.2,46.9
2000,KY,4616,7627,20.9,34.5
2000,KY,1889,3095,24.6,40.3
2000,KY,1566,2183,29.3,40.9
2000,LA,61945,89528,20.7,30
2000,LA,76082,70477,25.3,23.4
2000,LA,5152,5628,31.3,34.2
2000,LA,11859,16745,26.9,37.9
2000,LA,5919,10662,20,36.1
2000,LA,3346,5802,26.1,45.2
2000,LA,5867,9880,23.1,38.9
2000,LA,19835,32584,16.1,26.5
2000,MD,44323,91307,13.6,27.9
2000,MD,80054,141035,15.7,27.6
2000,MD,6241,16433,13.1,34.4
2000,MD,14502,32891,14.7,33.3
2000,MD,10507,21156,18.8,37.9
2000,MD,10910,25682,14.2,33.4
2000,MD,16424,38314,12.9,30.1
2000,MD,18987,40378,13.3,28.2
2000,MD,11267,26513,6.9,16.2
2000,MD,57476,86009,9.7,14.5
2000,MD,76141,137265,15.1,27.3
2000,MD,4440,8462,15.8,30.2
2000,MD,132699,118175,31.6,28.2
2000,MA,95919,105920,26.8,29.6
2000,MA,74967,136744,15.4,28.1
2000,MA,116066,235369,11.5,23.4
2000,MA,39479,109669,8.7,24.2
2000,MA,38646,96116,12.4,30.7
2000,MA,97610,114919,21.9,25.7
2000,MI,8744,21751,15.5,38.5
2000,MI,8731,28702,8.6,28.3
2000,MI,91371,175565,17.1,32.8
2000,MI,86717,178541,10.7,22.1
2000,MI,18461,40018,17.2,37.2
2000,MI,300506,399885,23,30.6
2000,MN,16790,60701,9,32.4
2000,MN,3732,11512,8.6,26.6
2000,MN,2920,9603,11.3,37.1
2000,MN,15220,52806,6.8,23.5
2000,MN,69248,156947,9.4,21.2
2000,MN,2675,7639,13.4,38.4
2000,MN,2541,6323,15.4,38.3
2000,MN,2731,5903,18.7,40.4
2000,MN,40014,81763,12.4,25.3
2000,MN,4977,15800,9,28.4
2000,MN,3869,12464,10.1,32.5
2000,MN,2075,3998,20.8,40.1
2000,MN,7666,33378,6,26
2000,MN,6582,20327,11.9,36.8
2000,MS,2089,1632,41.2,32.2
2000,MS,12568,23260,18.4,34.1
2000,MS,8395,7001,39,32.5
2000,MS,4378,5027,28.3,32.5
2000,MS,2077,1588,39.5,30.2
2000,MO,2532,4981,23.1,45.4
2000,MO,1087,2722,18.5,46.2
2000,MO,7006,19902,13.3,37.7
2000,MO,13587,38610,11.3,32
2000,MO,1739,5313,13.9,42.5
2000,MO,13514,21505,22.3,35.6
2000,MO,70886,128169,16.6,30
2000,MO,25996,45773,20.6,36.3
2000,MO,4387,9240,20.1,42.3
2000,MO,5697,10320,23.6,42.8
2000,MO,4015,12928,8.2,26.5
2000,MO,3132,6962,20.7,45.9
2000,MO,19391,52862,10.9,29.6
2000,MO,81535,162405,12,24
2000,MO,3306,6500,20.5,40.3
2000,MO,63715,61046,28.7,27.5
2000,NV,184998,268827,20.5,29.9
2000,NH,17805,53593,9.5,28.6
2000,NH,9592,21412,13.6,30.4
2000,NJ,83620,163525,13.4,26.2
2000,NJ,36659,88884,12.8,31.1
2000,NJ,65457,106572,19.7,32.1
2000,NJ,125404,139578,24.4,27.2
2000,NJ,25806,60828,15.7,36.9
2000,NJ,120483,109542,29.5,26.8
2000,NJ,7105,21338,8.5,25.5
2000,NJ,78464,145657,15.6,29
2000,NJ,49894,113343,12.1,27.4
2000,NJ,30494,77730,9.4,24
2000,NJ,60899,135009,17,37.7
2000,NJ,84410,98830,26.7,31.2
2000,NJ,8794,16784,20.6,39.2
2000,NJ,21312,43972,10.4,21.5
2000,NJ,9725,31740,10.2,33.4
2000,NJ,72899,104431,20.7,29.7
2000,NY,299686,205246,37.7,25.8
2000,NY,29474,51471,16,28
2000,NY,109120,190461,17.1,29.9
2000,NY,484306,414868,31.2,26.7
2000,NY,7078,13557,17.7,33.8
2000,NY,72410,124927,15.1,26.1
2000,NY,120738,243454,13.3,26.8
2000,NY,240354,151995,21.3,13.5
2000,NY,24634,54361,16.7,36.9
2000,NY,8406,21017,12.6,31.6
2000,NY,38629,66119,18.2,31.1
2000,NY,6846,11519,23.6,39.7
2000,NY,6361,18151,9.8,28.1
2000,NY,387181,418381,25.6,27.7
2000,NY,51163,98845,17.4,33.6
2000,NY,27016,41428,14.7,22.5
2000,NY,130174,294953,13.8,31.3
2000,NY,10954,22316,17.7,36.2
2000,NY,103456,138814,16.4,22.1
2000,NY,3135,5692,20,36.2
2000,NC,18891,26101,21.8,30.1
2000,NC,2775,4256,22.4,34.4
2000,NC,8301,10853,26.4,34.5
2000,NC,36522,37796,28.6,29.6
2000,NC,2030,2506,28.6,35.3
2000,NC,17748,26309,21.6,32.1
2000,NC,19323,25557,24.1,31.8
2000,NC,12234,13772,28.3,31.8
2000,NC,62693,90543,13.8,19.9
2000,NC,22278,28964,25.8,33.5
2000,NC,15589,24308,19.8,30.8
2000,NC,43086,71648,10.7,17.8
2000,OH,6860,12324,25.2,45.3
2000,OH,34702,69581,16.7,33.6
2000,OH,20377,40139,18,35.4
2000,OH,171962,281264,18.4,30
2000,OH,5048,17617,7.1,24.9
2000,OH,9911,30695,12.4,38.4
2000,OH,96422,183287,14.3,27.1
2000,OH,8099,16634,13.7,28.1
2000,OH,94207,151759,17.3,27.8
2000,OH,4119,8650,22,46.2
2000,OH,21219,53726,13.6,34.4
2000,OH,14577,38649,15.3,40.7
2000,OH,31880,68348,17.2,36.8
2000,OH,5582,11097,21,41.7
2000,OH,11087,35998,11.2,36.4
2000,OH,4409,9730,21.4,47.3
2000,OH,4565,11055,21.1,51.1
2000,OH,8033,15073,22.8,42.8
2000,OH,3705,11654,14,43.9
2000,OH,14277,32242,13.8,31.2
2000,OK,7147,17961,12.7,32
2000,OK,15021,33829,11.9,26.7
2000,OK,5992,11159,20.5,38.3
2000,OK,4658,8723,22.5,42
2000,OK,3925,7330,18.5,34.6
2000,OK,3733,6645,20.7,36.8
2000,OK,73548,109475,17.5,26
2000,OR,24674,53824,11.1,24.1
2000,OR,4149,10101,14.4,35.2
2000,OR,64087,102814,14.4,23
2000,OR,31670,57379,11.1,20.1
2000,OR,9064,16235,17.2,30.8
2000,PA,121836,301774,13.7,33.9
2000,PA,10144,25852,20,51.1
2000,PA,20823,53822,16.4,42.4
2000,PA,45929,129764,11.4,32.2
2000,PA,15348,45282,13.2,39
2000,PA,30576,74179,10.7,26
2000,PA,49226,120698,13.5,33.1
2000,PA,24741,49403,24,47.9
2000,PA,59307,140839,11.5,27.3
2000,PA,278090,322059,28.8,33.3
2000,PA,4166,13004,13.2,41.2
2000,PA,24661,60590,17.4,42.6
2000,PA,38068,108512,14.4,41.2
2000,RI,6602,8026,19.3,23.5
2000,RI,18783,36288,16.1,31.1
2000,RI,7247,14249,12.3,24.1
2000,RI,111213,113341,27.5,28.1
2000,RI,9241,21010,11.4,26
2000,SC,7243,7962,32.9,36.1
2000,SC,12229,14447,30.2,35.7
2000,SC,24065,30127,22.8,28.5
2000,TN,2784,3666,32.8,43.2
2000,TN,5743,8664,24.6,37.1
2000,TN,69801,93105,18.5,24.6
2000,TN,7691,11176,27.4,39.8
2000,TN,5581,6634,29.4,34.9
2000,TN,5324,5569,35.7,37.4
2000,TN,5309,5194,39.8,39
2000,TN,10000,16463,22.1,36.4
2000,TN,8874,13742,25.2,39
2000,TN,20042,34966,18.2,31.8
2000,TN,107262,146104,19.2,26.2
2000,TN,3836,4780,32.5,40.5
2000,TN,17377,27467,20.3,32.1
2000,TN,8100,11691,25.4,36.7
2000,TN,1874,1707,38.6,35.2
2000,TN,8116,16179,9.9,19.8
2000,TN,11213,19914,19.1,33.9
2000,TX,7919,7270,34.8,32
2000,TX,3890,4935,25.5,32.3
2000,TX,1869,3924,15.2,31.9
2000,TX,8603,11806,23.1,31.7
2000,TX,195880,206345,23.1,24.3
2000,TX,31153,41412,20.5,27.2
2000,TX,5836,7075,28.7,34.8
2000,TX,3769,5306,23.1,32.5
2000,TX,25842,47525,8.2,15.1
2000,TX,8483,14948,16.1,28.4
2000,TX,342096,295823,25,21.7
2000,TX,28195,52816,10.6,19.9
2000,TX,14981,20753,22.2,30.8
2000,TX,33603,41684,15.7,19.4
2000,TX,30787,42638,19.1,26.4
2000,TX,12188,16756,21.9,30.1
2000,TX,524422,447295,25.4,21.6
2000,TX,8212,12303,15.3,22.9
2000,TX,4734,8466,16.5,29.6
2000,TX,11234,16655,23.1,34.3
2000,TX,17826,26387,22.4,33.2
2000,TX,11437,15169,25.5,33.8
2000,TX,2309,3649,14.6,23.1
2000,TX,13457,15991,30.4,36.2
2000,TX,6847,8231,27.8,33.4
2000,TX,33815,50310,18.4,27.4
2000,TX,11153,17338,19.5,30.4
2000,TX,3601,6207,13.3,22.9
2000,TX,963,1414,22,32.3
2000,TX,167922,211638,18.7,23.5
2000,TX,76786,86924,15.3,17.3
2000,TX,4808,5781,26.1,31.4
2000,TX,17364,34524,11.2,22.2
2000,TX,5403,7006,26.2,34
2000,TX,7452,10819,23.9,34.8
2000,UT,67085,122409,13.2,24
2000,UT,3129,7189,14.4,33
2000,VA,2473,2814,31.7,36.1
2000,VA,16925,16274,12.2,11.7
2000,VA,4321,5685,28.7,37.7
2000,VA,1663,1675,34.3,34.6
2000,VA,19828,41479,11.9,24.8
2000,VA,1618,2963,17.9,32.9
2000,VA,5941,8086,26.3,35.7
2000,VA,5167,6525,30,37.9
2000,VA,60477,90642,9.3,13.9
2000,VA,5702,10283,15.5,27.9
2000,VA,4252,7370,18.3,31.7
2000,VA,2601,3598,21.2,29.4
2000,VA,7617,16401,13.4,28.8
2000,VA,23715,41939,13.4,23.7
2000,VA,4784,6146,23.8,30.5
2000,VA,3655,7099,10.7,20.9
2000,VA,1873,3422,20.9,38.2
2000,VA,8182,19358,7.5,17.7
2000,VA,1330,2342,19.2,33.8
2000,VA,1799,3226,19.4,34.7
2000,VA,3252,4966,21.1,32.2
2000,VA,3721,6443,18.4,31.8
2000,VA,19209,42554,11.2,24.9
2000,VA,1214,1522,24,30.1
2000,VA,9187,17882,16.2,31.6
2000,VA,6379,15663,11.4,28
2000,VA,3773,2954,42.4,33.2
2000,VA,5177,7964,24.5,37.7
2000,VA,3008,7649,8.3,21.1
2000,VA,12597,12115,13.2,12.7
2000,VA,18647,34840,14.9,27.8
2000,VA,1906,4021,16.3,34.4
2000,VA,1736,2972,11.4,19.5
2000,VA,308,938,4.1,12.6
2000,VA,2219,3086,19.8,27.5
2000,VA,13402,25890,14.5,28
2000,VA,4045,5139,28.2,35.9
2000,VA,3964,5073,18.7,23.9
2000,VA,1467,1710,23.6,27.5
2000,VA,17053,33125,15.5,30.1
2000,VA,29238,39992,21.6,29.6
2000,VA,6989,6759,31.4,30.3
2000,VA,890,2100,11.5,27.1
2000,VA,15823,18719,24.8,29.4
2000,VA,31907,30314,24.8,23.6
2000,VA,9652,12338,23.2,29.6
2000,VA,25465,69154,9.6,25.9
2000,VA,557,1115,10.4,20.8
2000,WA,26578,58574,12.2,27
2000,WA,115728,227931,9.7,19.2
2000,WA,58125,131810,13.1,29.8
2000,WA,927,2193,14.1,33.4
2000,WA,42079,100791,10.8,25.9
2000,WV,5852,9681,21,34.7
2000,WI,15645,31711,16.5,33.4
2000,WI,117414,174794,19.8,29.4
2000,WI,4473,13274,8.1,24.2
2000,WI,2238,7531,10.4,35
2000,WI,3394,13434,8.4,33.3
2000,WI,8738,27308,11.2,35.1
2000,WI,19410,66651,8,27.6
2000,AL,5872,9332,21.3,33.8
2000,AL,17258,28428,18,29.6
2000,AL,19318,23856,26.1,32.2
2000,AL,9972,12665,26.7,33.9
2000,AL,9679,14576,22.4,33.8
2000,AL,18115,22531,25.9,32.3
2000,AL,6046,5626,34.4,32
2000,AL,3683,3803,34.8,35.9
2000,AL,3654,3192,33.3,29.1
2000,AL,13771,17809,23.5,30.4
2000,AL,13915,20105,23.6,34.1
2000,AL,7872,9029,34.4,39.4
2000,AL,11557,16576,18.6,26.7
2000,AL,11081,14102,25.5,32.5
2000,AL,2925,2731,35.7,33.4
2000,AL,26308,39591,14.6,21.9
2000,AL,58223,79822,23.3,31.9
2000,AL,27905,34410,19.7,24.3
2000,AL,17347,22252,23.7,30.3
2000,AL,4108,5110,30.3,37.8
2000,AL,10749,10594,33.5,33
2000,AL,20981,28115,21.2,28.4
2000,AK,15522,38741,9.7,24.2
2000,AK,3918,12240,8.2,25.5
2000,AK,4233,11191,11.9,31.3
2000,AZ,15563,18670,20.5,24.6
2000,AZ,10704,14279,16.2,21.6
2000,AZ,24596,38127,22.5,34.9
2000,AZ,90483,127343,16.6,23.3
2000,AZ,18376,33877,15.3,28.2
2000,AZ,33397,25134,34.2,25.7
2000,AR,19465,32644,19.6,32.8
2000,AR,1524,2454,26.9,43.4
2000,AR,11515,16615,22.7,32.8
2000,AR,9628,12153,28.5,36
2000,AR,8468,15914,16.7,31.3
2000,AR,13609,20538,21.7,32.8
2000,AR,2470,4576,22.8,42.3
2000,AR,13377,18500,25.2,34.8
2000,AR,3337,3600,35,37.8
2000,AR,2392,3438,26.6,38.2
2000,AR,7483,11944,22.4,35.7
2000,AR,3001,3624,32.2,38.9
2000,AR,6627,9225,25.7,35.8
2000,AR,1796,2843,26.2,41.4
2000,AR,6335,6580,38,39.5
2000,AR,36873,63911,15.6,27.1
2000,AR,9858,21027,17.7,37.7
2000,AR,17475,23262,23.4,31.2
2000,AR,19262,28678,20.5,30.5
2000,CA,22477,30853,17.7,24.3
2000,CA,147937,96097,32.5,21.1
2000,CA,34258,18378,41,22
2000,CA,120981,97344,31.5,25.4
2000,CA,24033,22291,31.2,28.9
2000,CA,25901,18923,34.6,25.3
2000,CA,42247,27901,36.2,23.9
2000,CA,77061,45354,31.6,18.6
2000,CA,16455,17223,19.6,20.5
2000,CA,95953,84162,28.8,25.2
2000,CA,22964,34728,14.4,21.8
2000,CA,51220,46941,20.8,19
2000,CA,27684,27327,16.8,16.6
2000,CA,17952,29658,16.7,27.6
2000,CA,40028,60367,16.2,24.5
2000,CA,46237,62559,15.1,20.4
2000,CA,78427,68945,29.6,26.1
2000,CA,13260,11569,27,23.6
2000,CA,78512,47004,38.3,22.9
2000,CA,93872,92936,19.9,19.7
2000,CA,9924,9589,28.2,27.2
2000,CO,13404,28064,7.2,15.1
2000,CO,28029,73286,8.7,22.9
2000,CO,12013,33279,7.7,21.3
2000,CO,11453,23154,15,30.3
2000,CO,17199,28520,18.7,31
2000,CO,852,3345,6,23.5
2000,CO,21633,28551,20.4,26.9
2000,CT,93235,140262,15.6,23.5
2000,CT,93737,169936,17,30.8
2000,CT,24276,55719,14,32
2000,CT,14535,25420,20.4,35.7
2000,DE,16312,26100,20.6,32.9
2000,DE,25979,39366,23.5,35.6
2000,FL,14758,25033,11.9,20.3
2000,FL,18916,30550,19,30.6
2000,FL,46416,98108,13.7,28.9
2000,FL,20185,40343,17.9,35.7
2000,FL,20078,35203,21.7,38
2000,FL,33822,48643,18.2,26.2
2000,FL,34042,53751,17.9,28.3
2000,FL,5453,12330,14.1,31.9
2000,FL,8480,10384,29.3,35.9
2000,FL,2447,3197,27.6,36.1
2000,FL,2612,3539,27.4,37.1
2000,FL,16587,22517,25.5,34.6
2000,FL,15591,24572,18.4,29.1
2000,FL,2391,2871,26.8,32.2
2000,FL,58020,106623,17.7,32.5
2000,FL,14967,25963,10.9,18.9
2000,FL,35777,61485,18.6,31.9
2000,FL,40813,67271,21.8,35.9
2000,FL,14183,27263,14.7,28.3
2000,FL,13471,30515,12,27.1
2000,FL,82340,109920,25.2,33.7
2000,FL,30463,44627,22.3,32.7
2000,FL,11385,22829,14.6,29.2
2000,FL,33164,77323,12.9,30.1
2000,FL,9436,16113,22.7,38.8
2000,FL,56982,102353,18,32.3
2000,FL,3286,5316,21.6,34.9
2000,FL,6934,9323,24,32.3
2000,GA,864,1027,34,40.4
2000,GA,22212,30893,22.8,31.7
2000,GA,2553,4402,27.5,47.4
2000,GA,3403,3875,32.5,37.1
2000,GA,3013,4704,21,32.8
2000,GA,4688,4935,35.1,37
2000,GA,8445,12267,24,34.8
2000,GA,29279,39766,19.8,26.9
2000,GA,720,1484,11.2,23.1
2000,GA,9828,11205,19,21.6
2000,GA,6860,14576,12.1,25.8
2000,GA,2636,3189,32.7,39.6
2000,GA,3207,2955,33,30.4
2000,GA,15286,16397,26.3,28.3
2000,GA,857,772,39.5,35.6
2000,GA,4891,9351,21.1,40.4
2000,GA,16736,19489,28.5,33.2
2000,GA,7965,13107,17.8,29.3
2000,GA,25604,25680,29.5,29.6
2000,GA,3416,4774,21,29.4
2000,GA,10842,22344,15.7,32.4
2000,GA,3405,6314,22.1,41
2000,GA,1479,1535,33,34.2
2000,GA,2810,5393,18.7,35.9
2000,GA,4074,10545,13.2,34.2
2000,GA,1652,2071,29,36.3
2000,GA,1421,2300,25.7,41.6
2000,GA,12119,16587,22.3,30.6
2000,GA,4475,4731,33.3,35.2
2000,GA,2010,2641,28.8,37.8
2000,GA,4932,6891,29.2,40.8
2000,GA,1533,1603,34.6,36.1
2000,GA,3161,5493,22.3,38.7
2000,GA,8881,8069,38.9,35.4
2000,GA,24044,32127,21.1,28.2
2000,GA,2192,3850,13.3,23.4
2000,GA,2355,3158,27.9,37.4
2000,GA,3741,4667,26.6,33.2
2000,GA,1717,2330,26.6,36.2
2000,GA,27011,36323,22,29.6
2000,GA,2394,2212,35.5,32.8
2000,GA,2469,2730,36.8,40.7
2000,GA,13540,14299,33.2,35
2000,GA,19456,15259,37,29
2000,GA,4430,5330,31.7,38.1
2000,HI,87888,161348,15.2,27.8
2000,HI,89,29,60.5,19.7
2000,HI,14242,25256,16.6,29.5
2000,ID,17377,43535,9.2,23.1
2000,ID,5391,11217,12.5,25.9
2000,ID,621,1478,13.7,32.5
2000,ID,5919,12831,12.2,26.5
2000,ID,326,618,17.4,33
2000,ID,18371,23239,24,30.3
2000,ID,714,2429,11.8,40
2000,ID,1993,3381,20.6,35
2000,ID,1614,3034,15.6,29.4
2000,ID,8877,21147,12.7,30.3
2000,ID,3598,7876,14.5,31.8
2000,ID,2066,2203,32.4,34.6
2000,IL,2112,2219,33,34.7
2000,IL,5013,9968,19.2,38.2
2000,IL,9072,24376,9,24.2
2000,IL,1871,4956,16.5,43.6
2000,IL,1334,4016,14,42
2000,IL,5306,12706,15.5,37.2
2000,IL,4821,8130,14.8,24.9
2000,IL,13299,23549,20.2,35.8
2000,IL,8095,24622,9.3,28.2
2000,IL,12652,28611,16.8,38
2000,IL,1374,3668,15,40.2
2000,IL,968,3182,11.7,38.3
2000,IL,1740,5027,15.1,43.6
2000,IL,19156,34920,16.2,29.5
2000,IL,1260,4133,11.3,37.2
2000,IL,17238,33656,17.4,34
2000,IL,15100,39286,11.9,31
2000,IL,714,1687,16.6,39.1
2000,IL,13013,29788,15,34.4
2000,IL,11857,21403,21.3,38.4
2000,IL,8497,13567,20.2,32.3
2000,IL,33764,59704,18.6,32.8
2000,IL,2789,8104,12.2,35.3
2000,IN,29885,66688,14.3,31.9
2000,IN,7640,17038,16.2,36.2
2000,IN,846,2963,13.7,48.1
2000,IN,2238,6334,16.8,47.6
2000,IN,3069,7887,17.7,45.6
2000,IN,13330,26974,18.4,37.2
2000,IN,27391,41788,24.3,37
2000,IN,9378,21349,16.7,38
2000,IN,14314,30234,19.4,41
2000,IN,7537,17140,11.5,26.2
2000,IN,3617,6244,25.1,43.4
2000,IN,2748,7393,15.6,41.8
2000,IN,29235,53901,17.6,32.5
2000,IN,2832,6569,19.2,44.4
2000,IN,9751,24386,12.2,30.5
2000,IN,18935,40026,16.9,35.7
2000,IN,2144,5158,18.8,45.2
2000,IN,12655,23226,19,34.8
2000,IN,4728,11628,13.7,33.6
2000,IN,2254,8260,12.7,46.5
2000,IN,2762,9077,13.8,45.4
2000,IA,2019,7183,12.2,43.4
2000,IA,10621,27534,13.5,35.1
2000,IA,1828,5585,12.3,37.6
2000,IA,2770,8662,10.5,32.7
2000,IA,8454,22999,14.8,40.2
2000,IA,1141,3239,13.5,38.3
2000,IA,1163,3583,14.6,44.9
2000,IA,1572,4628,15,44.1
2000,IA,3983,12449,6.3,19.8
2000,IA,2021,5833,14.7,42.3
2000,IA,11667,37590,9.4,30.3
2000,IA,1149,3791,12.4,41
2000,IA,1624,3541,16.8,36.6
2000,IA,2021,6254,12.6,39.1
2000,IA,28402,71750,11.7,29.5
2000,IA,9101,22431,16,39.3
2000,IA,13979,31372,13.7,30.7
2000,IA,2725,8995,6.5,21.3
2000,IA,2569,9730,10,37.8
2000,IA,2429,5429,17.5,39.1
2000,IA,12049,22747,18.6,35
2000,KS,4759,12128,12.7,32.3
2000,KS,1026,1902,19.8,36.7
2000,KS,4069,11859,7.6,22.3
2000,KS,3135,6414,14.7,30.1
2000,KS,1011,3774,12.3,45.9
2000,KS,1349,5159,11.1,42.5
2000,KS,889,1955,15.3,33.7
2000,KS,1608,4707,14.5,42.3
2000,KS,1234,4278,10.8,37.4
2000,KS,1808,6591,6.2,22.5
2000,KS,42147,82723,14.9,29.3
2000,KS,13267,37589,11.9,33.6
2000,KS,2277,6293,13.7,37.8
2000,KS,465,2104,10.1,45.5
2000,KY,4133,4563,35.5,39.2
2000,KY,3199,5043,24.6,38.7
2000,KY,7641,12255,22,35.3
2000,KY,3337,3426,39.3,40.4
2000,KY,9185,13462,22.8,33.4
2000,KY,5536,8043,25,36.3
2000,KY,11516,22492,19.3,37.6
2000,KY,3014,3153,38.3,40.1
2000,KY,23752,37448,14.2,22.4
2000,KY,6300,9564,24.9,37.8
2000,KY,1238,2481,22.8,45.7
2000,KY,10323,20021,17.7,34.3
2000,KY,6511,11318,21.7,37.8
2000,KY,5059,7822,20.9,32.3
2000,KY,2612,3629,29,40.2
2000,KY,1965,2602,29.2,38.6
2000,KY,3557,6438,22.1,39.9
2000,KY,3986,6820,19.5,33.3
2000,KY,2478,3269,27.9,36.7
2000,KY,11050,17544,19.7,31.3
2000,KY,2702,4583,17.4,29.5
2000,LA,12558,13535,35.3,38
2000,LA,9439,19299,20.4,41.7
2000,LA,10409,19900,17,32.5
2000,LA,33924,51202,21.3,32.2
2000,LA,26305,39616,23,34.6
2000,LA,1994,2677,31.9,42.8
2000,LA,4792,6545,29.7,40.6
2000,LA,39507,64694,16.1,26.4
2000,LA,4063,5483,29.3,39.5
2000,LA,3207,4957,26.9,41.6
2000,LA,14550,16943,33.1,38.5
2000,LA,7246,8198,34.3,38.9
2000,LA,23430,33699,20.2,29
2000,LA,18818,21236,33.7,38
2000,LA,12878,24408,22.8,43.2
2000,LA,18912,26508,21.4,30
2000,LA,4500,5699,30.9,39.1
2000,LA,20261,26938,25.4,33.8
2000,LA,2110,2565,32.5,39.5
2000,LA,10992,11202,37.1,37.8
2000,LA,17063,20531,28.5,34.3
2000,LA,20846,22649,32.9,35.8
2000,LA,4198,5943,28.3,40.1
2000,LA,11552,12770,34.4,38
2000,LA,8074,9941,29.2,35.9
2000,LA,3549,5422,26.6,40.6
2000,LA,5025,2582,46.7,24
2000,ME,14023,27944,20.2,40.2
2000,ME,17900,51093,9.9,28.2
2000,ME,13660,36639,14.3,38.4
2000,ME,2870,8533,12,35.8
2000,ME,17177,44641,13.5,35
2000,MD,10290,21708,20.1,42.4
2000,MD,7993,19068,14.7,35
2000,MD,4972,5998,30.5,36.8
2000,MD,20070,35122,22.2,38.9
2000,MD,10339,18396,19.3,34.4
2000,MD,6245,11641,18.3,34.1
2000,MA,13521,44983,8.2,27.2
2000,MA,13951,31855,14.9,34.1
2000,MA,61463,96474,20.8,32.6
2000,MA,9919,24029,10.6,25.8
2000,MA,82026,149639,16.5,30.2
2000,MI,4915,14577,13.2,39.3
2000,MI,13027,27407,17.6,37
2000,MI,19284,33998,18.1,31.9
2000,MI,15112,32083,16.8,35.6
2000,MI,6707,12906,19.6,37.6
2000,MI,4522,13753,10.8,32.9
2000,MI,7017,20361,10.5,30.4
2000,MI,46810,92661,16.9,33.4
2000,MI,19341,38118,11.9,23.4
2000,MI,16545,34477,15.8,32.9
2000,MI,16274,37615,11.2,25.9
2000,MI,54148,99420,15.4,28.3
2000,MI,5901,16030,11,30
2000,MI,15918,35166,16.9,37.3
2000,MI,7449,15801,18.8,39.9
2000,MI,18403,38522,16.9,35.5
2000,MI,18971,44106,13.4,31.1
2000,MI,24906,48877,18.4,36.2
2000,MI,10334,17570,21.1,35.9
2000,MI,16716,33752,8.5,17.1
2000,MN,3137,7231,15.1,34.8
2000,MN,3902,8909,12.3,28.1
2000,MN,3338,7934,15.7,37.4
2000,MN,3932,8341,13.3,28.2
2000,MN,1463,3945,13.3,35.9
2000,MN,2586,5210,18.3,36.9
2000,MN,1889,4539,14.5,34.7
2000,MN,1725,4849,9.9,27.7
2000,MN,7139,19250,8.9,24
2000,MN,3644,6409,18,31.7
2000,MN,16940,42280,12.8,31.8
2000,MN,10666,25874,13.8,33.4
2000,MN,2038,5317,14.4,37.5
2000,MS,5336,5255,30.7,30.2
2000,MS,8600,11578,20.7,27.9
2000,MS,6386,8450,22.1,29.3
2000,MS,23530,33808,19.7,28.4
2000,MS,29484,32911,19.6,21.9
2000,MS,15744,26579,19,32.1
2000,MS,4058,6433,17,27
2000,MS,7946,8558,17,18.3
2000,MS,2069,2823,28,38.1
2000,MS,13622,20511,18.2,27.4
2000,MS,5387,6101,31.2,35.3
2000,MS,6054,5369,35,31
2000,MO,1658,4499,15.3,41.5
2000,MO,2333,3697,29.3,46.5
2000,MO,8423,18180,10.8,23.3
2000,MO,10302,21115,18.5,38
2000,MO,5453,9592,21.1,37.1
2000,MO,8212,14447,18.9,33.3
2000,MO,4913,11876,14.1,34.1
2000,MO,6944,15144,14.7,32
2000,MO,2788,4258,27.2,41.5
2000,MO,1896,3399,23,41.2
2000,MO,23503,47500,15.3,30.9
2000,MO,13561,23454,20.5,35.4
2000,MO,4106,5167,30.6,38.5
2000,MO,2189,4280,22.4,43.9
2000,MO,6927,11738,20.2,34.3
2000,MO,2081,3690,24.8,44.1
2000,MO,3749,6600,22.5,39.7
2000,MO,4916,7762,25.2,39.8
2000,MT,800,2415,11.9,36
2000,MT,6748,17448,12.9,33.3
2000,MT,208,203,29.5,28.8
2000,MT,5344,15733,9,26.5
2000,MT,9723,26153,11.5,31
2000,NE,1687,5879,10.6,37
2000,NE,3211,4387,26.5,36.2
2000,NE,741,1638,17.9,39.5
2000,NE,37210,76728,12.7,26.2
2000,NE,6113,12196,17.8,35.5
2000,NE,639,2148,10.4,35.1
2000,NE,553,1872,12.8,43.3
2000,NE,14514,38559,9.5,25.2
2000,NE,796,2262,14.7,41.6
2000,NE,4967,18236,6.7,24.7
2000,NE,1722,5006,13.2,38.4
2000,NE,1256,3189,12.5,31.9
2000,NE,1226,4265,10.3,35.7
2000,NV,337,754,13.3,29.7
2000,NV,35626,55841,16.1,25.2
2000,NV,6304,10021,17.5,27.9
2000,NH,32853,69169,13,27.5
2000,NJ,36809,58369,21.8,34.6
2000,NJ,13210,26475,18.1,36.3
2000,NJ,30513,35189,31.5,36.3
2000,NJ,42005,59141,18.2,25.6
2000,NJ,10515,24556,15.1,35.4
2000,NM,55858,88853,15.6,24.8
2000,NM,29922,22404,30,22.4
2000,NM,7901,16157,14,28.6
2000,NM,15146,19874,23.2,30.5
2000,NM,13630,17308,15.5,19.7
2000,NM,2418,3486,22.9,33
2000,NM,9776,13200,23.9,32.3
2000,NY,26717,52796,13.7,27
2000,NY,21461,43393,16.2,32.7
2000,NY,10907,21930,17.9,36.1
2000,NY,8959,15391,20.6,35.4
2000,NY,11802,25004,17.1,36.3
2000,NY,7291,14519,16.7,33.2
2000,NY,33281,51748,21,32.6
2000,NY,42558,86409,14.3,29.1
2000,NY,14895,31396,19.6,41.2
2000,NY,15132,32545,15.1,32.5
2000,NY,15929,39112,11.8,29
2000,NY,15135,30812,15.2,30.9
2000,NY,3796,7878,18.3,38.1
2000,NY,5214,12789,15.2,37.4
2000,NY,4584,11816,8.6,22.3
2000,NY,22112,36156,18.3,30
2000,NY,6672,14558,15.4,33.6
2000,NY,8526,16485,20.8,40.2
2000,NC,20316,27020,23.5,31.2
2000,NC,7123,8075,31.3,35.5
2000,NC,11435,17482,21.7,33.2
2000,NC,25994,40630,18.1,28.3
2000,NC,19408,18240,32.4,30.4
2000,NC,18085,17195,33.8,32.1
2000,NC,23869,29677,25.2,31.3
2000,NC,7705,9337,22.1,26.7
2000,NC,10231,17088,17.9,30
2000,NC,26526,50122,15,28.4
2000,NC,27992,33244,28,33.2
2000,NC,5223,8279,21.9,34.7
2000,NC,24507,27605,17,19.2
2000,NC,12280,13207,34.4,36.9
2000,NC,36748,55000,18,27
2000,NC,46912,69256,17,25.1
2000,NC,8839,12659,22.3,32
2000,NC,10955,18972,16.8,29.2
2000,NC,5291,6453,26.5,32.4
2000,NC,1948,2544,27.8,36.4
2000,NC,4114,4267,30.7,31.8
2000,NC,14016,19504,24.4,33.9
2000,NC,14756,26327,13.7,24.5
2000,NC,11804,24711,15.7,32.8
2000,NC,8615,11031,12.4,15.9
2000,NC,2312,2921,24.8,31.3
2000,NC,6616,9574,23.2,33.5
2000,NC,6152,9318,25.1,38.1
2000,NC,15855,19921,20.1,25.2
2000,NC,26259,31160,30,35.6
2000,NC,19751,21138,31.1,33.3
2000,NC,8208,12269,26.8,40.1
2000,NC,16624,23704,22.8,32.5
2000,NC,6970,9187,28,36.9
2000,ND,5412,10560,12.1,23.7
2000,ND,6794,17102,9.1,22.9
2000,ND,4051,9100,10.8,24.4
2000,ND,3270,5277,19.8,31.9
2000,ND,282,495,20.1,35.3
2000,ND,412,615,21.5,32
2000,OH,12190,29666,17.5,42.6
2000,OH,9497,22984,19.1,46.3
2000,OH,3874,10322,19.9,53
2000,OH,17882,37802,18.8,39.7
2000,OH,3965,11838,14.7,44
2000,OH,11229,26773,12.2,29
2000,OH,9507,24075,18.3,46.5
2000,OH,10155,18115,24.4,43.5
2000,OH,49699,94008,17.1,32.3
2000,OH,30703,70163,17.6,40.1
2000,OH,11397,26183,17.3,39.8
2000,OH,60595,111685,16.5,30.4
2000,OH,13244,37558,14.1,39.9
2000,OH,17107,37001,19.8,42.9
2000,OH,41912,104333,16.6,41.2
2000,OH,51876,121705,14.3,33.6
2000,OH,26794,67818,17.5,44.3
2000,OH,8150,24887,11.4,34.8
2000,OK,9980,21176,14.8,31.5
2000,OK,1021,1740,23,39.2
2000,OK,9746,17425,22.4,40
2000,OK,9181,10857,29.6,35.1
2000,OK,6373,8900,25.3,35.3
2000,OK,5821,10700,19.8,36.4
2000,OK,2330,4424,21.2,40.2
2000,OK,7504,14805,16.6,32.8
2000,OK,7442,8721,29.8,34.9
2000,OK,53709,95321,14.9,26.5
2000,OK,6902,13216,18.7,35.8
2000,OR,3149,7024,6.9,15.4
2000,OR,9075,21178,11.6,27.2
2000,OR,18187,36443,15,30.1
2000,OR,9745,16572,18.2,31
2000,OR,26265,54475,12.5,25.9
2000,OR,12252,22280,18.1,33
2000,OR,36791,46773,20.7,26.3
2000,OR,5723,10158,14.5,25.8
2000,PA,12207,26361,20.3,43.8
2000,PA,54651,97979,22,39.4
2000,PA,14352,44107,16.2,49.9
2000,PA,21304,50567,20,47.4
2000,PA,8750,19960,21,47.9
2000,PA,8831,25292,11.8,33.8
2000,PA,8075,19326,19.4,46.4
2000,PA,20061,51669,13.9,35.8
2000,PA,28547,64174,16.6,37.4
2000,PA,27648,75150,15.4,41.7
2000,PA,18537,39522,21.1,44.9
2000,PA,26639,60071,18,40.6
2000,PA,68482,117501,22.6,38.8
2000,PA,17542,38244,21.4,46.6
2000,PA,40104,74386,18.9,35
2000,PA,42890,93749,18.9,41.4
2000,PA,15636,33719,19.4,41.9
2000,PA,13896,36823,17.1,45.2
2000,PA,14522,34714,16.2,38.7
2000,PA,2225,5291,17.7,42.1
2000,PA,34730,65750,19.3,36.5
2000,PA,5881,14492,20.1,49.5
2000,PA,3056,8484,16.3,45.3
2000,PA,49994,107689,19.3,41.6
2000,SC,20705,29503,22.3,31.8
2000,SC,29583,36219,26.6,32.6
2000,SC,9545,18974,12.2,24.2
2000,SC,17037,29521,19.8,34.3
2000,SC,2790,3631,27.2,35.4
2000,SC,36852,45752,18.5,22.9
2000,SC,13350,14154,30.7,32.5
2000,SC,10929,18206,17.8,29.7
2000,SC,4643,5744,28.6,35.4
2000,SC,5027,5446,33,35.7
2000,SC,21752,24986,26.9,30.9
2000,SC,51412,65815,20.5,26.3
2000,SC,25743,43963,18.9,32.2
2000,SC,4569,4713,34.8,35.9
2000,SC,8568,12370,24.6,35.5
2000,SC,14689,15907,32.3,35
2000,SC,24147,41852,17,29.5
2000,SC,17598,20542,26.3,30.8
2000,SC,29506,45375,14.8,22.8
2000,SC,3887,4880,30.7,38.6
2000,SC,45143,50233,26.9,29.9
2000,SC,16501,19004,25.7,29.6
2000,SC,6686,7361,33.1,36.4
2000,SD,568,1694,11.1,33.2
2000,SD,1593,4654,10.6,30.8
2000,SD,655,1480,17.1,38.7
2000,SD,1829,4999,12.3,33.7
2000,SD,10768,28733,11.5,30.8
2000,SD,6767,16275,12.2,29.3
2000,SD,1013,2242,16.8,37.2
2000,SD,1061,2707,12.8,32.8
2000,TN,10463,16261,21.1,32.9
2000,TN,15724,25143,21.6,34.5
2000,TN,15255,16731,26.7,29.3
2000,TN,11298,9716,41.3,35.5
2000,TN,12192,13224,30.9,33.5
2000,TN,3071,3157,32.2,33.1
2000,TN,3379,3610,34.9,37.3
2000,TN,5674,5279,39.9,37.1
2000,TN,12062,12989,30.7,33
2000,TN,39964,56320,19.3,27.2
2000,TN,11010,14720,29.6,39.6
2000,TN,8529,10513,29,35.7
2000,TN,44074,68656,17.5,27.2
2000,TN,6809,9269,24.4,33.2
2000,TN,12327,17883,21.2,30.8
2000,TN,6668,6459,35.4,34.3
2000,TN,12509,24315,15.7,30.5
2000,TN,4845,5470,36.2,40.9
2000,TN,4196,4179,37.8,37.6
2000,TN,9201,13160,25.2,36.1
2000,TN,2535,2932,33.3,38.5
2000,TN,26333,35827,24.2,33
2000,TN,4122,4579,32.3,35.9
2000,TN,5084,4134,43.7,35.5
2000,TN,16625,21174,22.8,29
2000,TX,3988,4579,25.4,29.1
2000,TX,1083,2063,18.9,36
2000,TX,257,405,17.6,27.8
2000,TX,21081,37714,15.3,27.4
2000,TX,13347,18711,22.7,31.8
2000,TX,13206,14214,18.7,20.1
2000,TX,3117,4044,28.9,37.5
2000,TX,1794,3299,20.7,38.1
2000,TX,83716,37615,44.8,20.1
2000,TX,751,1334,17.4,31
2000,TX,1476,2992,19.6,39.6
2000,TX,7883,13403,18.9,32.1
2000,TX,1643,1313,38.2,30.5
2000,TX,22988,19240,32,26.8
2000,TX,134008,88256,34.2,22.5
2000,TX,4065,4093,33.8,34.1
2000,TX,1271,1363,27.6,29.6
2000,TX,14308,21709,19.8,30
2000,TX,14634,19372,20.9,27.7
2000,TX,6318,12380,20.5,40.3
2000,TX,150961,61598,49.5,20.2
2000,TX,1029,393,53.9,20.6
2000,TX,258,377,21.2,31
2000,TX,34740,53421,21.5,33.1
2000,TX,4913,4770,35.7,34.6
2000,TX,2438,3500,21.2,30.5
2000,TX,30545,35738,21.6,25.3
2000,TX,1539,1128,38.1,27.9
2000,TX,29442,35178,23.4,27.9
2000,TX,953,874,34.2,31.4
2000,TX,14775,16295,20.8,22.9
2000,TX,3045,4426,31.3,45.5
2000,TX,49180,48026,25.6,25
2000,TX,244,338,19.5,27
2000,TX,11361,21012,21,38.7
2000,TX,20082,20323,28.9,29.3
2000,TX,6877,15336,10.5,23.4
2000,TX,3256,3667,31.9,35.9
2000,TX,8249,10499,25.9,33
2000,TX,11300,11784,28.6,29.8
2000,TX,21972,27578,19.8,24.8
2000,TX,14167,21472,18.8,28.4
2000,TX,15065,18129,23.8,28.6
2000,TX,5437,8342,23.7,36.3
2000,TX,12352,15120,23.8,29.1
2000,TX,47566,18152,47,17.9
2000,TX,16240,24086,20.1,29.8
2000,UT,2782,7144,12.2,31.4
2000,UT,4081,9639,9.6,22.7
2000,UT,9735,29278,7.8,23.3
2000,UT,732,1517,17.1,35.4
2000,UT,283,1125,7.4,29.6
2000,UT,15177,31855,9.1,19.2
2000,UT,6442,13847,12.4,26.7
2000,UT,16622,30675,15,27.6
2000,VT,8693,21784,9.4,23.5
2000,VT,5140,12123,17.4,41.1
2000,VT,756,1622,15.8,33.8
2000,VA,6759,9591,12.6,17.8
2000,VA,6265,7108,29.4,33.4
2000,VA,2759,3610,29.3,38.3
2000,VA,9955,18348,21.8,40.2
2000,VA,8431,13899,19.9,32.8
2000,VA,4018,7333,18.6,33.9
2000,VA,4055,4143,37.2,38
2000,VA,9305,11683,26.6,33.4
2000,VA,834,1453,23.4,40.8
2000,VA,2945,3759,29.9,38.2
2000,VA,2820,4597,20,32.5
2000,VA,9192,10765,27.8,32.6
2000,VA,8413,14025,21.4,35.7
2000,VA,2855,4842,24.1,40.8
2000,VA,2187,3513,21.6,34.7
2000,VA,7427,10227,17.2,23.7
2000,VA,3224,2766,31,26.6
2000,VA,6537,8590,25.8,33.9
2000,VA,8652,16907,14.2,27.8
2000,VA,12473,15934,27.6,35.3
2000,VA,6000,6108,35.6,36.3
2000,VA,9967,11216,27.7,31.2
2000,VA,1307,1456,29.1,32.4
2000,VA,3410,3623,27.6,29.3
2000,VA,4382,4900,19.2,21.4
2000,VA,4046,4110,23.2,23.6
2000,VA,8971,11296,22,27.7
2000,VA,1124,1329,16.6,19.6
2000,VA,15742,19917,24,30.4
2000,VA,3003,5357,18,32.2
2000,VA,4069,5204,24.4,31.2
2000,VA,2943,4503,22.1,33.8
2000,VA,3775,4086,24.6,26.7
2000,WA,1934,4447,14.2,32.7
2000,WA,13141,21171,14.9,24
2000,WA,8879,10923,20.9,25.7
2000,WA,488,862,17.3,30.5
2000,WA,10160,19760,16.8,32.7
2000,WA,4406,6023,21.6,29.5
2000,WA,9768,6368,36.5,23.8
2000,WA,13731,37804,9.2,25.4
2000,WA,1521,2665,19,33.3
2000,WA,10746,17642,16,26.3
2000,WA,29089,71428,10.9,26.8
2000,WA,3784,9229,14.6,35.5
2000,WA,14241,32264,10.5,23.8
2000,WA,6483,8287,18.9,24.1
2000,WA,12852,28344,12.5,27.6
2000,WA,40973,35799,31.3,27.4
2000,WV,11241,20223,22.4,40.4
2000,WV,6213,7102,36,41.1
2000,WV,3623,7794,20.3,43.7
2000,WV,12917,21853,20,33.9
2000,WV,2455,3010,36.3,44.5
2000,WV,10288,13020,31.4,39.8
2000,WV,3931,6055,28.7,44.2
2000,WV,4022,11185,17.1,47.6
2000,WV,28101,50890,20,36.2
2000,WV,5547,6269,37.3,42.2
2000,WV,5014,11502,20.3,46.6
2000,WV,3639,8558,19.7,46.4
2000,WV,7854,14634,16.4,30.5
2000,WV,5478,11654,17,36.1
2000,WV,5223,9432,26,47
2000,WV,5653,13520,16.2,38.8
2000,WV,15479,19991,28,36.2
2000,WV,8609,11242,29.5,38.5
2000,WV,1089,1775,27.6,45
2000,WV,11299,23225,18.6,38.3
2000,WI,19743,50311,13.7,34.9
2000,WI,3304,10575,12.7,40.6
2000,WI,5718,14885,15.7,41
2000,WI,4904,14108,13.8,39.7
2000,WI,21177,60220,7.8,22.3
2000,WI,4053,10370,14.1,36.2
2000,WI,6133,17212,11.1,31.1
2000,WI,10026,25479,15.8,40.1
2000,WI,3577,9085,15.9,40.3
2000,WI,1743,6306,11.5,41.8
2000,WI,2133,6338,16,47.5
2000,WI,6749,20823,10.3,31.9
2000,WI,13282,31091,16.2,38
2000,WI,4685,10908,19.4,45.1
2000,WI,12130,38594,11.9,37.8
2000,WI,20914,39758,17.1,32.5
2000,WI,15887,38781,16.1,39.3
2000,WI,11605,29779,15.6,39.9
2000,WI,13867,37849,13.7,37.4
2000,WY,5766,14053,10.9,26.5
2000,WY,5006,13057,11.7,30.6
2000,AL,2831,3164,34.3,38.3
2000,AL,15322,16584,29.6,32
2000,AL,16102,18270,30.3,34.4
2000,AZ,7654,10087,21.8,28.7
2000,AR,11148,10151,35.3,32.1
2000,AR,5831,4080,37.8,26.5
2000,AR,6334,5953,34.9,32.8
2000,CA,6309,15517,9.7,23.8
2000,CO,4760,5164,28.6,31
2000,CT,17963,39949,14.1,31.4
2000,FL,9333,12875,25.3,34.9
2000,FL,6941,5200,42,31.5
2000,FL,9420,5977,45.8,29.1
2000,FL,9232,17664,15.1,28.9
2000,FL,8161,7925,34.9,33.9
2000,FL,14160,17833,29.6,37.3
2000,GA,4029,7990,16.7,33.2
2000,GA,9713,9723,34.1,34.1
2000,GA,8570,9541,31.9,35.5
2000,GA,9070,8672,36.7,35.1
2000,GA,9947,12395,27,33.7
2000,GA,6108,6817,33.3,37.2
2000,IL,13872,28717,18.6,38.6
2000,IL,4858,9000,19.8,36.7
2000,IL,5806,10927,21.9,41.2
2000,IL,5785,9942,20.9,35.9
2000,IL,5645,12114,16.9,36.4
2000,IN,4332,10937,19.9,50.3
2000,IN,3339,7573,20.9,47.5
2000,IN,4497,7963,26.3,46.5
2000,IN,9871,19858,20.8,41.9
2000,IN,6759,14748,20.4,44.4
2000,IN,3907,8280,19,40.2
2000,IN,3504,11502,14.3,46.9
2000,KS,1590,4309,15.3,41.5
2000,KS,2314,6228,14.7,39.5
2000,KY,2466,5419,19.6,43
2000,KY,6874,10166,21.2,31.4
2000,KY,3031,4076,26.7,35.8
2000,KY,4996,10251,21,43.1
2000,LA,8883,11227,31.8,40.2
2000,MD,3862,7625,15.6,30.7
2000,MI,7276,17897,15.6,38.4
2000,MN,5070,12452,13.7,33.6
2000,MN,3874,10633,13.3,36.5
2000,MN,3439,8390,15.3,37.3
2000,MN,4936,11016,14.8,33
2000,MS,4442,4678,21.5,22.7
2000,MS,7857,9655,25.4,31.2
2000,MO,3727,8632,14,32.5
2000,MO,5504,8569,21.7,33.8
2000,MO,10289,12911,27.6,34.7
2000,MO,3941,5815,26,38.3
2000,NV,2467,7794,8.4,26.6
2000,NV,4822,9575,20.8,41.2
2000,NH,5623,12809,14.3,32.6
2000,NH,10809,27044,11.8,29.6
2000,NY,10190,22317,18.8,41.2
2000,NY,17166,33302,18.8,36.5
2000,NY,8372,14387,19,32.7
2000,NY,6244,15301,15.6,38.1
2000,NY,4727,8053,20.9,35.7
2000,NY,11328,24527,17.2,37.3
2000,NC,856,1621,17.9,34
2000,NC,17625,21632,27.8,34.1
2000,NC,2480,5994,11.4,27.6
2000,NC,8807,11143,27,34.1
2000,NC,14271,18653,25,32.6
2000,NC,5164,6728,23.2,30.3
2000,NC,2236,2631,28.1,33
2000,NC,10284,13911,26.6,35.9
2000,NC,8741,9367,31.9,34.2
2000,NC,15481,14314,34,31.5
2000,NC,14692,15258,30.6,31.7
2000,OH,5553,15673,16.7,47
2000,OH,13659,31157,20.1,45.8
2000,OH,5384,10790,17.1,34.2
2000,OH,4535,12330,17.7,48.1
2000,OH,4339,10837,16.9,42.1
2000,OH,14770,36214,19.4,47.6
2000,OH,5148,12356,21.3,51.1
2000,OH,6216,15499,19.8,49.4
2000,OH,8699,22227,16,41
2000,OH,4032,9019,21.3,47.6
2000,OH,7123,18320,19,48.8
2000,OH,6277,14520,18.2,42.1
2000,OH,4900,15538,16.4,51.9
2000,OH,8753,20008,19.7,45
2000,OH,10620,24147,19.4,44.2
2000,OH,11796,20882,23.9,42.2
2000,OH,13959,29386,20,42
2000,OK,4941,9946,13.3,26.7
2000,OK,8534,14653,20.7,35.6
2000,OK,6704,10858,23,37.3
2000,OR,3476,6992,14.4,29
2000,OR,2834,3457,21.8,26.6
2000,OR,2865,5448,17.9,34
2000,PA,10613,25989,19,46.4
2000,PA,11933,29568,18.4,45.7
2000,PA,12598,28172,22.5,50.3
2000,PA,7475,19471,19,49.5
2000,TN,7342,9442,30.3,39
2000,TN,8451,10550,26.3,32.9
2000,TN,2943,2979,38.4,38.8
2000,TN,9017,10022,34.5,38.3
2000,TN,4655,7260,26.4,41.2
2000,TN,10813,12642,27.4,32.1
2000,TN,8416,10090,32.8,39.3
2000,TX,4815,7296,20.8,31.5
2000,TX,4424,5149,22.9,26.6
2000,TX,13244,16120,26.5,32.3
2000,TX,5543,7497,26.4,35.7
2000,TX,5821,9065,18.8,29.2
2000,TX,6979,7345,29.7,31.2
2000,TX,8022,9264,28.3,32.7
2000,TX,5109,5647,28.8,31.8
2000,TX,6179,3419,40.4,22.4
2000,TX,9881,11594,26.9,31.6
2000,TX,5435,5546,27.9,28.5
2000,TX,7734,7482,30.2,29.3
2000,UT,1372,3153,7.5,17.2
2000,UT,906,2111,10.7,25
2000,WA,3724,11451,7.9,24.3
2000,WA,2471,5984,12.8,31
2000,WA,8725,14770,19.5,32.9
2000,WA,5524,11017,16.3,32.5
2000,WI,10153,25031,17.7,43.6
2000,WI,3023,8353,13.4,36.9
2000,WI,7509,18892,15.3,38.5
2000,WI,9204,19459,15.8,33.5
2000,AL,3536,3417,37.1,35.8
2000,AL,2625,2119,37.6,30.4
2000,AL,5618,4723,38.1,32
2000,AL,6387,5855,37.4,34.3
2000,AR,3930,4738,31.7,38.2
2000,CA,93,207,11.7,26
2000,CA,4096,7721,16,30.2
2000,CA,3927,2635,36,24.1
2000,CO,966,1285,20.5,27.3
2000,FL,4620,7179,25.8,40.1
2000,FL,2233,2727,30.2,36.8
2000,FL,2578,3638,27.5,38.9
2000,GA,2236,2695,34.9,42.1
2000,GA,4152,5564,29.1,38.9
2000,GA,5348,5232,34,33.3
2000,GA,2846,3165,29.9,33.3
2000,GA,3551,3849,28,30.4
2000,GA,3174,5241,24.5,40.5
2000,GA,1552,1773,35.2,40.3
2000,IL,4067,5971,27.8,40.9
2000,IL,2048,4244,21.1,43.8
2000,IL,4153,8576,19.7,40.6
2000,IL,4790,8545,22.9,40.9
2000,IL,6635,8623,28.7,37.3
2000,IL,2124,3550,20.9,34.9
2000,IN,2082,3202,29.4,45.2
2000,IN,3393,6285,23.9,44.2
2000,IN,3354,5804,26.2,45.3
2000,IN,2314,5425,19.5,45.6
2000,IN,1829,4073,20.2,45.1
2000,IN,3586,7967,21.1,46.8
2000,IN,2447,6123,20.4,50.9
2000,IN,4285,6640,28,43.4
2000,IN,1685,2617,28.6,44.4
2000,IN,1837,5439,16.3,48.4
2000,KS,989,2310,18.1,42.3
2000,KS,1573,3161,15.8,31.7
2000,KY,2133,2513,31.9,37.6
2000,KY,3104,5118,25.8,42.6
2000,KY,2244,2886,32.1,41.2
2000,KY,613,570,39.1,36.4
2000,KY,2818,4384,26.4,41
2000,LA,5858,5311,40.6,36.9
2000,MD,4883,8219,25,42
2000,MD,2779,4705,21.2,35.9
2000,MI,5926,12814,20.3,43.9
2000,MI,7141,15828,18.8,41.8
2000,MN,2206,4460,19.6,39.6
2000,MN,1901,4131,19.4,42.2
2000,MN,2742,5682,18.5,38.3
2000,MN,4130,7878,20.3,38.7
2000,MN,3716,7252,21,40.9
2000,MN,2195,4347,19.1,37.9
2000,MN,1948,4938,15.2,38.5
2000,MS,7550,6102,36.5,29.5
2000,MS,2651,1477,44.9,25
2000,MS,4674,4863,34.5,35.9
2000,MS,5205,5561,31.5,33.7
2000,MO,1451,3223,20.9,46.4
2000,MO,4606,5897,30.6,39.2
2000,MO,1087,2210,20.9,42.4
2000,MO,2743,4228,26,40.2
2000,MO,3422,6602,22.7,43.9
2000,MO,1933,4545,19.4,45.7
2000,MO,2361,3396,28.9,41.5
2000,MO,2943,5402,24,44.1
2000,MO,1853,3141,26.9,45.7
2000,MO,3075,5033,26.2,42.9
2000,MO,5548,5233,37.5,35.4
2000,NV,451,1002,17,37.8
2000,NH,3722,10166,11.8,32.2
2000,NY,11953,17024,23.8,33.9
2000,NY,7206,11498,24.4,38.9
2000,NC,5020,6462,29.8,38.4
2000,NC,2576,3219,26.9,33.6
2000,NC,5154,4631,34.4,30.9
2000,NC,11974,13689,30.9,35.3
2000,NC,4426,4343,32.5,31.9
2000,OH,5574,7899,31.4,44.4
2000,OH,6238,11822,23.7,44.8
2000,OH,1927,5016,19.4,50.5
2000,OH,5152,13880,18.3,49.4
2000,OH,2409,3911,29.3,47.6
2000,OK,1988,3344,24.5,41.2
2000,OK,4593,7701,24.1,40.5
2000,OK,4930,7371,27,40.4
2000,OK,1692,3479,18.8,38.7
2000,OK,1411,3065,18.5,40.1
2000,OK,2417,3134,30.6,39.7
2000,OR,2727,6338,15.9,37
2000,PA,4803,13276,18.2,50.4
2000,PA,6740,13201,24.3,47.6
2000,PA,6417,14498,19.3,43.5
2000,SC,9672,9593,34.8,34.5
2000,TN,4204,4454,35.4,37.5
2000,TN,5445,8461,27.5,42.7
2000,TN,6201,7059,33.3,38
2000,TN,4267,4656,34.4,37.5
2000,TN,1654,2281,29.9,41.2
2000,TN,3439,5303,28,43.2
2000,TN,6607,6687,37.7,38.2
2000,TN,2274,3001,30.5,40.2
2000,TN,1888,1996,36.2,38.3
2000,TX,1145,1794,19.4,30.4
2000,TX,2876,3814,24.1,32
2000,TX,5202,7607,22.2,32.5
2000,TX,4138,4463,30.9,33.3
2000,TX,888,1306,24.5,36.1
2000,TX,5818,7523,27.5,35.6
2000,TX,4357,5441,28.7,35.8
2000,TX,4151,2786,42.3,28.4
2000,TX,4487,3981,38,33.7
2000,TX,5256,5271,32.7,32.8
2000,TX,5978,7059,28.2,33.3
2000,TX,1413,2131,24.2,36.6
2000,TX,4230,3344,40.9,32.3
2000,TX,2771,3606,28.3,36.8
2000,TX,4554,5788,29.1,37
2000,TX,3572,4672,27,35.4
2000,TX,8525,10389,30,36.5
2000,TX,1702,2361,27,37.5
2000,TX,4122,5799,27.4,38.6
2000,TX,9068,11154,28,34.4
2000,VA,4708,3959,36.8,31
2000,VA,2237,2079,36.2,33.6
2000,VA,1867,2455,26.5,34.8
2000,VA,3263,3376,37.9,39.2
2000,VA,1481,1736,31.8,37.2
2000,VA,2119,3496,19.6,32.4
2000,VA,5001,6173,28.3,34.9
2000,VA,2158,3135,25,36.3
2000,VA,1953,2227,26.3,29.9
2000,VA,2977,2669,32.6,29.2
2000,VA,3859,3447,35.6,31.8
2000,VA,4509,6190,24.8,34
2000,VA,5668,6386,35.2,39.7
2000,VA,3336,3147,30.1,28.4
2000,VA,6162,9572,24.7,38.4
2000,VA,4446,3193,36.8,26.5
2000,VA,1354,1505,29.6,32.9
2000,VA,3623,3948,30.7,33.4
2000,VA,1566,1089,41.5,28.8
2000,VA,1638,1554,29,27.5
2000,WA,2347,4395,18.3,34.3
2000,WA,429,873,15.8,32.2
2000,WI,1944,4811,17.2,42.7
2000,WI,822,2029,17.4,42.9
2000,WI,3911,11395,14.1,41.1
2000,AL,8778,7863,35.8,32.1
2000,AL,7755,7571,26.8,26.2
2000,AL,6976,9159,22.2,29.2
2000,AL,8524,9646,29.7,33.6
2000,AL,12006,12707,33,34.9
2000,AL,16845,16758,30.6,30.5
2000,AL,5472,5312,30.9,30
2000,AZ,15627,15036,28.8,27.7
2000,AZ,8830,5124,39.3,22.8
2000,AR,6848,9940,27.9,40.6
2000,AR,5419,8036,26.7,39.7
2000,AR,11491,15113,27.1,35.7
2000,AR,4903,4874,35.9,35.7
2000,CA,9256,12132,22.7,29.8
2000,CA,10906,14812,19.2,26
2000,CA,8826,11167,24.3,30.8
2000,CA,6129,11579,15.7,29.7
2000,CO,6471,12199,19.5,36.7
2000,CO,2412,6462,8.6,23.1
2000,CO,4274,7373,19.3,33.4
2000,FL,7736,7497,36.5,35.3
2000,GA,7795,10076,27.4,35.4
2000,GA,6340,8531,22.1,29.7
2000,GA,6753,5909,39.6,34.6
2000,GA,9170,9344,35.1,35.8
2000,GA,4681,4727,34.1,34.5
2000,GA,5346,5914,30.3,33.5
2000,GA,6846,7931,29.1,33.7
2000,GA,3062,4174,30.2,41.2
2000,GA,709,949,30,40.1
2000,GA,6028,6051,30.1,30.2
2000,GA,7329,9301,26.5,33.6
2000,GA,5235,6500,29.9,37.1
2000,ID,4498,7204,19.4,31.1
2000,ID,3609,8394,14.4,33.5
2000,ID,2183,4251,12.8,25
2000,ID,1331,2352,19.6,34.6
2000,ID,1758,4400,9,22.6
2000,ID,1075,2078,11.5,22.3
2000,ID,3256,4080,25.5,32
2000,IL,4592,10563,19,43.6
2000,IL,5748,10082,21.7,38
2000,IL,6912,13968,18.2,36.7
2000,IL,4059,8360,19.6,40.4
2000,IL,4882,9016,20.1,37.1
2000,IL,668,1572,16.2,38
2000,IL,5219,12586,15.9,38.3
2000,IL,8195,15325,20.2,37.8
2000,IN,4032,9081,20,45
2000,IN,4870,12170,18.2,45.5
2000,IN,3904,11694,15.3,45.9
2000,IN,3658,11384,15,46.7
2000,IN,5474,12673,20.2,46.7
2000,IN,4222,8313,23.8,46.9
2000,IN,8664,19820,18.4,42.1
2000,IN,7057,14449,22.6,46.3
2000,IN,5773,11724,20.2,41.1
2000,IN,4308,10968,18.1,46.2
2000,IN,6468,12467,22.7,43.7
2000,IN,2138,3979,24.4,45.5
2000,IN,4153,10467,18.3,46
2000,IA,1928,6697,11,38.2
2000,IA,4773,13776,14.4,41.5
2000,IA,3336,11343,13.2,44.8
2000,IA,4637,9745,17.7,37.2
2000,IA,5293,9282,19.7,34.5
2000,KS,3347,7143,14.6,31.1
2000,KS,3616,7181,15.5,30.7
2000,KS,2202,4726,14,30
2000,KS,3732,6549,18.2,31.9
2000,KS,7435,13167,17.3,30.6
2000,KY,7865,10399,30.5,40.4
2000,KY,3053,2569,41,34.5
2000,KY,10428,12531,24.8,29.7
2000,KY,4433,5904,29.5,39.3
2000,LA,5260,8317,25,39.5
2000,LA,4324,5438,19.6,24.7
2000,LA,6499,7536,33.4,38.8
2000,LA,6013,7077,27.3,32.1
2000,LA,20352,17827,38,33.3
2000,LA,11295,12694,34.1,38.3
2000,ME,11711,29882,14.8,37.7
2000,MD,5527,9015,25.8,42.1
2000,MA,5917,15350,12,31.2
2000,MI,11835,26190,17.7,39.1
2000,MI,6066,12364,20,40.8
2000,MI,4516,11508,16.5,42.1
2000,MI,4990,12719,16.9,43
2000,MI,6281,15277,16.6,40.4
2000,MI,4414,10731,13.9,33.9
2000,MI,10675,24734,16.6,38.5
2000,MI,3773,8521,16.2,36.5
2000,MI,8524,15254,21.4,38.3
2000,MN,3207,6724,18.3,38.5
2000,MN,3159,7270,14.4,33.1
2000,MN,4372,8219,16.5,31.1
2000,MN,4555,9080,17.7,35.3
2000,MN,7197,12849,18.6,33.2
2000,MN,725,1517,15.5,32.5
2000,MN,4667,8802,16,30.2
2000,MS,2942,3197,32.8,35.6
2000,MS,1693,1506,28.4,25.3
2000,MS,10824,13342,26.1,32.2
2000,MS,5909,6652,28,31.6
2000,MS,7171,7733,29.7,32
2000,MS,7111,8206,23,26.5
2000,MO,4354,7500,24.9,42.9
2000,MO,5723,8680,27.1,41.1
2000,MO,1569,5012,12.9,41.2
2000,MO,3773,6299,22.9,38.3
2000,MO,6987,10984,27.1,42.7
2000,MO,4086,8076,19.6,38.8
2000,MO,4986,10135,18.6,37.8
2000,NE,2706,6570,13.7,33.2
2000,NE,2618,6441,10.8,26.6
2000,NE,3926,9569,16.5,40.2
2000,NE,2828,6098,18,38.9
2000,NV,2259,4620,14.9,30.5
2000,NV,4228,7533,18.5,32.9
2000,NH,6627,16539,13.8,34.4
2000,NM,470,1549,3.7,12.1
2000,NM,6335,4719,40.2,29.9
2000,NM,7222,11096,19,29.2
2000,NM,7001,8110,27,31.3
2000,NM,4726,4740,25.5,25.6
2000,NY,11442,19644,20.9,35.9
2000,NY,5078,10559,17.2,35.8
2000,NY,8331,14443,22.2,38.5
2000,NY,7426,13277,21.9,39.2
2000,NY,14577,26494,20.8,37.7
2000,NC,7705,10429,25,33.8
2000,NC,7795,12884,17.9,29.6
2000,NC,13060,12490,34.6,33.1
2000,NC,4429,5361,21.2,25.7
2000,NC,7584,9588,23.7,29.9
2000,NC,11175,12475,28.1,31.3
2000,NC,8701,10505,29.8,36
2000,NC,9271,13809,17.4,25.9
2000,NC,26156,22829,35.1,30.7
2000,NC,12699,14263,29.6,33.3
2000,NC,6453,6651,28.6,29.5
2000,NC,16161,14454,33,29.5
2000,NC,3673,6287,17.5,30
2000,ND,1847,3012,16.8,27.4
2000,OH,4311,14317,14.3,47.6
2000,OH,6041,17747,17.2,50.4
2000,OH,3896,11641,15.3,45.8
2000,OH,5306,8424,26.3,41.7
2000,OH,5786,12400,21.6,46.2
2000,OH,5308,18637,11.6,40.6
2000,OH,4569,11655,15.8,40.4
2000,OH,7252,17744,17.9,43.7
2000,OH,13523,20833,25.9,39.9
2000,OH,6306,17256,16.9,46.3
2000,OH,5608,13712,18.5,45.3
2000,OH,11932,29225,19.7,48.2
2000,OH,2601,10053,13.4,51.7
2000,OH,6635,18405,15.5,43
2000,OK,5826,7371,25.1,31.8
2000,OK,5883,7630,23.3,30.2
2000,OK,11197,14304,24.9,31.9
2000,OK,5223,7436,24.3,34.6
2000,OK,4854,10563,14.8,32.1
2000,OR,2479,4931,19.5,38.9
2000,OR,13085,23836,19,34.7
2000,OR,5676,5971,29,30.5
2000,OR,1716,2124,25.9,32.1
2000,OR,9897,13187,22.2,29.6
2000,PA,7760,20001,18.3,47.1
2000,PA,12152,29643,20.9,51
2000,PA,4849,11860,19.6,48
2000,PA,11009,28758,18.4,48.2
2000,PA,7912,14735,25.4,47.3
2000,PA,7220,16516,22.8,52.1
2000,PA,14883,33672,22.2,50.2
2000,PA,24667,52150,22.8,48.3
2000,PA,7406,10731,26.9,39
2000,PA,4633,14820,15.2,48.5
2000,SC,5102,6135,29.9,35.9
2000,SC,11400,12570,33.3,36.7
2000,SC,9244,11293,24.8,30.2
2000,SC,11392,12616,26.9,29.7
2000,SC,7234,6468,39.1,35
2000,SC,7381,8002,30.9,33.5
2000,SC,11995,15237,26.1,33.2
2000,SC,16263,17995,28.5,31.5
2000,SD,704,1552,10.5,23.1
2000,SD,489,710,24.9,36.2
2000,SD,1720,4351,12.5,31.7
2000,TN,8946,8795,38.8,38.1
2000,TN,9242,11955,27.5,35.6
2000,TN,6794,9228,26.2,35.5
2000,TN,13292,16388,30.4,37.5
2000,TN,10170,11969,30.7,36.1
2000,TN,6561,6462,34.7,34.2
2000,TN,12413,17768,25.4,36.4
2000,TX,2504,2548,32,32.6
2000,TX,5409,7154,26.3,34.8
2000,TX,4029,4313,31,33.1
2000,TX,9488,9600,31.6,32
2000,TX,4120,2797,39.1,26.5
2000,TX,252,202,30.1,24.2
2000,TX,3813,5182,24.7,33.6
2000,TX,7333,6175,34.1,28.7
2000,TX,8502,13343,21.7,34.1
2000,TX,4281,3532,31.8,26.2
2000,TX,6621,7074,29.4,31.4
2000,TX,3122,5203,20.4,34
2000,TX,8277,7613,35.2,32.4
2000,TX,5685,4126,31.8,23.1
2000,TX,3075,3268,30.1,32
2000,TX,18098,4683,65.3,16.9
2000,TX,2590,2749,27.8,29.5
2000,TX,5808,2760,51.3,24.4
2000,TX,3256,1926,46.9,27.7
2000,UT,1861,3925,11.4,24.1
2000,VT,3822,8382,15.1,33.1
2000,VT,6802,15500,15.7,35.8
2000,VT,4540,12353,11.6,31.5
2000,VA,14230,13240,35.1,32.7
2000,VA,14118,15173,32.7,35.2
2000,VA,10454,10198,31.5,30.7
2000,VA,3413,3178,31.5,29.3
2000,WA,3395,2422,36.7,26.2
2000,WA,8432,15308,18.9,34.3
2000,WA,1444,3849,7.2,19.2
2000,WV,9537,8987,36.9,34.8
2000,WV,7975,15430,20.5,39.6
2000,WV,4948,8296,27.6,46.2
2000,WV,12204,15966,27.9,36.6
2000,WV,2823,4910,25.3,44.1
2000,WI,5059,12255,16.5,40
2000,WI,3706,8332,18.4,41.4
2000,WI,8562,23853,15.4,43
2000,WI,5167,13221,17.5,44.7
2000,WI,522,1009,21.8,42.1
2000,WI,5439,14952,13.5,37.2
2000,WI,6046,13867,16.5,37.8
2000,WI,5100,12594,18.5,45.8
2000,WI,7662,20618,15.2,41
2000,WY,1114,3727,6.5,21.9
2000,AL,6679,6124,35.3,32.4
2000,AL,2992,2667,39.5,35.2
2000,AL,4439,4749,32.2,34.5
2000,AL,6138,5865,36.5,34.9
2000,AL,8115,8473,31.6,33
2000,AL,3700,2689,39.9,29
2000,AL,15469,14549,36.2,34
2000,AL,8030,8860,31.5,34.7
2000,AL,4265,4404,33.9,35
2000,AL,7904,6363,37.9,30.5
2000,AL,2182,2165,35.2,34.9
2000,AL,4188,3486,30,25
2000,AL,3077,2719,35.2,31.1
2000,AL,8489,9348,29.9,32.9
2000,AZ,13166,9008,36.4,24.9
2000,AR,3831,5527,27.6,39.8
2000,AR,4857,5855,28.2,34
2000,AR,4362,6290,25.2,36.4
2000,AR,3617,5579,26.8,41.4
2000,AR,1986,2464,33.2,41.1
2000,AR,3351,3443,35,36
2000,AR,3113,3966,26.9,34.3
2000,AR,3369,4121,28.9,35.4
2000,AR,4584,5699,30.8,38.3
2000,AR,2713,3510,29.3,37.9
2000,AR,4144,4679,34,38.3
2000,AR,4345,4342,36.7,36.7
2000,AR,4532,5763,30.2,38.4
2000,AR,2473,2654,34.6,37.2
2000,AR,3479,3324,35.4,33.8
2000,AR,3291,4270,28.4,36.8
2000,CA,4176,8346,14.3,28.6
2000,CA,5077,4314,31.5,26.8
2000,CA,1483,1900,22.9,29.4
2000,CA,4978,8648,16.2,28.2
2000,CA,1790,2791,19,29.6
2000,CO,3846,6569,19.9,34
2000,CO,1251,1828,22.2,32.4
2000,CO,2929,5129,18.9,33.1
2000,CO,3197,4050,24.3,30.7
2000,FL,2742,3427,30.9,38.6
2000,FL,2603,2983,31.7,36.4
2000,FL,3251,3073,37.1,35.1
2000,FL,4404,4782,34.8,37.8
2000,FL,9807,10383,30.9,32.7
2000,FL,6271,9183,26.1,38.2
2000,FL,3985,4190,32.5,34.2
2000,FL,6286,9118,26.8,38.8
2000,FL,3873,5282,30,40.9
2000,FL,4127,5562,28.8,38.8
2000,GA,3255,3603,34.6,38.3
2000,GA,3550,3615,34,34.6
2000,GA,2054,2599,28.3,35.8
2000,GA,3501,3554,35.4,36
2000,GA,4214,4577,33.7,36.6
2000,GA,2305,2765,31.5,37.8
2000,GA,2485,2635,31.6,33.5
2000,GA,4463,5342,32.8,39.2
2000,GA,2241,2564,34.3,39.2
2000,GA,4434,5039,33,37.5
2000,GA,4586,5956,30.6,39.7
2000,GA,4580,5841,28.9,36.9
2000,GA,2026,1753,38,32.9
2000,GA,3253,3112,36.8,35.2
2000,GA,5198,5298,34.7,35.4
2000,GA,1798,1556,37.6,32.5
2000,GA,3203,3740,33.1,38.6
2000,GA,1964,2250,32.1,36.8
2000,GA,1287,1295,36.8,37.1
2000,GA,4948,5760,33.7,39.2
2000,GA,1846,2207,32.3,38.7
2000,GA,615,539,38.7,33.9
2000,GA,3237,4734,24,35.1
2000,GA,1834,2516,31.8,43.7
2000,GA,2545,2609,35,35.9
2000,ID,589,1500,13.4,34.2
2000,ID,1262,2370,19.9,37.3
2000,ID,1819,4072,17.1,38.3
2000,ID,1097,1427,25.3,32.8
2000,ID,613,1608,11.1,29.1
2000,ID,1530,2322,23.4,35.5
2000,IL,1808,4012,20,44.3
2000,IL,2313,4552,20,39.3
2000,IL,2674,5116,20.7,39.6
2000,IL,2498,5600,18.6,41.8
2000,IL,6284,9285,23.3,34.4
2000,IL,2556,6505,16.4,41.6
2000,IL,2979,2522,32.9,27.8
2000,IL,2192,4585,20.1,42.1
2000,IL,2015,3613,21.2,38
2000,IL,4349,5389,27.7,34.3
2000,IL,4321,5468,23.9,30.2
2000,IL,2644,6776,17.1,43.9
2000,IL,3200,3931,25.2,31
2000,IL,2153,4795,17.7,39.5
2000,IL,2758,3867,25.4,35.6
2000,IN,1789,4727,18.7,49.5
2000,IN,2305,5656,19.3,47.5
2000,IN,4152,8892,19.1,41
2000,IN,4668,9728,20.8,43.4
2000,IN,3064,7068,21.5,49.5
2000,IN,7770,6611,39.8,33.9
2000,IN,3215,5790,25.2,45.5
2000,IN,3730,8701,20.4,47.5
2000,IN,3015,8021,17.9,47.7
2000,IA,1846,4405,18.6,44.3
2000,IA,2057,5839,15.4,43.6
2000,IA,1454,4159,14.1,40.4
2000,IA,1507,5152,12.3,41.9
2000,IA,1117,3805,12.5,42.7
2000,IA,1456,3981,16.6,45.3
2000,IA,945,2613,15.6,43
2000,IA,1755,5567,14.9,47.2
2000,IA,2231,6396,15.2,43.7
2000,IA,831,2356,15,42.4
2000,IA,1016,2980,14.4,42.3
2000,IA,1405,4481,12.7,40.4
2000,IA,1806,4668,14.3,37
2000,IA,1872,5361,13.9,39.7
2000,IA,1375,2857,20.7,43
2000,IA,1372,4448,13,42.1
2000,IA,2516,6074,18.5,44.7
2000,IA,1323,2822,20.9,44.5
2000,IA,1605,2890,21.3,38.3
2000,IA,3313,8390,16,40.6
2000,IA,1295,3031,18.3,42.9
2000,IA,1476,3304,18.2,40.7
2000,IA,1695,4577,14.5,39.3
2000,IA,1201,4113,13.4,45.9
2000,IA,1893,4906,15.8,40.8
2000,IA,1058,3603,12.7,43.2
2000,KS,1091,2768,15.4,39.1
2000,KS,2890,5717,19.7,38.9
2000,KS,783,2380,13,39.5
2000,KS,775,2409,13.1,40.6
2000,KS,1020,2064,19.1,38.6
2000,KS,1405,3476,15.6,38.6
2000,KS,1115,3407,14.9,45.7
2000,KS,645,1723,15.3,40.8
2000,KS,1145,3251,16.3,46.2
2000,KY,6198,6484,35.6,37.3
2000,KY,4228,3796,41.5,37.3
2000,KY,3048,3553,30.6,35.7
2000,KY,5930,5921,37.2,37.1
2000,KY,5498,6898,31.5,39.5
2000,KY,3429,5891,24.2,41.6
2000,KY,7423,8812,34.2,40.7
2000,KY,5034,6313,33,41.4
2000,KY,3721,3099,43.9,36.5
2000,KY,2200,4087,23.1,42.9
2000,KY,2740,4099,29.1,43.5
2000,LA,6182,6389,36.8,38
2000,LA,10707,9856,40.2,37
2000,LA,2863,4196,28.1,41.3
2000,LA,3827,3933,34.3,35.2
2000,LA,9581,6590,44.5,30.6
2000,LA,2655,3994,26.4,39.7
2000,LA,5929,7967,30.6,41.2
2000,LA,2901,3552,31.5,38.5
2000,LA,4980,4198,38.1,32.1
2000,LA,4486,6300,29.2,40.9
2000,LA,3836,4439,34.6,40
2000,ME,2845,7901,14.8,41
2000,ME,4456,12539,12.2,34.4
2000,ME,6693,16317,17.6,43
2000,ME,2413,5347,19.7,43.7
2000,ME,6667,15737,19.2,45.3
2000,ME,3824,9630,15.4,38.8
2000,MI,5094,8617,23.9,40.4
2000,MI,3978,7609,21.7,41.6
2000,MI,6458,12242,21.3,40.4
2000,MN,3386,6874,17.1,34.7
2000,MN,1822,4543,16.4,40.8
2000,MN,4316,9958,14.4,33.3
2000,MN,1805,3745,18.1,37.5
2000,MN,1064,2942,13.6,37.5
2000,MN,1656,2746,18.7,31
2000,MN,1496,2404,22.4,36
2000,MN,1404,2583,18.2,33.5
2000,MN,1199,2314,18.5,35.7
2000,MN,3269,6500,20.7,41.2
2000,MN,1867,3017,24.1,39
2000,MS,4635,3783,36.6,29.8
2000,MS,3909,3809,32.8,31.9
2000,MS,3580,4580,30.2,38.7
2000,MS,4863,3223,40.3,26.7
2000,MS,4719,4190,35.9,31.8
2000,MS,5371,5346,33.5,33.4
2000,MS,6644,5605,38,32
2000,MS,2082,2491,25.2,30.2
2000,MS,4698,4773,35.4,36
2000,MO,5442,9185,24.3,41
2000,MO,1831,3474,22.7,43
2000,MO,2460,4154,26,43.9
2000,MO,2073,4622,19.7,43.8
2000,MO,2661,3402,30.3,38.8
2000,MO,1202,2760,18.7,43
2000,MO,5174,9504,22.6,41.5
2000,MO,2502,3103,31.4,39
2000,MO,4016,6179,26.1,40.2
2000,MO,3381,3286,38.9,37.8
2000,MO,3418,5271,28.8,44.4
2000,MO,6665,7818,33.1,38.9
2000,MO,3360,4736,28.9,40.7
2000,MT,1661,2132,23.6,30.2
2000,MT,2673,5389,15.8,31.8
2000,MT,922,1981,18.1,38.9
2000,MT,3099,7738,12.6,31.5
2000,NE,952,2387,16.6,41.6
2000,NE,1493,4097,14.4,39.5
2000,NE,1632,3423,18.8,39.4
2000,NE,664,1594,13,31.2
2000,NE,1227,3598,12.8,37.6
2000,NM,2371,3106,23.9,31.4
2000,NM,2967,3093,27.9,29.1
2000,NY,6676,13702,19.4,39.9
2000,NY,6661,12353,20.1,37.4
2000,NY,5364,10423,19.6,38.1
2000,NY,6975,11880,21.4,36.5
2000,NY,3308,8349,19,48.1
2000,NC,6298,7238,29.4,33.8
2000,NC,11274,12093,31.4,33.7
2000,NC,10831,10032,34.2,31.6
2000,NC,4983,5887,29.3,34.6
2000,NC,6339,5690,35.8,32.1
2000,ND,1171,2529,15,32.5
2000,ND,1995,2736,23.4,32.1
2000,OH,3738,9690,19.4,50.4
2000,OH,2266,5509,20.4,49.6
2000,OH,3103,9402,16.5,49.9
2000,OH,4181,7266,26.8,46.6
2000,OH,2411,6887,18.4,52.5
2000,OH,2989,10266,13.9,47.7
2000,OH,4353,12499,16.9,48.7
2000,OK,4255,4860,33.3,38.1
2000,OK,2351,4152,23.1,40.7
2000,OK,6292,9461,24.6,37
2000,OK,2573,2530,33.1,32.6
2000,OK,1576,2524,22.6,36.2
2000,OK,3917,4714,28.4,34.2
2000,OK,2632,3112,29,34.3
2000,OK,5944,9458,23.9,38.1
2000,OK,1686,3030,23.8,42.7
2000,OK,2005,2107,32.6,34.3
2000,OR,2811,3799,23.5,31.7
2000,PA,7518,17530,21.7,50.7
2000,PA,5306,12128,19.5,44.6
2000,SC,2840,2215,40,31.2
2000,SC,4794,5131,32.5,34.7
2000,SC,7178,7142,34.7,34.5
2000,SC,7509,9133,30.4,37
2000,SC,7418,6345,39.3,33.6
2000,SC,4520,5161,33.1,37.8
2000,SC,4987,4540,38.6,35.1
2000,SC,2437,2194,33.9,30.5
2000,SC,7117,8557,32,38.5
2000,SC,7989,8148,34.5,35.1
2000,SD,1183,2171,20.2,37.1
2000,SD,932,1826,17.5,34.4
2000,SD,991,2529,14.3,36.6
2000,SD,1659,1458,30,26.4
2000,TN,6499,7764,32.1,38.4
2000,TN,8029,6966,39.7,34.5
2000,TN,9546,12870,29.1,39.3
2000,TN,5837,6886,33.1,39
2000,TN,5258,6825,30.7,39.8
2000,TN,5310,4401,41.6,34.5
2000,TN,6494,7832,30.4,36.7
2000,TN,5282,6753,31.5,40.2
2000,TN,8634,9655,33.3,37.2
2000,TN,5303,5133,39.3,38.1
2000,TN,4541,4457,38.7,38
2000,TX,879,962,29.9,32.7
2000,TX,2279,2439,30.5,32.6
2000,TX,5134,7858,25,38.2
2000,TX,1685,1445,34.6,29.7
2000,TX,1851,2431,29,38.1
2000,TX,1188,795,40.7,27.2
2000,TX,749,789,31.3,33
2000,TX,4488,4594,32.1,32.9
2000,TX,2734,1571,45.7,26.3
2000,TX,3340,4076,27.4,33.5
2000,TX,1740,1483,36.5,31.1
2000,TX,936,1201,29.9,38.4
2000,TX,1516,1915,26.2,33.1
2000,TX,1245,1576,28.9,36.5
2000,TX,2531,3188,27.3,34.4
2000,TX,6325,9269,27,39.6
2000,TX,1345,906,42,28.3
2000,TX,3339,2614,36.3,28.4
2000,TX,1797,927,49.9,25.7
2000,TX,4147,4854,31.4,36.7
2000,TX,4754,4356,32.6,29.9
2000,TX,2419,3910,27.2,43.9
2000,TX,2312,3019,26.3,34.4
2000,TX,3585,5166,24.1,34.8
2000,TX,723,584,37,29.9
2000,TX,3362,3301,34.3,33.7
2000,TX,1650,1685,31.9,32.5
2000,TX,2401,2720,31.1,35.2
2000,TX,1576,1611,30.3,31
2000,TX,2999,2551,37.5,31.9
2000,TX,4061,5978,28.1,41.4
2000,TX,2024,2333,29.9,34.5
2000,TX,1738,1197,39.7,27.3
2000,TX,6140,8503,23.7,32.8
2000,UT,522,1008,13.6,26.2
2000,UT,1769,3341,15.4,29
2000,VT,3057,7592,13.6,33.8
2000,VA,8303,8828,32.1,34.1
2000,VA,2060,3596,22.5,39.2
2000,VA,9416,8819,36.1,33.8
2000,VA,4227,4708,29,32.3
2000,VA,5820,6334,29.8,32.4
2000,VA,1317,1446,31,34
2000,VA,1284,1785,28.6,39.8
2000,VA,752,567,22.9,17.3
2000,WA,1649,5309,8.4,27.2
2000,WA,6039,7945,23.4,30.8
2000,WV,2866,4853,27.3,46.2
2000,WV,6475,10057,26.6,41.3
2000,WV,2603,3909,29.7,44.6
2000,WV,4316,7570,22.6,39.7
2000,WV,5446,7914,30,43.6
2000,WV,3222,3741,34.6,40.2
2000,WV,2755,5839,22.4,47.5
2000,WI,3202,5755,23.3,41.9
2000,WI,5281,11816,17.6,39.5
2000,WI,1374,3598,13.1,34.2
2000,WI,1488,4110,15.9,43.8
2000,WI,5169,8951,24.6,42.6
2000,WI,2453,7741,12.2,38.6
2000,WI,2394,5547,18.1,41.9
2000,WI,2686,5333,21,41.7
2000,WI,2745,6509,19.1,45.3
2000,WI,4986,10829,18.9,41.1
2000,WI,2134,4851,17.9,40.8
2000,WI,2150,4468,20.9,43.4
2000,WI,2792,5713,21.7,44.4
2000,WI,3494,7485,19.1,40.9
2000,WI,3902,7109,21.1,38.5
2000,WI,6022,15148,17.3,43.6
2000,WI,3457,7034,21.2,43.1
2000,WY,1063,2766,13.6,35.4
2000,AL,3759,4036,34.9,37.5
2000,AL,3112,4904,27.7,43.6
2000,AR,1976,2048,34.7,36
2000,AR,1950,2537,30.2,39.2
2000,AR,2080,2543,31.8,38.8
2000,CA,1821,3206,14.9,26.3
2000,CA,375,730,14.8,28.7
2000,CO,875,1345,22.5,34.5
2000,CO,247,715,9.7,28.1
2000,CO,768,1475,18.2,35
2000,FL,3288,3798,34.1,39.4
2000,FL,1663,1952,34.4,40.4
2000,GA,1475,1444,34.5,33.8
2000,GA,1802,1421,41.1,32.4
2000,GA,4477,3668,41.5,34
2000,GA,1326,1536,31,35.9
2000,GA,628,467,43.8,32.6
2000,GA,2038,2179,36.4,39
2000,GA,1743,1409,42.9,34.7
2000,GA,1925,2697,29.6,41.4
2000,ID,1220,2491,20.2,41.2
2000,ID,468,1129,15.5,37.5
2000,ID,410,902,15.8,34.7
2000,ID,338,792,13.6,31.8
2000,ID,2139,3898,22.1,40.3
2000,IL,1183,1654,26.4,36.9
2000,IL,724,988,24.2,33.1
2000,IL,1377,1489,29.3,31.7
2000,IN,2541,5769,18.8,42.8
2000,IN,846,2640,15,46.7
2000,IA,695,2754,12.2,48.4
2000,IA,822,2106,17.5,44.8
2000,IA,1885,4376,17.8,41.4
2000,IA,2221,5811,17.4,45.6
2000,IA,804,2312,15,43.2
2000,IA,1228,3548,16,46.3
2000,IA,1592,3206,20.3,41
2000,KS,580,1247,19,40.8
2000,KS,471,978,20,41.5
2000,KS,725,1743,16.2,39.1
2000,KY,3885,5523,31.1,44.2
2000,KY,3079,2892,38.6,36.2
2000,KY,4799,4025,41.8,35.1
2000,KY,4290,3386,41.8,33
2000,KY,3940,3218,42.6,34.8
2000,KY,3332,2730,42.2,34.6
2000,KY,1721,1744,37.1,37.6
2000,KY,2834,2846,36.5,36.7
2000,LA,2394,2673,34.6,38.6
2000,LA,1890,2420,32.6,41.8
2000,ME,2907,8460,12.1,35.1
2000,MD,4155,8719,20.8,43.6
2000,MI,2756,5011,23.2,42.2
2000,MI,3466,6754,20.2,39.4
2000,MN,1317,1971,23.6,35.3
2000,MN,822,1121,25,34.1
2000,MN,1445,2557,20.9,37
2000,MN,1019,1781,20,34.9
2000,MN,610,1101,21.2,38.2
2000,MS,2726,3174,32.6,38
2000,MS,2952,1378,46.3,21.6
2000,MS,569,430,41.2,31.2
2000,MS,2332,1628,40.3,28.1
2000,MS,2890,3002,33.6,34.9
2000,MS,2271,2867,27.1,34.2
2000,MS,1461,1065,39.4,28.8
2000,MS,3000,3939,29.2,38.3
2000,MS,2729,2154,41.9,33.1
2000,MO,1171,2473,21.5,45.4
2000,MO,839,2097,18.2,45.6
2000,MO,1788,2831,26.6,42.2
2000,MO,677,1849,18.1,49.5
2000,MO,1521,2518,25.5,42.2
2000,MO,3432,5472,25.5,40.6
2000,MT,494,1168,12.9,30.4
2000,MT,243,693,12.2,34.9
2000,MT,197,485,12.4,30.4
2000,MT,452,1177,16.8,43.7
2000,MT,553,1212,17.4,38.1
2000,MT,1364,2693,18.8,37.2
2000,MT,706,2201,12.5,39.1
2000,MT,713,1365,16.6,31.8
2000,MT,79,237,13.7,41.1
2000,NE,858,2183,15.9,40.6
2000,NE,624,1751,13.3,37.4
2000,NE,536,1948,11.8,42.7
2000,NE,304,713,16.8,39.3
2000,NE,615,1365,19.6,43.4
2000,NE,440,1055,15.4,37
2000,NE,514,1028,19.4,38.8
2000,NE,423,961,18,40.8
2000,NE,776,1465,19.6,37.1
2000,NY,667,1499,16.6,37.3
2000,NY,2261,5121,17.6,39.9
2000,NC,3546,3838,29.4,31.8
2000,NC,4998,5953,30.8,36.7
2000,NC,4284,4291,34.6,34.7
2000,NC,2649,3853,19.4,28.2
2000,NC,2577,2635,29.5,30.2
2000,NC,3667,4687,28.9,36.9
2000,ND,1066,936,34.1,30
2000,ND,544,677,26.6,33.1
2000,ND,555,694,28,35
2000,ND,1389,2043,21,30.9
2000,ND,513,849,18.6,30.8
2000,ND,762,1449,18.7,35.6
2000,ND,213,433,13.9,28.3
2000,ND,901,1437,16.3,25.9
2000,OH,2236,5277,21.2,50
2000,OK,1446,1760,30.7,37.4
2000,PA,2593,4681,26.8,48.3
2000,PA,3879,7879,25.5,51.8
2000,PA,1026,2124,22,45.6
2000,PA,5006,13494,17.5,47.2
2000,SD,203,600,13.7,40.6
2000,SD,1594,1650,28.3,29.3
2000,SD,287,570,17.3,34.3
2000,SD,404,802,20.4,40.5
2000,SD,640,1532,15.3,36.5
2000,SD,467,879,19.7,37.1
2000,SD,350,437,28.6,35.7
2000,TN,2872,3475,34,41.1
2000,TN,4234,3351,44.8,35.5
2000,TN,2034,1477,44.1,32
2000,TN,2700,2721,36.5,36.7
2000,TN,2181,3568,25.7,42
2000,TX,79,161,16.1,32.9
2000,TX,676,891,25.8,34
2000,TX,570,747,29.4,38.5
2000,TX,565,684,21.8,26.5
2000,TX,811,1165,26.7,38.4
2000,TX,2790,4038,26.2,37.9
2000,TX,2764,2380,32.9,28.3
2000,TX,2535,2581,32.5,33.1
2000,TX,2114,2893,27.5,37.7
2000,TX,758,393,39.6,20.5
2000,TX,462,725,20.8,32.6
2000,TX,271,256,29.6,27.9
2000,TX,713,739,32.9,34.1
2000,UT,97,389,8.5,34
2000,VT,1993,4669,13,30.6
2000,VA,965,1448,26,39.1
2000,VA,1451,1903,29.1,38.1
2000,VA,3151,2984,36.8,34.8
2000,VA,524,738,27.2,38.3
2000,VA,6428,5190,39.4,31.8
2000,VA,5217,4751,37.8,34.4
2000,WA,258,488,15.6,29.5
2000,WA,958,2225,13.5,31.3
2000,WV,3355,4351,32.7,42.4
2000,WV,1988,2099,37.6,39.7
2000,WV,2759,4901,26.3,46.8
2000,WV,2564,4868,24.2,46
2000,WV,1630,2472,28,42.5
2000,WV,1057,2509,20.6,49
2000,WV,1910,3132,26.6,43.6
2000,WV,3465,4351,33.2,41.7
2000,WV,1298,2572,24.5,48.5
2000,WV,6326,7413,35.7,41.8
2000,WI,1523,4906,14.5,46.6
2000,WI,2420,4733,21.2,41.4
2000,AK,1359,4370,6.8,22
2000,AK,932,2673,10.4,29.7
2000,AZ,4714,5811,24.4,30.1
2000,AR,6482,10832,22.5,37.5
2000,AR,5344,8075,23.2,35
2000,AR,1221,1701,31.3,43.5
2000,AR,3396,4447,24.7,32.4
2000,AR,4161,5742,25.9,35.8
2000,AR,5562,9021,24.5,39.7
2000,AR,1733,2199,29.8,37.8
2000,AR,5032,6622,26.5,34.9
2000,AR,7734,11501,22.6,33.5
2000,AR,7643,10648,25.5,35.5
2000,CA,5235,5070,28.4,27.5
2000,CA,12298,20960,15.1,25.7
2000,CA,4673,7091,20.4,30.9
2000,CO,3640,4490,13.4,16.5
2000,CO,4084,7499,14.6,26.9
2000,CO,2308,4189,17.7,32
2000,CO,1713,2812,20.4,33.5
2000,CO,417,1237,3.7,10.9
2000,CO,627,2347,4.7,17.7
2000,CO,1066,2788,6.7,17.7
2000,GA,3758,4090,34.2,37.2
2000,GA,8019,7513,35.2,33
2000,GA,2499,2281,37.8,34.5
2000,GA,1957,2052,37.6,39.4
2000,GA,8564,10718,29.7,37.1
2000,GA,1459,2013,28.6,39.4
2000,GA,4843,6014,28.9,35.9
2000,GA,7512,7109,32.1,30.3
2000,GA,5297,5669,32.7,35
2000,GA,6939,9060,29.7,38.8
2000,HI,15088,30653,15.4,31.4
2000,HI,6504,11546,16.7,29.7
2000,ID,1274,2072,9.8,15.9
2000,ID,78,212,11.6,31.4
2000,ID,2814,3638,23.1,29.8
2000,ID,2729,2935,24.9,26.8
2000,ID,556,807,22.6,32.8
2000,ID,3143,3910,26.3,32.7
2000,ID,460,817,12.7,22.6
2000,ID,7403,12006,18.7,30.4
2000,IL,7345,16918,16.3,37.5
2000,IL,3827,9394,15.9,39
2000,IL,5175,9891,17.1,32.6
2000,IL,1457,3160,19.8,43
2000,IL,3587,8237,16.6,38.1
2000,IL,1967,5686,14.3,41.4
2000,IL,997,2631,17.6,46.3
2000,IL,6182,8838,23,32.9
2000,IL,2343,5996,13.1,33.4
2000,IL,2465,3640,23.5,34.8
2000,IL,630,1732,16.9,46.6
2000,IN,5261,7447,28.2,39.9
2000,IN,5105,11431,19.8,44.4
2000,IN,4554,9261,18.3,37.2
2000,IN,3321,9099,15.7,43
2000,IN,10353,18692,21.9,39.5
2000,IA,2378,4607,18.7,36.2
2000,IA,3975,10385,12.7,33.3
2000,IA,1404,4306,12,36.8
2000,IA,1177,2309,21.1,41.4
2000,IA,4035,11173,14.2,39.3
2000,IA,1267,4136,10.8,35.3
2000,IA,1298,3423,11.9,31.4
2000,IA,4239,11035,16.4,42.7
2000,IA,2521,5977,17.4,41.2
2000,IA,4462,9616,18.5,39.9
2000,IA,4094,9569,15.8,36.8
2000,IA,767,2170,14,39.6
2000,KS,3240,5734,17.7,31.4
2000,KS,2089,4863,12.8,29.9
2000,KS,7236,5519,32.6,24.9
2000,KS,5614,4305,30.1,23.1
2000,KS,627,719,24.2,27.7
2000,KS,2553,4781,17,31.9
2000,KS,2681,6131,14.1,32.1
2000,KS,4517,7286,18.8,30.2
2000,KS,585,1601,13.8,37.9
2000,KS,4508,11979,13,34.5
2000,KS,4602,3408,36.3,26.9
2000,KY,1364,2332,23.7,40.4
2000,KY,8689,6644,43.4,33.2
2000,KY,4318,6351,23.4,34.3
2000,KY,4646,6365,22.1,30.3
2000,KY,1558,1991,30.5,39
2000,KY,6635,9694,26.6,38.9
2000,KY,9021,12056,28.7,38.3
2000,KY,9366,6641,45.9,32.6
2000,KY,12445,11999,36.1,34.8
2000,KY,5463,6293,35.4,40.8
2000,KY,1760,2792,25.7,40.8
2000,KY,8887,15018,19.7,33.3
2000,KY,1788,1654,42.4,39.3
2000,KY,2828,2531,42,37.6
2000,KY,13225,13386,34.4,34.8
2000,KY,4701,4105,42.3,37
2000,KY,4875,5505,32,36.1
2000,KY,8777,7143,38.7,31.5
2000,LA,4539,4417,35.4,34.5
2000,LA,5825,10690,19.9,36.4
2000,MA,1026,2485,9.6,23.2
2000,MI,3617,7631,16.9,35.7
2000,MI,1651,4107,14.6,36.4
2000,MI,4525,9232,17.6,35.9
2000,MI,3659,9444,13.9,35.8
2000,MI,2114,8365,11.2,44.4
2000,MI,5546,14443,10.7,27.9
2000,MI,3269,7639,15.4,36
2000,MI,2219,4942,20,44.6
2000,MI,266,608,16.3,37.2
2000,MI,1370,3912,9.3,26.5
2000,MI,4833,14815,11.5,35.3
2000,MI,3371,6898,17.3,35.5
2000,MI,2866,8041,16.5,46.4
2000,MI,2021,4036,21.4,42.6
2000,MI,3602,7721,18,38.7
2000,MN,3765,6512,16.6,28.6
2000,MN,3011,6825,16.1,36.5
2000,MN,4206,8434,18.8,37.7
2000,MN,2666,4986,17.4,32.5
2000,MN,3306,4684,24.2,34.3
2000,MN,2892,7743,13.4,35.9
2000,MS,5910,7048,26.6,31.7
2000,MS,7399,8068,31.9,34.8
2000,MS,7975,5581,34.7,24.3
2000,MS,2378,2472,33.4,34.7
2000,MS,3603,4248,31.2,36.8
2000,MS,6579,3740,37.8,21.5
2000,MS,5306,4054,36.2,27.6
2000,MS,5055,4678,34.1,31.5
2000,MS,3752,3884,33.3,34.5
2000,MS,2569,1837,39.5,28.3
2000,MS,12420,13907,25.1,28.1
2000,MS,12231,13656,25.3,28.2
2000,MS,8212,5543,38.1,25.7
2000,MS,9190,11182,24.5,29.8
2000,MS,4259,4616,20,21.7
2000,MS,5691,5775,33.3,33.8
2000,MS,8124,5114,40.7,25.6
2000,MS,12330,10586,33.5,28.7
2000,MO,2045,4464,15.4,33.5
2000,MO,8129,9470,29.5,34.3
2000,MO,1017,2250,20.4,45.2
2000,MO,7955,8184,36.3,37.4
2000,MO,6538,9580,26.6,38.9
2000,MO,1342,2907,20.5,44.5
2000,MO,3782,7471,20.6,40.8
2000,MO,5171,8123,21,32.9
2000,MO,3435,7753,14.9,33.6
2000,MO,1389,3022,21.3,46.4
2000,MO,535,1336,18.6,46.6
2000,MT,6272,15197,12.6,30.6
2000,MT,2691,8594,6.7,21.2
2000,MT,659,2098,9.8,31.2
2000,MT,3171,10742,8.6,29.3
2000,MT,3438,7931,14.9,34.3
2000,NE,32,182,5.8,33
2000,NE,4007,5380,26.4,35.5
2000,NE,168,592,11.1,39
2000,NE,529,1628,11.5,35.4
2000,NE,3106,7591,13.7,33.4
2000,NE,48,199,9.2,38
2000,NE,41,143,11.4,39.7
2000,NE,3787,7341,17.4,33.8
2000,NE,774,2116,15.4,42.2
2000,NE,3054,7231,15.3,36.2
2000,NE,4954,7196,20.4,29.6
2000,NE,137,322,13.6,31.9
2000,NE,561,1544,13.8,38
2000,NV,5591,8161,20.9,30.5
2000,NV,257,350,23.3,31.7
2000,NV,2139,3082,21.7,31.3
2000,NH,5434,9770,23.1,41.6
2000,NH,6507,16355,12.3,31
2000,NH,4782,10866,17,38.5
2000,NM,10378,9998,27.4,26.4
2000,NM,5700,7371,21.6,27.9
2000,NM,8153,11188,25,34.3
2000,NM,4189,5922,20.6,29.1
2000,NM,10958,9295,32.9,27.9
2000,NM,13578,10858,34.8,27.8
2000,NM,2536,2433,24.8,23.7
2000,NM,4284,5462,20.9,26.6
2000,NY,12171,17291,23.6,33.5
2000,NY,10463,11654,30.3,33.8
2000,NY,6605,13461,17,34.7
2000,NC,5705,4775,37.5,31.4
2000,NC,9192,10668,30.8,35.7
2000,NC,953,955,33.7,33.8
2000,NC,4395,5718,18.4,23.9
2000,ND,967,1462,23.1,34.9
2000,ND,298,616,15.9,32.9
2000,ND,2870,3955,20.1,27.8
2000,ND,2770,4959,18.9,33.9
2000,ND,4546,10397,12.6,28.9
2000,ND,2279,4143,17.5,31.8
2000,OH,5648,9186,26.5,43.1
2000,OH,4110,12739,16,49.7
2000,OK,3125,4506,24.1,34.7
2000,OK,6947,11097,23,36.8
2000,OK,2846,4766,18.8,31.4
2000,OK,6772,13552,17.8,35.6
2000,OK,3614,4644,20.9,26.9
2000,OK,5937,10330,19.1,33.2
2000,OK,7165,11017,23.8,36.5
2000,OK,4796,6983,21.8,31.7
2000,OK,3304,3370,28.1,28.6
2000,OK,2408,4575,20.1,38.2
2000,OR,8237,13727,18.4,30.7
2000,OR,2963,5191,18.3,32.1
2000,OR,7745,14275,18.5,34.1
2000,OR,4838,9273,15.1,29
2000,OR,2237,4818,14.4,31
2000,PA,5599,15107,17.8,47.9
2000,PA,6495,11224,26.8,46.3
2000,SD,1937,3958,17,34.8
2000,SD,1445,4190,9.8,28.3
2000,SD,3264,7250,14.2,31.6
2000,SD,2402,6242,14.7,38.1
2000,SD,1888,3971,16.1,33.9
2000,SD,786,991,26.4,33.3
2000,SD,1144,2989,10.5,27.5
2000,SD,225,637,12.3,34.9
2000,SD,161,406,15.1,38.1
2000,SD,1968,4820,13.9,34
2000,TN,8210,8178,33.7,33.6
2000,TN,6432,8728,29.5,40.1
2000,TN,922,1574,23.4,40
2000,TN,6412,9143,29,41.3
2000,TN,5644,5205,41,37.9
2000,TN,6517,7848,29.7,35.8
2000,TX,13713,10869,35.6,28.2
2000,TX,14465,14758,28.8,29.3
2000,TX,6095,8401,25.4,35
2000,TX,3458,3469,34.8,34.9
2000,TX,3043,4488,19.9,29.4
2000,TX,110,57,42.1,21.8
2000,TX,7482,10501,23.7,33.2
2000,TX,14738,4792,57.9,18.8
2000,TX,4339,3267,37.9,28.5
2000,TX,8741,9053,26.3,27.3
2000,TX,4105,1912,53.4,24.9
2000,TX,2943,3393,27.7,31.9
2000,TX,5833,4968,34.5,29.4
2000,TX,2586,3807,26.9,39.6
2000,TX,10864,6507,41.3,24.8
2000,UT,2288,3794,18.9,31.4
2000,UT,2775,4945,20.2,36
2000,VT,1098,2014,25,45.9
2000,VT,3000,7047,15.9,37.4
2000,VT,4828,13108,11.9,32.3
2000,VA,4643,3951,41.1,34.9
2000,VA,10161,10171,32.5,32.5
2000,VA,10020,7986,37.5,29.9
2000,VA,893,715,33.5,26.8
2000,WA,6632,12696,14.5,27.8
2000,WA,12026,12044,27.8,27.8
2000,WV,1498,2021,30.6,41.3
2000,WV,10101,18956,21.6,40.4
2000,WV,5163,8377,26.5,43
2000,WI,592,1614,16.3,44.3
2000,WY,2343,7106,11.7,35.3
2000,WY,3499,7658,15.2,33.2
2000,WY,2085,5180,11.6,28.8
2000,WY,2911,7994,12.6,34.7
2000,WY,679,2428,5.3,18.9
2000,WY,1744,4069,15.2,35.6
2000,AZ,912,1828,17.5,35.1
2000,AR,2794,3082,33.4,36.8
2000,AR,3242,3196,35.8,35.3
2000,AR,4796,4603,39.4,37.8
2000,AR,2295,3216,27.8,39
2000,AR,4824,5463,32.4,36.7
2000,AR,3469,2346,43.8,29.6
2000,AR,2391,2520,36.2,38.2
2000,AR,2033,2580,30.9,39.2
2000,AR,3755,4684,30.8,38.4
2000,AR,3328,4713,27.1,38.3
2000,AR,2595,3124,32,38.5
2000,GA,3597,4095,32.7,37.2
2000,GA,2108,2871,32.3,44
2000,GA,2655,1804,43.1,29.3
2000,GA,5191,4735,38.6,35.2
2000,GA,2001,2384,32.3,38.5
2000,GA,2950,2847,36.7,35.4
2000,GA,1638,1702,38.2,39.7
2000,GA,4322,5289,31.7,38.8
2000,GA,1332,1733,32.1,41.8
2000,ID,1262,2265,20,35.9
2000,ID,2402,3037,27.4,34.7
2000,IL,1925,5066,16.7,44
2000,IL,2383,3786,24.1,38.3
2000,IL,2894,5173,20.7,37
2000,IL,1508,1871,25.7,31.9
2000,IL,1147,2671,17.4,40.6
2000,IL,2015,4497,18.7,41.8
2000,IL,2417,5198,20.4,43.8
2000,IL,823,2319,16.4,46.2
2000,IL,2910,4065,24.8,34.7
2000,IN,2691,6703,19.8,49.2
2000,IN,1822,2989,25.8,42.3
2000,IA,1744,3871,18.6,41.2
2000,IA,1295,2616,17.8,36
2000,IA,1615,4681,14.1,40.9
2000,IA,1178,2844,16,38.6
2000,IA,1149,3119,14.2,38.6
2000,IA,967,2717,13.7,38.4
2000,IA,1139,3256,15.6,44.5
2000,IA,960,2391,17.8,44.3
2000,IA,1967,3965,19.3,39
2000,IA,880,1747,18.9,37.6
2000,IA,1093,2342,16.3,35
2000,IA,1615,5178,13.3,42.5
2000,IA,990,2956,12.7,38
2000,IA,1542,3867,15.6,39.1
2000,KS,1000,2631,14.5,38.1
2000,KS,1795,5164,13.6,39.3
2000,KS,707,1656,15.2,35.5
2000,KS,1341,1319,28.5,28
2000,KS,1839,3906,16.5,35.1
2000,KS,741,1452,15.2,29.8
2000,KS,1114,2251,16.6,33.6
2000,KS,901,1903,16.9,35.8
2000,KS,522,974,15.5,28.9
2000,KS,642,1052,19.5,32
2000,KY,4502,3509,39.9,31.1
2000,KY,2493,3816,26.9,41.2
2000,KY,2135,2596,33,40.2
2000,KY,3069,3473,33.5,37.9
2000,KY,1981,2256,32,36.5
2000,KY,3472,5167,29.5,43.9
2000,KY,4913,8093,23.1,38
2000,KY,3625,3617,29.1,29
2000,KY,2226,2751,31.2,38.5
2000,KY,5556,4705,42.2,35.8
2000,LA,2808,2585,36.6,33.7
2000,MI,1470,4412,15.2,45.6
2000,MI,3209,6827,18.6,39.5
2000,MI,2402,4016,23,38.4
2000,MI,1291,2754,20.6,43.9
2000,MN,1624,3317,18.4,37.6
2000,MN,1632,3108,19.6,37.2
2000,MN,1762,4371,13.9,34.4
2000,MN,1237,2949,15.9,38
2000,MN,2235,4168,19.8,37
2000,MN,1635,2929,19.6,35.1
2000,MN,1852,3340,20.5,36.9
2000,MN,1335,2614,18.1,35.4
2000,MS,4936,3697,40.6,30.4
2000,MS,4225,4262,31.4,31.7
2000,MS,8376,7881,34.5,32.4
2000,MS,2967,2508,37.9,32
2000,MS,5746,5629,32.3,31.7
2000,MS,3702,4559,27.1,33.4
2000,MS,3102,2283,41.6,30.6
2000,MS,5654,5049,35.1,31.3
2000,MS,4096,2175,45.6,24.2
2000,MS,4571,4496,35.3,34.8
2000,MS,4105,4293,31.8,33.3
2000,MS,2651,3207,31,37.6
2000,MO,4673,10190,17.1,37.3
2000,MO,3401,3621,33.7,35.9
2000,MO,2379,4805,22.2,44.8
2000,MO,1324,2892,21.3,46.6
2000,MO,4684,5096,36.4,39.6
2000,MO,5110,4129,41.8,33.8
2000,MO,4474,6203,28.6,39.7
2000,MT,1018,2830,15.5,43
2000,MT,2571,4948,19.8,38
2000,MT,1368,3555,12.4,32.3
2000,MT,1056,2266,16.5,35.4
2000,MT,1186,1979,19.4,32.4
2000,NE,1839,2425,28,37
2000,NE,1438,2738,21.3,40.5
2000,NE,1007,3114,12.5,38.8
2000,NE,929,2386,15.8,40.6
2000,NE,820,2249,13.4,36.9
2000,NE,715,2358,10.9,35.9
2000,NV,744,1318,20.8,36.8
2000,NM,981,1163,31.7,37.5
2000,NM,1122,1328,31.2,36.9
2000,NM,2140,3905,15.5,28.2
2000,NY,5041,11897,16.8,39.6
2000,NC,4974,7048,22.7,32.2
2000,NC,2740,3400,30.1,37.4
2000,ND,770,988,23.3,29.9
2000,OH,10185,6762,48.5,32.2
2000,OH,5291,7358,29.9,41.5
2000,OH,2646,7386,17.5,48.9
2000,OK,2870,3742,30.6,39.9
2000,OK,3163,3750,31,36.7
2000,OK,1002,1562,23.3,36.3
2000,OK,2847,3819,29.2,39.1
2000,OK,2091,2056,30.9,30.4
2000,OK,1762,2339,26.2,34.8
2000,OK,1567,2453,26.4,41.4
2000,OK,1110,2098,21.4,40.4
2000,OK,2203,3068,25.7,35.8
2000,OK,4282,5566,26.8,34.8
2000,OK,1544,2973,20.3,39.1
2000,OK,1036,1912,17.3,31.9
2000,PA,4211,12054,17.3,49.5
2000,PA,728,1885,20.6,53.2
2000,PA,6000,16235,19,51.4
2000,PA,2360,5738,19.4,47.2
2000,SC,3608,2892,35.3,28.3
2000,SD,1085,2259,20.5,42.6
2000,TN,4037,5005,34.2,42.4
2000,TN,2414,1941,44,35.3
2000,TN,5570,6171,35.2,39
2000,TX,1523,1249,38.5,31.5
2000,TX,2365,1103,50.1,23.4
2000,TX,2806,3256,29.8,34.6
2000,TX,3243,2390,40.3,29.7
2000,TX,1450,2286,22.6,35.6
2000,TX,2801,4561,23.2,37.7
2000,TX,3509,2111,43.8,26.4
2000,TX,1030,1019,30.1,29.8
2000,TX,919,1043,29.3,33.3
2000,TX,4876,5632,30,34.7
2000,TX,879,1074,27.9,34.1
2000,TX,1640,1942,29.5,35
2000,TX,1876,2722,28.3,41
2000,TX,2304,1491,39.3,25.4
2000,TX,1199,1246,30,31.2
2000,TX,5053,5773,31.1,35.5
2000,TX,1756,1146,40.6,26.5
2000,TX,3606,1295,56.6,20.3
2000,UT,579,1322,16.8,38.4
2000,UT,1474,2922,19,37.7
2000,UT,2214,1722,30.4,23.6
2000,VT,3400,7373,17.4,37.6
2000,VT,3891,9977,12.7,32.7
2000,VA,7498,7131,35.7,33.9
2000,VA,7393,7847,32.2,34.1
2000,VA,8005,6919,37.5,32.4
2000,VA,1893,1370,39.6,28.6
2000,WA,3230,4822,21.1,31.5
2000,WV,3122,5237,26.3,44.1
2000,WV,7592,6702,40.4,35.7
2000,WV,1663,3019,24.6,44.7
2000,WV,3863,6769,25.4,44.5
2000,WI,2115,4802,18.7,42.5
2000,WI,3543,7076,21.5,43
2000,WI,3951,9648,14.9,36.5
2000,WY,1733,3678,16.5,35
2000,WY,1283,2810,15.3,33.4
2000,WY,556,1270,15.8,36.1
2000,WY,492,1539,9.9,30.9
2000,WY,1093,3151,12.1,34.8
2000,WY,674,1831,14.8,40.2
2000,AL,3704,3670,35,34.7
2000,AL,3322,3690,34,37.8
2000,AL,3228,2414,40.5,30.3
2000,AR,2540,3477,26.7,36.5
2000,AR,2783,4440,24,38.3
2000,AR,2385,2997,31.2,39.2
2000,AR,1852,2353,32,40.6
2000,AR,2250,2100,39.4,36.7
2000,CO,867,1829,12.7,26.8
2000,CO,661,2060,7.7,24
2000,CO,151,396,13.8,36.1
2000,CO,182,591,6.6,21.6
2000,CO,553,964,18.4,32.1
2000,CO,448,1234,11.6,32
2000,CO,34,62,7.9,14.5
2000,CO,401,688,20.7,35.5
2000,CO,606,1115,18.3,33.6
2000,GA,1966,1620,43.7,36
2000,GA,2629,3737,24.6,35
2000,IL,1780,1396,36.7,28.8
2000,IA,1149,3002,14.6,38.1
2000,IA,802,2394,13.4,39.9
2000,IA,1259,3417,15.8,43
2000,IA,796,2221,16.7,46.6
2000,IA,920,2462,17.3,46.3
2000,KS,268,827,12.9,39.7
2000,KS,206,452,12.6,27.6
2000,KS,447,769,18.8,32.3
2000,KS,933,911,26.4,25.8
2000,KS,403,524,23.3,30.3
2000,KS,631,637,25.2,25.4
2000,KS,180,422,13.1,30.7
2000,KS,330,668,14.8,30
2000,KS,383,906,15,35.6
2000,KS,580,840,19.7,28.5
2000,KS,503,1617,12.9,41.5
2000,KS,441,834,17.2,32.5
2000,KS,557,946,17.1,29.1
2000,KS,368,881,15.7,37.6
2000,KS,1313,2581,18.9,37.2
2000,KY,983,1456,26.6,39.5
2000,KY,4435,3833,42.6,36.8
2000,KY,8131,4661,50.6,29
2000,KY,2189,1808,44,36.4
2000,KY,9100,7553,41.3,34.3
2000,KY,1329,1459,35.6,39.1
2000,KY,4055,2875,47.1,33.4
2000,KY,3904,2473,47.5,30.1
2000,KY,7029,5575,41.5,32.9
2000,KY,5053,3312,47.4,31
2000,KY,4367,3932,38.2,34.4
2000,LA,2666,2533,38.6,36.7
2000,LA,1548,1327,36.8,31.5
2000,LA,3234,2785,40.5,34.8
2000,MI,1814,3750,20.3,41.9
2000,MI,1323,3035,18.5,42.3
2000,MI,2467,5946,15.4,37.1
2000,MI,1183,2376,19.4,39
2000,MI,2211,3166,27.8,39.8
2000,MI,1206,1844,24.5,37.4
2000,MI,1503,3546,17.5,41.3
2000,MI,1913,3175,25.2,41.8
2000,MI,956,2566,16.2,43.5
2000,MI,2929,6585,19.5,43.8
2000,MN,719,1545,16.5,35.4
2000,MN,910,1740,20.2,38.5
2000,MN,1324,2386,20.9,37.8
2000,MS,3564,3469,35.6,34.6
2000,MS,2156,2015,34.9,32.7
2000,MS,1749,1817,32.5,33.8
2000,MS,3093,3189,33,34
2000,MS,2171,2280,32.3,33.9
2000,MO,898,1765,20,39.2
2000,MO,3569,4900,28.2,38.7
2000,MO,1323,1396,33.4,35.3
2000,MO,1202,2843,20.4,48.2
2000,MO,2510,2527,34.8,35.1
2000,MO,598,1393,20,46.6
2000,MO,1998,3163,28,44.3
2000,MO,1833,2926,27,43.1
2000,MO,729,1635,20,44.8
2000,MO,3443,3010,37.9,33.1
2000,MO,736,1414,23.2,44.6
2000,MO,1800,2395,32.4,43.1
2000,MO,873,2176,19,47.4
2000,MO,1343,2182,27.6,44.8
2000,MO,3748,3191,40.3,34.3
2000,MO,326,750,19.8,45.6
2000,MT,454,1215,14.8,39.7
2000,MT,505,1613,10.2,32.6
2000,MT,222,496,16.6,37.2
2000,NE,714,1970,14.5,39.9
2000,NE,32,98,10.5,32
2000,NE,27,157,6.6,38.6
2000,NE,644,1729,15.6,41.8
2000,NE,1024,2496,16.5,40.2
2000,NE,361,996,14.3,39.3
2000,NE,228,672,11.7,34.6
2000,NE,381,1014,14.2,37.9
2000,NE,79,295,10.9,40.6
2000,NE,1165,2556,18,39.6
2000,NE,738,1252,20.6,35
2000,NE,364,1004,16.3,45.1
2000,NE,279,751,12.9,34.8
2000,NE,519,1557,13.4,40.1
2000,NE,86,170,16.3,32.2
2000,NE,478,1150,16.4,39.5
2000,NV,150,315,21.1,44.3
2000,NV,1082,1647,24.1,36.6
2000,NM,575,770,21.6,29
2000,NM,1011,1061,30.2,31.7
2000,NC,2503,2488,32,31.8
2000,NC,5564,5910,31.4,33.3
2000,NC,1326,1521,31.6,36.3
2000,NC,3554,3720,31.4,32.9
2000,ND,143,206,22.2,32
2000,ND,931,1478,18.7,29.7
2000,ND,358,588,21.2,34.9
2000,ND,779,1217,20.4,31.9
2000,ND,341,608,19.6,34.9
2000,ND,539,771,22.5,32.2
2000,ND,564,769,22,29.9
2000,ND,498,645,25.2,32.6
2000,ND,814,1116,24.7,33.8
2000,ND,575,504,34,29.8
2000,ND,763,1185,20.9,32.5
2000,ND,954,1274,22.1,29.6
2000,ND,564,1051,18.9,35.2
2000,OH,1974,4406,21.4,47.8
2000,OK,843,1854,18.6,40.8
2000,OK,733,1414,18.8,36.3
2000,OK,487,655,23.4,31.5
2000,OK,1243,1467,31.4,37
2000,OK,670,1350,20.2,40.8
2000,OK,549,1116,18.8,38.2
2000,OK,499,1368,14.3,39.1
2000,OK,807,706,36.8,32.2
2000,OK,449,911,17.9,36.3
2000,OK,497,925,20.7,38.6
2000,OR,207,433,15.7,32.9
2000,OR,639,1872,12.5,36.7
2000,OR,236,425,20.6,37.2
2000,PA,839,2075,20.2,50
2000,SD,415,727,20.5,36
2000,SD,1054,1817,21,36.2
2000,SD,652,1107,23.4,39.8
2000,SD,870,1669,20,38.3
2000,SD,559,1306,18.1,42.2
2000,SD,727,668,31.2,28.6
2000,SD,474,615,26.3,34.1
2000,SD,706,1499,20.1,42.7
2000,SD,523,1002,19.9,38.1
2000,SD,224,421,19.5,36.7
2000,SD,339,674,20.4,40.6
2000,SD,112,320,13.8,39.5
2000,SD,710,1682,17.7,41.9
2000,SD,442,957,18.9,40.8
2000,SD,876,586,41.2,27.5
2000,SD,759,1039,24.4,33.4
2000,SD,379,735,19.2,37.3
2000,SD,1523,2347,24.2,37.2
2000,SD,309,695,17.3,38.9
2000,SD,935,1952,18.6,38.9
2000,TN,2339,2169,41.6,38.6
2000,TN,4819,4188,42.7,37.1
2000,TN,1286,1367,37.1,39.4
2000,TN,1419,1586,38,42.4
2000,TX,835,631,37.3,28.2
2000,TX,619,552,28.7,25.6
2000,TX,335,392,30,35.1
2000,TX,141,238,21.9,37
2000,TX,774,637,33.1,27.3
2000,TX,592,750,21.9,27.8
2000,TX,833,1289,23.3,36
2000,TX,581,607,27,28.2
2000,TX,62,178,10,28.6
2000,TX,1872,2404,30.1,38.6
2000,TX,530,529,26.9,26.9
2000,TX,1007,1102,28,30.6
2000,UT,103,223,16.3,35.3
2000,UT,943,2113,15.8,35.3
2000,VA,8887,5188,47.1,27.5
2000,WV,1353,1666,30,36.9
2000,WV,9402,6221,50,33.1
2000,WV,1910,2790,29.1,42.6
2000,WY,553,1479,14.2,38
2000,WY,446,1429,11,35.3
2000,AL,5165,6667,29.2,37.7
2000,AL,2984,3518,32.3,38.1
2000,AL,4020,5351,28.1,37.4
2000,AL,7962,7107,36.8,32.9
2000,AL,4939,5285,32.1,34.4
2000,AK,2330,3098,29,38.6
2000,AK,3605,9990,11.5,31.8
2000,AK,1194,2564,14.6,31.3
2000,AK,1239,1871,25.2,38.1
2000,AK,877,1361,22.6,35.1
2000,AK,978,1414,28,40.4
2000,AK,527,1417,9.4,25.3
2000,AK,738,1928,11.5,29.9
2000,AR,4325,6798,27.5,43.2
2000,AR,3706,4887,27.4,36.2
2000,CA,2220,3934,17.7,31.3
2000,CA,1046,1792,12.1,20.7
2000,CO,1489,2320,17.4,27.1
2000,CO,1360,3545,11.5,29.9
2000,CO,502,1512,5.9,17.8
2000,CO,1211,1660,23,31.6
2000,CO,2379,2796,23.1,27.2
2000,CO,2394,2468,28,28.9
2000,CO,1744,2386,21.9,30
2000,CO,1298,2146,20.5,33.8
2000,GA,749,604,42.2,34.1
2000,GA,2881,3168,36.4,40.1
2000,ID,558,1616,14.5,42.1
2000,ID,938,1684,17.5,31.3
2000,IL,1798,3550,16.6,32.8
2000,IL,1536,2665,17.8,30.9
2000,IA,2299,5597,16.3,39.8
2000,IA,2376,4739,21.5,42.8
2000,IA,1686,4553,14.4,38.9
2000,IA,3569,6111,19.6,33.6
2000,IA,2050,4794,15.9,37.3
2000,KS,1567,3328,16.9,35.8
2000,KS,551,1681,11.9,36.2
2000,KS,633,1571,15.2,37.6
2000,KS,654,1541,15.6,36.8
2000,KS,875,1763,13.7,27.7
2000,KS,578,1551,13.4,35.9
2000,KS,362,1506,7.3,30.3
2000,KY,10973,8492,38.7,29.9
2000,KY,5702,5525,36.2,35.1
2000,KY,4068,3050,43.6,32.7
2000,KY,8162,6149,41.7,31.4
2000,KY,17647,15840,38.2,34.3
2000,LA,2332,1731,42.1,31.2
2000,LA,5178,4904,38.6,36.5
2000,ME,11868,19799,23.1,38.5
2000,ME,3545,10306,12.5,36.4
2000,ME,4729,9832,20.1,41.9
2000,MA,583,1937,8.4,27.8
2000,MI,2451,6158,14,35.1
2000,MI,3366,7533,18.1,40.6
2000,MI,2346,6658,11,31.3
2000,MI,1787,4735,14.5,38.5
2000,MI,5422,10712,21.7,42.9
2000,MI,4359,7951,22.1,40.2
2000,MI,3798,6058,25,39.9
2000,MI,2250,5629,14.5,36.4
2000,MI,3888,7429,20.5,39.2
2000,MN,2428,5661,16.3,37.9
2000,MN,1819,3911,17.5,37.7
2000,MN,903,1973,15.6,34.1
2000,MO,1504,2817,21,39.4
2000,MO,1214,2920,19.9,47.9
2000,MO,1852,4549,20,49
2000,MO,3082,5257,23.4,39.9
2000,MT,625,1693,10.7,29.1
2000,MT,1183,2327,15.1,29.8
2000,MT,1066,1879,17.3,30.5
2000,MT,1132,3049,13.7,36.8
2000,MT,1580,2012,21.4,27.3
2000,MT,1323,3222,13.2,32.1
2000,MT,757,1435,18.4,34.9
2000,MT,680,1253,19,35.1
2000,MT,861,2122,16.1,39.7
2000,NE,938,2947,11.9,37.5
2000,NE,607,1291,14.8,31.4
2000,NE,867,2308,13.3,35.3
2000,NE,656,1309,13.1,26.1
2000,NE,1199,3190,15.5,41.2
2000,NE,710,1628,14.5,33.2
2000,NE,904,2620,12.1,35
2000,NE,1189,2745,18.2,42
2000,NV,807,1277,22.9,36.2
2000,NV,1112,2153,18,34.8
2000,NM,1828,3258,19.2,34.2
2000,NM,1825,2562,26.2,36.8
2000,NM,561,1223,20.1,43.9
2000,NC,4756,4819,36.2,36.7
2000,ND,1212,1792,21,31
2000,ND,1614,2047,19.9,25.2
2000,OK,6729,7913,30.8,36.2
2000,OR,2304,3672,19.7,31.4
2000,OR,962,1967,18.8,38.3
2000,SD,834,1640,19.8,38.9
2000,SD,895,1501,21.9,36.8
2000,TX,1182,1163,21.4,21.1
2000,TX,1813,1601,35,30.9
2000,TX,1007,770,37.9,29
2000,TX,1295,1188,35,32.1
2000,TX,938,1402,22.7,33.9
2000,TX,440,639,20.1,29.2
2000,TX,2233,4427,16.5,32.6
2000,TX,1674,1493,30.8,27.4
2000,TX,3702,2904,37.5,29.4
2000,TX,2380,857,55.3,19.9
2000,TX,1791,1898,27.7,29.3
2000,TX,938,784,35.6,29.8
2000,TX,3421,3938,27.9,32.1
2000,UT,959,1471,17.5,26.8
2000,UT,897,2073,13.3,30.6
2000,UT,1484,3594,14.2,34.3
2000,VT,3876,7260,21.8,40.8
2000,VA,7556,7992,32.5,34.4
2000,WI,1697,4322,15.9,40.5
2000,WI,1828,4464,16.3,39.7
2000,WY,2124,5208,12.4,30.4
2000,WY,913,2323,15.1,38.5
2000,WY,785,1844,14.4,33.8
2000,AK,87,266,11.1,34
2000,AK,620,900,23.4,33.9
2000,AK,184,517,11.1,31.1
2000,AK,1038,1269,33.7,41.2
2000,AK,487,1296,13.2,35.1
2000,AK,952,1459,25.7,39.4
2000,CA,1770,4102,12,27.7
2000,CO,678,1082,21.5,34.3
2000,CO,922,1415,22.8,35.1
2000,CO,227,498,15.9,34.8
2000,CO,1391,1685,27.9,33.8
2000,CO,798,685,31.8,27.3
2000,CO,317,440,24,33.3
2000,CO,149,385,13.7,35.5
2000,CO,53,179,8.4,28.4
2000,CO,1128,933,30,24.8
2000,CO,303,717,6.4,15.1
2000,FL,1508,1904,31.8,40.1
2000,GA,790,787,35.7,35.5
2000,GA,598,711,33.9,40.3
2000,GA,1730,2316,24.9,33.4
2000,GA,3285,4471,25.8,35.1
2000,ID,473,923,19.2,37.4
2000,ID,209,142,36,24.5
2000,IL,852,1875,17.7,38.9
2000,IL,1097,1000,31.9,29.1
2000,IA,484,1297,15.5,41.4
2000,IA,966,2192,18.3,41.5
2000,IA,650,1679,17.2,44.4
2000,IA,758,2169,16.1,45.9
2000,KS,518,1196,14.2,32.8
2000,KS,327,806,14.5,35.7
2000,KS,125,535,8.7,37.2
2000,KS,337,991,13.6,40
2000,KS,329,746,15.5,35.2
2000,KS,348,724,16.4,34.1
2000,KS,160,288,16.3,29.3
2000,KS,347,1106,12.4,39.5
2000,KS,172,508,11.5,34.1
2000,KS,273,797,13.3,38.7
2000,KS,392,748,18.1,34.5
2000,KS,389,912,15.6,36.5
2000,KS,472,1256,15.2,40.3
2000,KS,330,743,15.3,34.5
2000,KS,484,1760,11.4,41.4
2000,KS,232,698,12.2,36.6
2000,KS,514,1267,15.4,38
2000,KS,323,455,22,31
2000,KS,181,416,16,36.7
2000,KS,858,1744,18.8,38.1
2000,KS,362,534,22.3,32.9
2000,KS,443,1072,16.6,40.2
2000,KY,4414,3239,42.5,31.2
2000,KY,3066,2085,46.5,31.6
2000,KY,2098,1372,47.4,31
2000,KY,4719,3525,41.3,30.8
2000,KY,2640,1660,49.1,30.8
2000,KY,4198,2369,49.9,28.2
2000,KY,3601,2324,46,29.7
2000,KY,1646,907,50.8,28
2000,KY,2119,1406,46.4,30.8
2000,MI,1893,3715,19.2,37.6
2000,MI,1768,2719,26.3,40.5
2000,MN,849,1627,21,40.2
2000,MN,438,1103,11.3,28.5
2000,MN,745,1262,20.3,34.5
2000,MN,1086,2125,19.2,37.7
2000,MN,485,1181,15.4,37.4
2000,MN,506,1129,17.8,39.6
2000,MO,463,1230,17.5,46.5
2000,MO,1615,1842,34.8,39.7
2000,MT,884,1161,21.3,28
2000,MT,158,339,16.7,35.8
2000,MT,216,532,14.7,36.3
2000,MT,277,839,14.3,43.4
2000,MT,133,338,15.3,38.8
2000,MT,367,368,25,25
2000,MT,191,525,13.9,38.2
2000,MT,57,119,17.1,35.7
2000,MT,546,1102,17.6,35.5
2000,MT,211,399,16.6,31.4
2000,MT,194,295,21.2,32.3
2000,MT,862,1993,15.6,36
2000,MT,551,924,18.8,31.5
2000,MT,276,880,11.1,35.4
2000,MT,467,465,31,30.8
2000,MT,171,257,23.2,34.8
2000,NE,288,729,17,42.9
2000,NE,413,926,16.7,37.4
2000,NE,380,1104,13.6,39.6
2000,NE,223,544,14.7,35.9
2000,NE,287,504,17.6,30.9
2000,NE,595,1497,15.8,39.8
2000,NE,249,679,14.8,40.3
2000,NE,260,503,18.9,36.6
2000,NE,48,154,9.7,31.2
2000,NE,313,821,14.4,37.7
2000,NE,58,231,10.3,41.1
2000,NE,121,246,17.8,36.1
2000,NE,40,208,8.2,42.7
2000,NE,554,1427,15.5,40
2000,NE,157,521,12.6,41.9
2000,NE,590,1539,13.9,36.4
2000,NE,822,1602,19.1,37.2
2000,NE,504,1251,15.3,38.1
2000,NE,53,215,9.2,37.3
2000,NM,438,475,27.7,30
2000,NM,169,194,27.8,31.9
2000,NC,4732,6161,26.7,34.8
2000,NC,1549,2221,23.5,33.8
2000,NC,1777,2026,31.6,36
2000,ND,318,667,16.9,35.4
2000,ND,1023,1177,26.2,30.2
2000,ND,408,735,17.8,32.1
2000,ND,734,1051,21.2,30.4
2000,ND,474,540,24.5,27.9
2000,ND,161,435,12.6,34
2000,ND,424,650,21.3,32.6
2000,ND,1050,667,40.7,25.9
2000,ND,1192,1885,20.2,31.9
2000,ND,1949,1970,26.3,26.6
2000,ND,412,400,32.2,31.3
2000,ND,94,196,17.5,36.4
2000,ND,372,695,18.1,33.8
2000,ND,1019,1148,27.4,30.9
2000,OK,2433,2780,31,35.4
2000,OR,147,480,10.7,35.1
2000,OR,841,2023,15.5,37.3
2000,OR,1058,1734,20.4,33.4
2000,SD,565,547,28.7,27.7
2000,SD,636,1067,18.9,31.7
2000,SD,342,319,36.1,33.6
2000,SD,260,417,20.8,33.3
2000,SD,1438,1964,25.3,34.6
2000,SD,538,848,24,37.9
2000,SD,702,1000,22.6,32.2
2000,SD,752,1311,22.3,38.9
2000,SD,104,292,12.2,34.4
2000,SD,262,413,21.9,34.4
2000,SD,1082,1305,25.9,31.3
2000,TN,2999,3293,36.4,39.9
2000,TX,298,359,25.2,30.4
2000,TX,455,411,33.9,30.6
2000,TX,781,492,43.9,27.6
2000,TX,467,416,32.9,29.3
2000,TX,967,830,38.3,32.8
2000,TX,395,296,25.3,19
2000,TX,50,59,21.9,25.9
2000,TX,936,951,33.2,33.7
2000,TX,521,601,25.5,29.4
2000,TX,7,19,13.7,37.3
2000,TX,155,216,25.3,35.2
2000,TX,508,515,30.6,31
2000,TX,262,332,26.5,33.6
2000,TX,351,459,29,37.9
2000,TX,214,202,29.1,27.4
2000,TX,288,426,22.6,33.5
2000,UT,401,921,14.2,32.6
2000,UT,128,328,14.3,36.7
2000,UT,171,393,11.5,26.3
2000,VA,4702,4928,35.9,37.7
2000,VA,2262,2468,25.6,27.9
2000,VA,3408,2942,36.6,31.6
2000,VA,2279,2933,24.1,31
2000,VA,2624,2047,40,31.2
2000,WA,823,1634,17.3,34.4
2000,WA,597,1997,5.6,18.7
2000,WV,2297,3382,29.2,43
2000,WV,2801,2439,41.8,36.4
2000,WI,1439,2859,21.5,42.7
2000,WI,835,1951,16.3,38.1
2000,WI,1959,4831,17.6,43.4
2000,WI,1735,4531,15.3,39.9
2000,WI,2280,6233,14.6,39.8
2000,WY,1235,2506,16.8,34.1
2000,WY,220,673,12.7,38.9
2000,US,35715625,52168981,19.6,28.6
2000,AL,714081,877216,24.7,30.4
2000,AK,44282,105812,11.7,27.9
2000,AZ,619547,791904,19,24.3
2000,AR,427449,590416,24.7,34.1
2000,CA,4942743,4288452,23.2,20.1
2000,CO,363039,644360,13.1,23.2
2000,CT,367656,653300,16,28.5
2000,DE,89536,161760,17.4,31.4
2000,DC,85249,79169,22.2,20.6
2000,FL,2219948,3165748,20.1,28.7
2000,GA,1111349,1486006,21.4,28.7
2000,HI,123811,228832,15.4,28.5
2000,ID,120361,224322,15.3,28.5
2000,IL,1480443,2212291,18.6,27.7
2000,IN,695540,1447734,17.9,37.2
2000,IA,263436,683942,13.9,36.1
2000,KS,237799,507612,14,29.8
2000,KY,685000,888277,25.9,33.6
2000,LA,699052,899354,25.2,32.4
2000,ME,127288,314600,14.6,36.2
2000,MD,565086,933836,16.2,26.7
2000,MA,651093,1165489,15.2,27.3
2000,MI,1064133,2010861,16.6,31.3
2000,MN,381345,912672,12.1,28.8
2000,MS,477030,516091,27.1,29.4
2000,MO,679095,1189670,18.7,32.7
2000,MT,75358,183415,12.8,31.3
2000,NE,145861,339952,13.4,31.3
2000,NV,253374,384270,19.3,29.3
2000,NH,103754,247723,12.6,30.1
2000,NJ,1014477,1661493,17.9,29.4
2000,NM,239981,301746,21.1,26.6
2000,NY,2626324,3480768,20.9,27.8
2000,NC,1154724,1502978,21.9,28.4
2000,ND,65956,113931,16.1,27.9
2000,OH,1262085,2674551,17,36.1
2000,OK,427233,693607,19.4,31.5
2000,OR,334811,591229,14.9,26.3
2000,PA,1496105,3150013,18.1,38.1
2000,RI,153086,192914,22,27.8
2000,SC,614279,778054,23.7,30
2000,SD,73180,156006,15.4,32.9
2000,TN,901684,1182699,24.1,31.6
2000,TX,3114561,3176743,24.3,24.8
2000,UT,147011,294426,12.3,24.6
2000,VT,54896,130804,13.6,32.4
2000,VA,864610,1212463,18.5,26
2000,WA,494336,953544,12.9,24.9
2000,WV,305814,486334,24.8,39.4
2000,WI,518417,1201813,14.9,34.6
2000,WY,38317,97779,12.1,31
2019,AL,3386,7256,20.9,44.9
2019,AL,7763,13299,19.5,33.4
2019,AL,5474,13348,18.2,44.4
2019,AL,44684,118636,9.9,26.4
2019,AL,9488,21849,15.4,35.6
2019,AL,10658,28835,7.3,19.8
2019,AL,8141,16796,18.2,37.5
2019,AZ,353350,644671,12.3,22.4
2019,AZ,42607,87608,14.2,29.3
2019,AR,5385,10768,17.4,34.8
2019,CA,135524,205980,11.6,17.6
2019,CA,82921,135825,10.5,17.3
2019,CA,9029,29137,6.6,21.3
2019,CA,1437059,1419449,20.9,20.6
2019,CA,12759,20018,6.7,10.5
2019,CA,315045,373447,14.5,17.2
2019,CA,14777,48614,5.5,18
2019,CA,280136,418902,18,26.9
2019,CA,126265,230622,12.3,22.4
2019,CA,7616,9644,19.5,24.8
2019,CA,270241,355250,20,26.3
2019,CA,282031,409613,12.6,18.2
2019,CA,80204,83795,11.5,12.1
2019,CA,57386,81909,10.4,14.9
2019,CA,155203,188180,11.6,14.1
2019,CA,17179,23086,13.5,18.1
2019,CO,52590,92779,16.2,28.6
2019,CO,32339,91255,7.4,20.8
2019,CO,102,1613,1.4,21.9
2019,CO,60938,85694,12,16.8
2019,CO,4158,26712,1.9,12
2019,CO,600,4422,3.3,24.1
2019,CO,76,1055,1.5,21.4
2019,CO,22750,84160,5.5,20.3
2019,CO,327,4373,2.3,30.9
2019,CT,64286,165917,10.3,26.6
2019,CT,6904,30810,5.8,25.8
2019,CT,4786,25936,5,27
2019,DE,32032,118233,8.4,30.8
2019,DC,44850,83185,9.1,16.8
2019,FL,2726,8115,14.3,42.6
2019,FL,150481,372500,11,27.3
2019,FL,11852,44850,8.2,31
2019,FL,65245,177939,10.2,27.8
2019,FL,16900,49113,12.1,35.2
2019,FL,110378,264095,11.3,27.1
2019,FL,26877,82048,10.5,32.1
2019,FL,355100,522159,18.6,27.3
2019,FL,5316,19369,8.7,31.7
2019,FL,103704,220379,11.5,24.4
2019,FL,30805,72560,13.3,31.3
2019,FL,123394,257316,11.5,24
2019,FL,40030,126435,10.5,33.2
2019,FL,64593,207322,8.7,28
2019,FL,8976,37117,5.2,21.4
2019,FL,18561,68681,5.7,21.1
2019,GA,8031,17703,15.5,34.1
2019,GA,11501,23463,16.4,33.4
2019,GA,3295,7593,19.4,44.7
2019,GA,11397,24742,15.4,33.4
2019,GA,13131,37271,7.9,22.4
2019,GA,26680,59157,15.2,33.6
2019,GA,39843,93253,7.9,18.5
2019,GA,10388,27378,10.8,28.6
2019,GA,2247,5102,12.8,29.1
2019,GA,54396,106359,10.7,20.9
2019,GA,11300,28110,12.2,30.4
2019,GA,3559,15941,4.7,20.9
2019,GA,10430,23028,7,15.6
2019,GA,52085,124030,7.4,17.7
2019,GA,71956,130107,12.3,22.3
2019,GA,3736,7186,18.8,36.1
2019,GA,1646,3651,20.3,45.1
2019,GA,12763,46090,8.8,31.7
2019,GA,1662,3676,17.2,38.1
2019,GA,1573,4789,13,39.4
2019,GA,3005,5892,20.3,39.8
2019,GA,1582,4620,12.3,36
2019,GA,9260,23398,13.4,33.8
2019,GA,10991,34001,10.6,32.9
2019,GA,3351,7192,14.7,31.5
2019,GA,1477,5214,11.8,41.8
2019,GA,6640,18584,11.2,31.5
2019,GA,8078,17735,18.1,39.8
2019,GA,7982,21932,13.1,36
2019,IL,1266,3888,10.8,33.1
2019,IL,294,1516,8.4,43.4
2019,IL,2649,8516,9.9,31.9
2019,IL,461880,829451,12.9,23.1
2019,IL,4727,15289,7.7,24.9
2019,IL,44483,115986,7,18.2
2019,IL,2296,11417,6.8,33.8
2019,IL,1182,5920,7.7,38.8
2019,IL,53281,78727,15.4,22.7
2019,IL,5986,18127,7.6,22.9
2019,IL,42861,95007,9.4,20.8
2019,IL,14270,55175,6.9,26.5
2019,IL,2805,12850,8.7,39.8
2019,IL,13961,55164,7.5,29.8
2019,IL,974,6674,4,27.6
2019,IL,15958,50187,8.9,28.1
2019,IL,40481,121538,9,26.9
2019,IN,2749,8436,6.3,19.5
2019,IN,903,3756,7.9,32.9
2019,IN,8522,27939,10.6,34.6
2019,IN,3556,13327,10.4,38.9
2019,IN,4899,16416,9.2,30.9
2019,IN,6748,31346,3.2,14.9
2019,IN,3666,16857,7.1,32.7
2019,IN,3236,11097,11.6,39.6
2019,IN,6540,29955,6,27.5
2019,IN,2654,9735,11.8,43.2
2019,IN,8090,31891,7.9,31.1
2019,IN,37191,114960,11.3,35.1
2019,IN,10441,35520,11.6,39.4
2019,IN,87377,175257,13.9,28
2019,IN,5736,18964,11.9,39.3
2019,IN,1412,4239,14.3,42.8
2019,IN,541,1889,12.4,43.1
2019,IN,7417,40530,6.4,35
2019,IN,2762,10512,11.1,42.4
2019,IN,2760,7158,16.8,43.5
2019,IN,3911,13101,12.7,42.4
2019,IN,633,2184,12.6,43.4
2019,IN,2890,8330,15,43.1
2019,KS,16130,57706,4,14.5
2019,KS,4268,15417,7.8,28.3
2019,KS,702,2658,10.3,38.9
2019,KS,917,7216,4,31.8
2019,KS,22058,33514,21.1,32.1
2019,KY,5877,23573,6.9,27.5
2019,KY,817,2655,14.3,46.4
2019,KY,6444,23261,11.5,41.6
2019,KY,5888,17981,9.2,28.2
2019,KY,1100,2581,18.8,44.2
2019,KY,2159,7631,13.4,47.4
2019,KY,1620,4491,14.9,41.2
2019,KY,49799,141612,9.4,26.7
2019,KY,11406,32272,10.1,28.7
2019,KY,2690,9008,6.2,20.7
2019,KY,1628,4408,16.2,43.8
2019,KY,4368,9809,13.5,30.3
2019,KY,1250,4713,9.6,36.3
2019,KY,1034,2784,17.2,46.3
2019,LA,43782,94119,14.3,30.8
2019,LA,37349,63287,13.5,22.8
2019,LA,2493,5435,16.3,35.5
2019,LA,5999,9879,19.8,32.6
2019,LA,3513,12147,10,34.5
2019,LA,2142,6020,14.6,41.1
2019,LA,3998,11146,13.9,38.8
2019,LA,16481,46450,9.5,26.6
2019,MD,29790,93242,7.6,23.7
2019,MD,49009,148205,8.5,25.8
2019,MD,3316,18963,5.3,30.3
2019,MD,8471,34296,7.3,29.4
2019,MD,7471,25643,10.5,36.1
2019,MD,7282,33815,6.8,31.7
2019,MD,12801,41274,7.5,24.1
2019,MD,12824,45434,7.3,26
2019,MD,9716,28992,4.5,13.5
2019,MD,64699,96230,9,13.4
2019,MD,81715,159137,13.3,25.8
2019,MD,2389,10146,6.8,28.9
2019,MD,62652,123310,14.8,29.1
2019,MA,56196,117579,14.3,29.9
2019,MA,58243,136027,10.7,25.1
2019,MA,73690,213958,6.6,19
2019,MA,29865,94532,6.1,19.2
2019,MA,25364,99923,7.1,27.8
2019,MA,75529,122379,13.7,22.1
2019,MI,5696,22360,9.1,35.8
2019,MI,6416,34315,4.8,25.8
2019,MI,61725,182237,10.1,29.7
2019,MI,51745,164499,5.9,18.6
2019,MI,10405,38403,9.2,34
2019,MI,159772,355540,13.5,30.1
2019,MN,14357,66574,6,27.9
2019,MN,2570,12064,3.9,18.2
2019,MN,2060,12968,5.4,33.8
2019,MN,14070,58133,4.9,20.4
2019,MN,57577,141681,6.7,16.4
2019,MN,2026,9374,7.5,34.6
2019,MN,1184,6926,6.1,35.8
2019,MN,1810,6876,10.2,38.6
2019,MN,35294,75759,9.7,20.9
2019,MN,5000,20804,5.3,22.2
2019,MN,3322,17580,5.4,28.5
2019,MN,961,4044,9.3,39.2
2019,MN,6801,36185,3.9,21
2019,MN,4418,25490,5.1,29.4
2019,MS,1561,1900,27.4,33.4
2019,MS,11177,34159,9.6,29.2
2019,MS,4389,9484,17.9,38.8
2019,MS,3167,6599,17,35.4
2019,MS,1098,2231,16.5,33.4
2019,MO,1422,4972,12.6,44.2
2019,MO,631,2702,10.2,43.7
2019,MO,5342,23875,7.6,33.9
2019,MO,10894,46381,6.7,28.4
2019,MO,1135,5655,8,40
2019,MO,8267,23359,11.6,32.7
2019,MO,44433,133888,9.4,28.3
2019,MO,16785,48863,10.9,31.6
2019,MO,2143,9871,9.4,43.5
2019,MO,3930,15817,10.5,42.3
2019,MO,2885,15093,4.2,22.1
2019,MO,1885,7149,11.9,45.1
2019,MO,13953,65883,5.2,24.6
2019,MO,44903,146332,6.5,21.2
2019,MO,2671,8887,11.3,37.6
2019,MO,26828,52444,12.2,23.9
2019,NV,207228,424198,13.9,28.5
2019,NH,10847,56498,4.9,25.4
2019,NH,6097,23313,7.2,27.6
2019,NJ,49161,148853,7.5,22.7
2019,NJ,19630,88177,6.3,28.1
2019,NJ,39407,102941,11.3,29.5
2019,NJ,74374,149902,13.9,28
2019,NJ,14285,64305,7.1,32
2019,NJ,72615,120211,15.2,25.1
2019,NJ,4457,18617,5,21
2019,NJ,57834,143647,10.2,25.3
2019,NJ,28643,102013,6.6,23.4
2019,NJ,18978,69396,5.5,20.1
2019,NJ,32816,139398,8,34
2019,NJ,54276,115311,16.3,34.5
2019,NJ,4924,16934,11.2,38.4
2019,NJ,12561,46588,5.5,20.3
2019,NJ,5190,30944,5.1,30.6
2019,NJ,51403,107758,13.6,28.6
2019,NY,253249,259572,27.2,27.9
2019,NY,18362,55135,8.9,26.8
2019,NY,52928,178202,8.2,27.6
2019,NY,313615,458191,17.6,25.7
2019,NY,4009,13617,9.4,31.9
2019,NY,49395,119716,9.6,23.4
2019,NY,81146,213909,8.6,22.7
2019,NY,158971,155198,12.7,12.4
2019,NY,13277,50066,8.8,33.2
2019,NY,4704,20395,6.1,26.4
2019,NY,24903,71028,10.3,29.3
2019,NY,3620,11300,12.3,38.3
2019,NY,4930,19139,7,27.1
2019,NY,295810,453171,18,27.5
2019,NY,37207,100452,11.3,30.4
2019,NY,24008,45877,11.8,22.5
2019,NY,97090,281922,9.4,27.3
2019,NY,6934,21531,10.8,33.7
2019,NY,79762,128492,11.9,19.2
2019,NY,2272,5443,13.6,32.6
2019,NC,13791,34462,10.1,25.2
2019,NC,1784,5410,9.5,28.8
2019,NC,6372,13734,13.8,29.8
2019,NC,22997,46499,15.2,30.7
2019,NC,915,3171,10.9,37.9
2019,NC,12967,34094,10.7,28.3
2019,NC,17163,36367,13.1,27.8
2019,NC,7166,18360,12.1,31.1
2019,NC,70077,122512,9.7,17
2019,NC,13881,31514,14.4,32.6
2019,NC,15286,36207,10.4,24.6
2019,NC,49941,107848,7,15.1
2019,OH,3687,13851,12.1,45.6
2019,OH,22809,80103,9.4,32.9
2019,OH,13727,45549,9.8,32.4
2019,OH,89084,242977,10.2,27.8
2019,OH,4754,24084,3.6,18.3
2019,OH,7669,35512,7.4,34
2019,OH,76076,211911,8.8,24.6
2019,OH,6296,16261,9.8,25.3
2019,OH,47402,144418,8.6,26.3
2019,OH,2181,9102,10.9,45.6
2019,OH,12724,52666,7.7,31.8
2019,OH,9968,40297,8.5,34.3
2019,OH,21937,65829,10.3,31
2019,OH,4125,13160,13,41.6
2019,OH,6142,38487,4.9,31
2019,OH,2977,10627,12.3,43.9
2019,OH,3127,11707,12.7,47.5
2019,OH,5162,17146,12.8,42.6
2019,OH,2510,12243,6.6,32
2019,OH,9494,39740,6.2,25.8
2019,OK,7994,27718,8.6,29.8
2019,OK,14531,43903,8.2,24.7
2019,OK,3704,14993,9.9,40.3
2019,OK,3030,9703,12.8,40.8
2019,OK,3033,9988,9.9,32.5
2019,OK,2584,8580,9.9,32.8
2019,OK,64784,131920,12.6,25.7
2019,OR,19240,61576,6.6,21.2
2019,OR,3192,12441,8.7,33.8
2019,OR,50082,99565,8.5,17
2019,OR,31602,70243,7.8,17.4
2019,OR,7799,17361,11.1,24.6
2019,PA,47938,238315,5.4,27
2019,PA,4710,23798,9.7,49
2019,PA,8396,44646,6.9,36.8
2019,PA,27338,126009,6.1,28.2
2019,PA,6783,43502,5.1,32.7
2019,PA,22448,73586,6.4,20.8
2019,PA,26530,115782,6.9,30.2
2019,PA,11129,46167,11.6,48
2019,PA,32321,136438,5.6,23.6
2019,PA,164444,349875,15.3,32.6
2019,PA,2881,14104,7,34.3
2019,PA,10225,55609,6.9,37.3
2019,PA,14630,96195,5.6,36.9
2019,RI,3097,6630,9.1,19.4
2019,RI,9477,33877,7.8,28
2019,RI,3660,13445,6,22.1
2019,RI,61855,134675,14.2,31
2019,RI,4378,19760,5.1,22.8
2019,SC,4026,8844,17.9,39.3
2019,SC,9301,19753,14.1,29.9
2019,SC,16442,44899,9.2,25.1
2019,TN,1568,4620,15.5,45.6
2019,TN,3674,10484,13,37.1
2019,TN,51843,104775,10.9,22.1
2019,TN,5934,15227,16.3,41.8
2019,TN,4071,9478,13.8,32.1
2019,TN,3745,7739,21.4,44.3
2019,TN,3160,7321,19.7,45.7
2019,TN,6262,22713,9.8,35.7
2019,TN,6142,18221,12.8,38.1
2019,TN,16308,55158,8.2,27.8
2019,TN,70992,168598,11.6,27.5
2019,TN,2008,6340,14.7,46.5
2019,TN,12890,38859,10.3,30.9
2019,TN,5015,15456,12.2,37.6
2019,TN,1120,2762,15.6,38.4
2019,TN,6828,19402,4.7,13.3
2019,TN,7895,27218,8.4,29
2019,TX,7205,12168,22.9,38.7
2019,TX,3246,5899,16,29.2
2019,TX,1807,5463,10.7,32.3
2019,TX,10040,16876,18.1,30.4
2019,TX,197394,316364,15.8,25.4
2019,TX,28407,60073,12.1,25.5
2019,TX,5941,10336,21.8,37.9
2019,TX,2994,7039,11.5,27
2019,TX,39451,95753,6.2,15
2019,TX,7291,24695,7.4,25
2019,TX,344888,377558,20.7,22.6
2019,TX,41035,97623,7.5,17.8
2019,TX,15428,30952,13.8,27.7
2019,TX,46011,87576,9.4,17.9
2019,TX,24521,55542,11,24.9
2019,TX,11792,31836,11.3,30.5
2019,TX,550911,693463,18.6,23.4
2019,TX,12697,29833,9.9,23.3
2019,TX,4445,12630,10.6,30
2019,TX,9604,21111,15.5,34
2019,TX,15612,39142,14.3,35.9
2019,TX,11305,25708,14.2,32.4
2019,TX,2164,6162,7.2,20.6
2019,TX,12291,20533,22.7,37.8
2019,TX,5659,10417,16.8,31
2019,TX,45780,85201,12.3,22.8
2019,TX,10219,25888,11.4,28.8
2019,TX,4591,11825,7.3,18.7
2019,TX,647,2408,10.4,38.5
2019,TX,182491,314880,13.9,24
2019,TX,89931,139014,10.7,16.5
2019,TX,5002,9297,17.5,32.5
2019,TX,24500,74262,6.8,20.5
2019,TX,4114,11940,12.4,36.1
2019,TX,6533,15461,14.7,34.8
2019,UT,65628,161676,9.2,22.6
2019,UT,3418,11466,8.7,29.3
2019,VA,1497,3787,16.1,40.8
2019,VA,9794,13487,5.7,7.8
2019,VA,3042,7685,14.9,37.7
2019,VA,1107,2092,20.3,38.3
2019,VA,17713,54442,7.7,23.6
2019,VA,1131,3067,10.9,29.6
2019,VA,4772,10712,13.9,31.2
2019,VA,3453,7382,16.8,36
2019,VA,58665,99809,7.5,12.8
2019,VA,3610,12768,7.5,26.6
2019,VA,2821,8762,10.4,32.4
2019,VA,1475,4083,8.6,23.8
2019,VA,5018,18615,6.9,25.5
2019,VA,18757,48174,8.3,21.2
2019,VA,3182,7345,12.1,27.9
2019,VA,2672,9674,4.9,17.8
2019,VA,912,3944,7.9,34.3
2019,VA,15519,31378,6.1,12.4
2019,VA,656,2132,9.5,30.8
2019,VA,1148,5412,7.3,34.5
2019,VA,2160,6390,10.1,30
2019,VA,2478,8895,9.4,33.8
2019,VA,34009,59087,11.5,20
2019,VA,638,1519,11.6,27.6
2019,VA,7811,26058,8.8,29.5
2019,VA,6362,21483,6.8,22.9
2019,VA,1651,3568,19.7,42.5
2019,VA,3572,9821,13.1,35.9
2019,VA,2439,8651,5.3,18.9
2019,VA,8351,13882,7,11.6
2019,VA,12649,38715,7.9,24
2019,VA,1031,3795,8.5,31.4
2019,VA,965,2167,6,13.4
2019,VA,107,696,1.1,7.3
2019,VA,1700,4097,9.8,23.7
2019,VA,7747,26300,8.6,29.1
2019,VA,2773,5448,18.7,36.7
2019,VA,4562,6805,17.3,25.8
2019,VA,1915,2935,17.3,26.4
2019,VA,10498,33142,9,28.5
2019,VA,18390,39080,12,25.6
2019,VA,3733,7768,17.2,35.7
2019,VA,431,2191,5.1,25.9
2019,VA,7473,19125,11.7,30.1
2019,VA,23054,34429,14.6,21.8
2019,VA,6175,16545,10.1,27.1
2019,VA,19832,64449,6.5,21
2019,VA,392,1393,5.3,18.7
2019,WA,23468,77569,7.3,24.2
2019,WA,107935,234991,6.9,15
2019,WA,49801,160553,8.5,27.2
2019,WA,737,2675,8.4,30.4
2019,WA,42691,129236,7.7,23.3
2019,WV,3985,12109,10.2,31
2019,WI,11191,34002,9.9,30.1
2019,WI,73772,178661,11.7,28.4
2019,WI,1949,12306,3.2,20
2019,WI,1287,8459,4.9,32.1
2019,WI,2276,14693,3.8,24.6
2019,WI,4873,28809,5.1,30.3
2019,WI,10637,63919,3.8,22.7
2019,AL,4291,12551,11.5,33.6
2019,AL,13893,41797,9.2,27.7
2019,AL,12315,25940,15.6,32.8
2019,AL,5783,14740,14.8,37.8
2019,AL,7503,18232,13.4,32.5
2019,AL,11127,23668,15.4,32.9
2019,AL,3672,6714,19.7,36
2019,AL,1587,4303,16,43.4
2019,AL,2509,3961,20.6,32.6
2019,AL,10076,22558,14,31.2
2019,AL,8026,22873,12.6,36
2019,AL,4825,9605,20.7,41.2
2019,AL,8849,23026,9.1,23.7
2019,AL,10098,20044,15.3,30.4
2019,AL,1529,2800,21.7,39.6
2019,AL,20562,51126,8.3,20.6
2019,AL,37736,94715,13.5,34
2019,AL,19978,37648,13.3,25
2019,AL,13137,25075,15.9,30.4
2019,AL,2680,5388,18.5,37.2
2019,AL,6297,12237,16.2,31.4
2019,AL,15036,38580,11.7,29.9
2019,AK,11701,44936,6.1,23.4
2019,AK,3406,13993,5.5,22.6
2019,AK,4808,22553,7.1,33.1
2019,AZ,11057,21124,12.6,24.1
2019,AZ,7876,18310,9.5,22
2019,AZ,22068,55982,13.9,35.3
2019,AZ,79892,153022,11.6,22.2
2019,AZ,15683,45277,9,25.8
2019,AZ,35444,34067,26.7,25.7
2019,AR,19857,50742,11.4,29.2
2019,AR,594,2653,10.4,46.6
2019,AR,7362,23849,10.7,34.6
2019,AR,6347,15753,15,37.3
2019,AR,6196,23112,8.2,30.5
2019,AR,7779,22462,10.9,31.4
2019,AR,1170,5570,9.2,43.8
2019,AR,6499,18240,13.9,38.9
2019,AR,1951,4878,18.9,47.3
2019,AR,960,3882,11,44.7
2019,AR,5246,17701,10.9,36.7
2019,AR,2164,4903,19.4,43.9
2019,AR,4018,10473,13.5,35.3
2019,AR,1099,3022,15.2,41.7
2019,AR,3204,7019,19.7,43.1
2019,AR,25739,69244,9.6,26
2019,AR,7756,25927,9.4,31.4
2019,AR,13548,26385,15.9,31
2019,AR,21148,36273,15,25.7
2019,CA,15864,33186,10.8,22.5
2019,CA,145232,137213,24,22.7
2019,CA,33336,26782,30.3,24.3
2019,CA,139316,149493,25.9,27.8
2019,CA,24758,23488,26.6,25.3
2019,CA,27373,24303,28.1,24.9
2019,CA,49522,40500,30.9,25.3
2019,CA,78519,56000,28.5,20.3
2019,CA,14227,17473,14.5,17.8
2019,CA,96843,132461,20.7,28.3
2019,CA,16514,37609,8.7,19.9
2019,CA,52419,49006,19.1,17.8
2019,CA,24593,27933,13.7,15.5
2019,CA,11275,32118,8.9,25.4
2019,CA,35139,72340,11.6,23.8
2019,CA,40280,67371,11.2,18.7
2019,CA,72491,100758,21.1,29.3
2019,CA,13673,14613,21.8,23.3
2019,CA,79125,69314,29.2,25.5
2019,CA,85256,109206,15,19.2
2019,CA,8506,11333,17.7,23.6
2019,CO,10596,24916,5,11.7
2019,CO,26003,92340,5.8,20.4
2019,CO,9396,43024,4.1,19
2019,CO,9849,28768,9.5,27.6
2019,CO,11721,33019,10.3,29.1
2019,CO,522,4354,2.8,23.2
2019,CO,23401,53700,11.9,27.3
2019,CT,64195,138177,10,21.5
2019,CT,59146,183255,9.9,30.7
2019,CT,14425,55525,7.7,29.5
2019,CT,9439,26994,11.6,33.2
2019,DE,14834,38843,12.6,32.9
2019,DE,19950,52373,11.9,31.2
2019,FL,11957,34349,7.4,21.2
2019,FL,11994,39827,9.3,31
2019,FL,33886,122936,7.8,28.3
2019,FL,14035,51644,9.4,34.6
2019,FL,13432,42963,11.6,37.2
2019,FL,36295,72916,12.9,25.8
2019,FL,20096,57442,9.5,27.2
2019,FL,6514,28792,7.8,34.3
2019,FL,6485,11639,20.2,36.2
2019,FL,1793,5168,14.6,42.1
2019,FL,1739,4283,14.5,35.8
2019,FL,11274,30650,14.3,38.8
2019,FL,12609,36070,10.6,30.4
2019,FL,1980,3809,18,34.7
2019,FL,64308,171793,11.6,31
2019,FL,11158,32737,6.5,19
2019,FL,29576,86265,10.3,30.1
2019,FL,32755,97192,12.4,36.9
2019,FL,11083,30513,9,24.9
2019,FL,10654,34653,7.6,24.7
2019,FL,71051,165074,15,34.7
2019,FL,31108,75469,13.7,33.2
2019,FL,10582,32739,8.7,26.8
2019,FL,23136,96873,6.9,28.9
2019,FL,8817,34071,7.9,30.4
2019,FL,37726,126218,9.5,31.8
2019,FL,2865,8451,12.3,36.2
2019,FL,5429,14252,10.9,28.5
2019,GA,436,852,19.4,37.9
2019,GA,13999,30466,14,30.5
2019,GA,2700,5691,21.1,44.6
2019,GA,1645,3875,14.9,35
2019,GA,1955,5675,8.4,24.3
2019,GA,2933,5644,19.9,38.3
2019,GA,5755,15115,12.5,32.9
2019,GA,19626,47070,10.1,24.2
2019,GA,293,1452,5.7,28.3
2019,GA,8525,14117,12,19.9
2019,GA,7261,23829,7.3,23.8
2019,GA,1468,3483,16.9,40
2019,GA,2139,4191,19.3,37.7
2019,GA,9579,17371,16.6,30.2
2019,GA,721,1170,25.8,41.9
2019,GA,4608,14781,11.7,37.5
2019,GA,11383,22254,17.6,34.3
2019,GA,7039,15796,11.9,26.7
2019,GA,27103,35963,20.9,27.7
2019,GA,1870,5669,7.8,23.7
2019,GA,8489,27171,8.4,27
2019,GA,2140,7706,10.9,39.2
2019,GA,1372,2593,20,37.9
2019,GA,1768,5757,9.1,29.8
2019,GA,3302,11201,9.3,31.6
2019,GA,1029,2287,17.9,39.7
2019,GA,1446,4069,12.3,34.7
2019,GA,9101,21391,13.4,31.4
2019,GA,2346,5878,16.6,41.6
2019,GA,1640,4133,14.8,37.4
2019,GA,3394,8012,16.8,39.8
2019,GA,1342,2148,22.2,35.5
2019,GA,2729,6344,14.3,33.3
2019,GA,7748,9912,29.3,37.4
2019,GA,15197,34791,12,27.4
2019,GA,1364,4820,5.5,19.3
2019,GA,2125,4077,20.3,38.9
2019,GA,3006,5270,17,29.8
2019,GA,1581,3070,18.9,36.8
2019,GA,20935,41418,15.9,31.4
2019,GA,1350,1939,22.5,32.3
2019,GA,1594,2377,25.8,38.5
2019,GA,8749,17105,18,35.2
2019,GA,20504,19772,30.5,29.4
2019,GA,2434,6072,17.1,42.7
2019,HI,55514,176669,8.1,25.9
2019,HI,6,17,9.7,27.4
2019,HI,9473,36912,8,31.3
2019,ID,14898,68859,4.8,22.4
2019,ID,4095,14352,7.5,26.4
2019,ID,327,1756,5.7,30.6
2019,ID,5575,17620,8,25.4
2019,ID,138,689,7.2,36
2019,ID,19948,42930,14.9,32.1
2019,ID,769,3003,9.7,37.8
2019,ID,1458,4420,12.2,37
2019,ID,1619,4191,9.8,25.5
2019,ID,7465,29662,6.8,27.2
2019,ID,2228,9001,8,32.1
2019,ID,1799,2515,23.9,33.4
2019,IL,605,1832,13.5,40.7
2019,IL,4829,12192,13.8,34.8
2019,IL,6099,26859,5,22
2019,IL,965,4297,8.5,37.8
2019,IL,888,3299,9.6,35.5
2019,IL,3041,11660,8.8,33.7
2019,IL,2840,8436,8.1,24.1
2019,IL,8599,25057,11.8,34.4
2019,IL,4248,25798,4.1,24.6
2019,IL,6968,25742,9.6,35.4
2019,IL,599,3309,7.1,39.4
2019,IL,518,3130,5.9,35.8
2019,IL,899,4408,8.1,39.6
2019,IL,11163,33934,9.1,27.6
2019,IL,709,3930,6.1,33.9
2019,IL,11278,29198,11.4,29.5
2019,IL,10302,37131,7.5,27.2
2019,IL,337,1615,8.7,41.6
2019,IL,6791,29594,7.3,31.7
2019,IL,6097,21768,11.5,41.2
2019,IL,3662,14787,7.7,31.1
2019,IL,23914,61568,12.3,31.7
2019,IL,1363,8160,5.2,31.3
2019,IN,25804,68442,10.6,28.2
2019,IN,5276,17270,9.4,30.8
2019,IN,591,2504,10.1,42.8
2019,IN,1619,5716,11.6,40.8
2019,IN,1574,7980,8.6,43.8
2019,IN,7298,24955,10.3,35.1
2019,IN,24936,45057,19.2,34.7
2019,IN,5979,20459,10.5,35.9
2019,IN,8903,30572,11.5,39.6
2019,IN,6143,18748,7.3,22.2
2019,IN,2183,6637,14.6,44.4
2019,IN,1181,6852,6.6,38.2
2019,IN,20212,54163,11.5,30.7
2019,IN,1680,6592,11.3,44.2
2019,IN,8855,26901,8.4,25.4
2019,IN,12306,40315,9.9,32.5
2019,IN,986,4731,9,43.4
2019,IN,8059,22137,11.6,32
2019,IN,2898,13402,6.8,31.3
2019,IN,1471,7628,7.8,40.2
2019,IN,1906,9160,8.2,39.2
2019,IA,1050,6555,5.9,36.9
2019,IA,7204,25525,8.6,30.5
2019,IA,591,5412,3.6,32.9
2019,IA,2484,10067,4.4,17.7
2019,IA,4731,21221,7.3,32.7
2019,IA,470,2724,5.4,31.6
2019,IA,519,2934,6.9,38.9
2019,IA,838,3676,8.5,37.2
2019,IA,4429,14245,5.1,16.3
2019,IA,1124,5805,7.7,39.6
2019,IA,8290,40706,5.5,27
2019,IA,634,4014,5.8,36.6
2019,IA,745,3519,7.2,34.1
2019,IA,1159,5696,6.9,33.9
2019,IA,26967,77802,8.5,24.5
2019,IA,6658,20652,10.5,32.7
2019,IA,8374,34586,7.2,29.6
2019,IA,1445,8859,2.8,17.4
2019,IA,1527,10127,4.6,30.8
2019,IA,1275,5834,8.6,39.3
2019,IA,8510,21167,12.9,32.2
2019,KS,3293,11330,7.5,25.9
2019,KS,484,1839,9.7,36.8
2019,KS,3231,12818,4.6,18.4
2019,KS,2169,5397,9.5,23.7
2019,KS,480,3487,5.4,39
2019,KS,859,5261,6.5,39.7
2019,KS,334,1716,6.4,33
2019,KS,1016,4297,9.2,39.1
2019,KS,868,4386,5.8,29.1
2019,KS,1602,7200,4.2,19.1
2019,KS,34504,87563,10.4,26.3
2019,KS,9375,37832,7.8,31.4
2019,KS,1204,5450,7.7,34.9
2019,KS,218,1648,4.6,34.9
2019,KY,2574,5557,17.9,38.5
2019,KY,2253,5012,16,35.6
2019,KY,4021,11550,11.8,33.9
2019,KY,1830,3857,20.4,42.9
2019,KY,5872,12619,14.4,31
2019,KY,3489,8661,13.8,34.3
2019,KY,6777,23134,10,34.1
2019,KY,1925,3458,21.9,39.3
2019,KY,18266,40802,8.8,19.6
2019,KY,2789,9118,11,36
2019,KY,849,2528,14.6,43.4
2019,KY,6783,21820,9.5,30.4
2019,KY,4187,11505,13.1,36
2019,KY,4416,10612,12.7,30.5
2019,KY,1589,3902,16,39.2
2019,KY,818,2663,12.7,41.2
2019,KY,2184,6848,11.3,35.5
2019,KY,3205,10800,9,30.3
2019,KY,1237,3424,12,33.2
2019,KY,9275,20786,11.9,26.6
2019,KY,1636,5450,8.9,29.8
2019,LA,8673,17035,21,41.3
2019,LA,9065,25794,11.4,32.3
2019,LA,8645,24841,10.3,29.7
2019,LA,21539,55944,13,33.7
2019,LA,17569,45462,13.2,34.1
2019,LA,735,1938,15.3,40.3
2019,LA,3229,7888,17.4,42.6
2019,LA,26721,76551,9.5,27.3
2019,LA,2846,6202,20,43.5
2019,LA,2806,7494,17.5,46.8
2019,LA,9379,20440,20.1,43.7
2019,LA,4689,9522,20.4,41.3
2019,LA,18380,49247,11.4,30.4
2019,LA,14486,26988,21.8,40.5
2019,LA,13601,34956,14.8,38.1
2019,LA,13611,34480,13.5,34.1
2019,LA,3102,6048,20.2,39.3
2019,LA,12593,31930,14.5,36.7
2019,LA,1665,2854,22.5,38.5
2019,LA,6510,15443,18.1,43
2019,LA,14055,31924,16.4,37.2
2019,LA,15594,28864,21,38.9
2019,LA,2245,7033,14.3,44.8
2019,LA,8834,16459,22.1,41.3
2019,LA,4390,11427,16.1,42
2019,LA,2262,6564,12.8,37.2
2019,LA,2070,3680,17.9,31.8
2019,ME,7337,26495,9.8,35.5
2019,ME,10265,46947,4.9,22.2
2019,ME,8650,36204,8,33.6
2019,ME,1593,7955,6,30
2019,ME,10193,45035,6.8,30
2019,MD,4889,20856,9.8,41.8
2019,MD,7603,22498,10.2,30.3
2019,MD,3181,6761,18.7,39.7
2019,MD,13442,38312,12.8,36.5
2019,MD,8250,20843,12.8,32.3
2019,MD,3417,12527,8.7,31.8
2019,MA,7525,39331,4.5,23.7
2019,MA,8016,27188,8.7,29.4
2019,MA,45075,97330,14.2,30.7
2019,MA,5257,22669,5.3,22.6
2019,MA,52592,157828,9.3,27.8
2019,MI,3111,15988,7.3,37.7
2019,MI,7120,25805,9.5,34.6
2019,MI,11107,30220,10.3,28.1
2019,MI,8159,33557,9,36.8
2019,MI,4527,12192,12.3,33.2
2019,MI,2956,14425,5.5,26.8
2019,MI,4387,21255,5.7,27.7
2019,MI,26220,88383,9.4,31.6
2019,MI,12432,38750,7.1,22
2019,MI,10171,35925,9.2,32.6
2019,MI,10587,36155,6.4,22
2019,MI,39718,103253,9.3,24.1
2019,MI,3363,16889,5.8,28.9
2019,MI,9023,37079,8.6,35.2
2019,MI,4999,17843,11.3,40.4
2019,MI,10339,40256,8.7,34
2019,MI,12515,50376,7,28.2
2019,MI,14016,43902,10.6,33.3
2019,MI,6670,16174,12.9,31.3
2019,MI,10823,33523,4.7,14.6
2019,MN,2218,7992,8.3,29.9
2019,MN,2129,10301,5.5,26.5
2019,MN,1502,8024,6,32.1
2019,MN,1971,9134,5.1,23.7
2019,MN,699,4526,5.1,33.3
2019,MN,1299,4918,9,34.1
2019,MN,647,4562,4.9,34.2
2019,MN,1327,5584,6,25.2
2019,MN,5652,20830,5.4,19.9
2019,MN,1722,6493,8.1,30.6
2019,MN,7510,37043,5.5,27.2
2019,MN,8136,27419,8.3,28
2019,MN,1026,5096,6.6,33
2019,MS,3738,6514,19.8,34.4
2019,MS,5912,12750,12.6,27.2
2019,MS,4218,9468,12.5,28.1
2019,MS,15860,39433,11.7,29.1
2019,MS,19116,38349,12.5,25
2019,MS,10955,30344,11.3,31.2
2019,MS,4332,9941,10.6,24.2
2019,MS,5703,11737,8.3,17
2019,MS,1394,3306,17,40.4
2019,MS,11072,27971,10.5,26.7
2019,MS,3699,5483,20.3,30.1
2019,MS,4166,7621,21.1,38.6
2019,MO,1011,4558,8.3,37.4
2019,MO,1765,4122,20.2,47.3
2019,MO,5834,22843,5.5,21.3
2019,MO,7063,22800,11.7,37.8
2019,MO,4231,11070,13.8,36.1
2019,MO,4527,15731,9,31.2
2019,MO,4563,16866,8,29.4
2019,MO,4063,15630,7.7,29.7
2019,MO,1912,5129,16.6,44.5
2019,MO,1188,4418,12.7,47.1
2019,MO,15618,52991,8.2,28
2019,MO,10448,26469,13.3,33.6
2019,MO,3377,6218,22.4,41.3
2019,MO,1587,4352,14.6,40.1
2019,MO,5061,13579,12.9,34.5
2019,MO,938,4051,10.1,43.7
2019,MO,2360,7938,11.6,39
2019,MO,3493,9383,13.9,37.3
2019,MT,472,2523,5.8,31.1
2019,MT,4553,18146,8.2,32.8
2019,MT,47,238,8,40.7
2019,MT,3441,17099,4.4,21.7
2019,MT,6380,32857,5.9,30.2
2019,NE,1002,5300,5.6,29.9
2019,NE,2923,4399,23.5,35.3
2019,NE,467,1366,12.1,35.3
2019,NE,34494,78011,9.4,21.4
2019,NE,6041,12291,15.4,31.3
2019,NE,311,1894,4.9,30
2019,NE,228,1618,5.1,36.2
2019,NE,12282,41828,6.3,21.5
2019,NE,317,1944,5.8,35.3
2019,NE,5233,25175,4.5,21.7
2019,NE,982,4481,6.8,31
2019,NE,652,3107,6,28.6
2019,NE,613,4366,4.4,31.6
2019,NV,192,838,6.4,27.8
2019,NV,35940,74437,11.4,23.5
2019,NV,5121,10205,13,26
2019,NH,22986,75053,7.9,25.8
2019,NJ,24010,59017,13,32
2019,NJ,5217,22350,7.5,32
2019,NJ,21262,40651,20.6,39.4
2019,NJ,28459,60780,11.5,24.6
2019,NJ,6429,23149,8.5,30.6
2019,NM,51699,108101,11.1,23.2
2019,NM,26914,29734,20.6,22.7
2019,NM,9881,24940,10.1,25.5
2019,NM,12305,24860,15.1,30.5
2019,NM,11813,24722,10.7,22.3
2019,NM,1657,4063,15.4,37.7
2019,NM,7973,16951,15.5,33
2019,NY,16106,47042,7.9,23
2019,NY,11927,40302,9.3,31.5
2019,NY,5787,21042,9.7,35.3
2019,NY,4446,16144,10.2,36.9
2019,NY,6416,24858,9,34.7
2019,NY,3831,16683,8,34.8
2019,NY,18349,50633,11.5,31.9
2019,NY,28391,80217,9,25.4
2019,NY,9455,30006,11.8,37.5
2019,NY,9071,32369,8.1,29
2019,NY,9735,40531,6,24.9
2019,NY,9914,31497,9.3,29.5
2019,NY,2308,7970,10.3,35.7
2019,NY,3064,12472,8.8,35.9
2019,NY,3326,11347,5.6,19
2019,NY,12059,38710,9.3,29.7
2019,NY,3854,14653,8.1,30.6
2019,NY,5440,17429,12.1,38.7
2019,NC,15046,30386,13.7,27.7
2019,NC,4724,10371,17.6,38.7
2019,NC,9082,29021,8.7,27.9
2019,NC,16862,43838,8.9,23.2
2019,NC,11978,20488,18.4,31.4
2019,NC,11827,19175,20,32.5
2019,NC,15391,32708,14.1,30
2019,NC,5795,11048,11.1,21.2
2019,NC,7569,17554,11.2,26
2019,NC,18606,53420,9,25.9
2019,NC,18692,38135,16.1,32.8
2019,NC,3694,9665,12.2,32
2019,NC,24947,37969,11.6,17.7
2019,NC,6859,13614,18.9,37.5
2019,NC,27106,64685,10.8,25.7
2019,NC,38516,81878,10.9,23.3
2019,NC,5495,12075,12,26.4
2019,NC,8618,20649,10.1,24.2
2019,NC,4480,9955,12.9,28.7
2019,NC,1366,2490,18.9,34.4
2019,NC,1995,4793,13,31.3
2019,NC,9320,21839,14.4,33.7
2019,NC,10530,33277,6.8,21.3
2019,NC,8890,31389,8.5,30
2019,NC,6544,12281,7.3,13.6
2019,NC,1195,3086,12,31
2019,NC,5201,11764,12.2,27.6
2019,NC,3794,10498,13.5,37.4
2019,NC,11652,25786,10.7,23.8
2019,NC,18383,33208,18.5,33.5
2019,NC,11344,22845,17.3,34.9
2019,NC,5450,13443,16.2,40
2019,NC,12724,25058,15.5,30.5
2019,NC,4726,9053,17.7,33.8
2019,ND,3656,14514,5.7,22.7
2019,ND,5793,22448,5.2,20.1
2019,ND,2030,9184,4.9,22.2
2019,ND,1775,6435,8.1,29.4
2019,ND,112,396,8.7,30.8
2019,ND,384,762,16.3,32.4
2019,OH,6705,26855,9.7,38.8
2019,OH,4950,21329,9.8,42.4
2019,OH,2072,9767,10.5,49.7
2019,OH,10393,34897,11.3,37.9
2019,OH,2494,11977,8.7,41.7
2019,OH,6959,27461,6.2,24.5
2019,OH,4240,21169,9,44.8
2019,OH,5293,18636,12.5,43.9
2019,OH,31364,86830,10.7,29.7
2019,OH,14875,61634,9.1,37.6
2019,OH,6449,26735,8.8,36.6
2019,OH,36126,101192,9.9,27.8
2019,OH,8024,38519,7.6,36.6
2019,OH,11062,33313,13.1,39.4
2019,OH,21769,99295,8.4,38.2
2019,OH,31386,114876,8.3,30.2
2019,OH,15208,63859,10.6,44.5
2019,OH,4589,24781,5.7,30.7
2019,OK,7704,25348,10,32.8
2019,OK,615,1660,15.5,41.8
2019,OK,6147,19474,12.6,40
2019,OK,5557,13870,16.5,41.1
2019,OK,3536,9258,13.7,36
2019,OK,3896,12649,11.7,38.1
2019,OK,1268,4988,11.2,44.2
2019,OK,4913,19774,8,32.1
2019,OK,5316,10976,18.7,38.6
2019,OK,45008,107747,10.6,25.4
2019,OK,5036,17618,9.4,32.9
2019,OR,2263,7337,4.1,13.3
2019,OR,8562,29577,6.3,21.8
2019,OR,15385,40404,9.9,26.1
2019,OR,6151,19761,9.6,31
2019,OR,20772,59472,8.1,23.2
2019,OR,9145,25202,10.5,29
2019,OR,33022,59570,14.8,26.6
2019,OR,4853,12577,9.1,23.5
2019,PA,8041,28744,11.2,39.9
2019,PA,37796,104002,13.3,36.7
2019,PA,7601,39852,8.6,45
2019,PA,7654,43187,8,45.4
2019,PA,4985,21362,10.6,45.3
2019,PA,5645,29079,5.7,29.4
2019,PA,4260,18780,9.7,43
2019,PA,13382,55840,7.7,32
2019,PA,19506,63426,10.2,33.2
2019,PA,16264,72214,8.7,38.5
2019,PA,12621,46345,11.7,43.1
2019,PA,13370,54911,9,36.9
2019,PA,54421,128466,15,35.3
2019,PA,12309,42216,12.8,44
2019,PA,27459,81976,11,32.9
2019,PA,23102,88531,10.2,39
2019,PA,8003,31314,9.9,38.9
2019,PA,7955,33900,10.1,43
2019,PA,12070,40932,10.4,35.1
2019,PA,1253,5337,9.4,40.1
2019,PA,19343,73098,9.1,34.5
2019,PA,4111,15503,12.6,47.4
2019,PA,1526,9079,7.8,46.4
2019,PA,31421,122789,10.1,39.6
2019,SC,14200,38676,12,32.8
2019,SC,20043,42462,14.7,31.2
2019,SC,9672,29735,7.2,22.3
2019,SC,15217,42093,10.6,29.4
2019,SC,1489,3899,13.8,36.2
2019,SC,23789,64967,8.3,22.7
2019,SC,8136,16215,17.6,35.1
2019,SC,10950,29048,10.3,27.3
2019,SC,3358,7221,17.1,36.7
2019,SC,2238,6712,13.8,41.3
2019,SC,14047,30750,15,32.9
2019,SC,41290,81854,12,23.8
2019,SC,25543,80080,10.4,32.5
2019,SC,3673,7569,18.2,37.5
2019,SC,5474,16438,12.2,36.5
2019,SC,8772,15582,19.1,33.8
2019,SC,20798,56402,10.4,28.2
2019,SC,11462,22715,14.7,29.1
2019,SC,22030,58037,8.5,22.5
2019,SC,3115,5021,21.8,35.2
2019,SC,29716,60882,14.3,29.3
2019,SC,10188,21610,14.5,30.8
2019,SC,3662,7804,18.8,40
2019,SD,441,2412,6.4,35
2019,SD,1893,8384,5.2,23
2019,SD,412,1275,11.3,35
2019,SD,1027,5238,5.6,28.7
2019,SD,9352,32667,7.5,26.4
2019,SD,4892,20819,6.5,27.5
2019,SD,464,1951,8,33.7
2019,SD,780,3118,7.4,29.5
2019,TN,7061,17839,13,32.9
2019,TN,10115,32185,10.9,34.6
2019,TN,10570,23144,14.7,32.1
2019,TN,6516,11652,22.7,40.6
2019,TN,6917,16196,16.5,38.6
2019,TN,1642,4342,14.8,39.1
2019,TN,1848,3980,18.8,40.5
2019,TN,3553,7126,21.4,42.8
2019,TN,8208,16947,18.7,38.6
2019,TN,26708,68323,10.5,26.9
2019,TN,6395,17506,15.6,42.7
2019,TN,5570,14851,14.7,39.1
2019,TN,25548,77939,8.3,25.3
2019,TN,5290,12394,13.8,32.4
2019,TN,7248,22960,11.1,35.3
2019,TN,3759,7867,18.5,38.7
2019,TN,8766,35273,7.1,28.5
2019,TN,3074,7546,19.7,48.5
2019,TN,2161,4847,17.6,39.4
2019,TN,4343,14192,11.1,36.3
2019,TN,1978,4197,18.4,39.1
2019,TN,14702,39723,12.8,34.7
2019,TN,2011,5280,15,39.4
2019,TN,3162,6201,22.9,44.8
2019,TN,9839,25359,11.2,28.9
2019,TX,2779,5580,15.5,31.2
2019,TX,593,2175,9.7,35.4
2019,TX,184,314,13.1,22.4
2019,TX,18969,55003,9,26
2019,TX,7114,22005,11.2,34.8
2019,TX,15194,22776,12.8,19.2
2019,TX,2208,4844,17.5,38.4
2019,TX,1161,3518,11.8,35.8
2019,TX,79284,65120,32.1,26.4
2019,TX,274,1317,6.7,32
2019,TX,715,2792,9.5,36.9
2019,TX,5749,13422,12,28.1
2019,TX,899,1344,24,35.9
2019,TX,22947,28933,24,30.3
2019,TX,109968,121083,21.5,23.7
2019,TX,2819,4694,23.1,38.4
2019,TX,904,1407,17,26.5
2019,TX,9954,26567,11.3,30.1
2019,TX,12711,22480,15.9,28.2
2019,TX,4607,14616,12,38.2
2019,TX,164284,112550,34.3,23.5
2019,TX,1306,898,44.5,30.6
2019,TX,71,391,6.8,37.6
2019,TX,26703,53941,15.8,31.9
2019,TX,3184,5675,21.6,38.6
2019,TX,1325,4327,9,29.4
2019,TX,24887,46109,13.8,25.6
2019,TX,938,1120,24.6,29.4
2019,TX,22962,41154,15.1,27
2019,TX,751,1095,22.6,33
2019,TX,16284,26985,15.5,25.7
2019,TX,1635,4209,16.6,42.9
2019,TX,40461,68931,17.2,29.3
2019,TX,122,470,9.7,37.2
2019,TX,6778,20906,12.1,37.2
2019,TX,17425,24254,23,32
2019,TX,6766,20196,7.7,22.8
2019,TX,1795,4123,15.5,35.5
2019,TX,7133,11707,19.4,31.8
2019,TX,8624,14028,20.1,32.7
2019,TX,21183,34903,14.2,23.4
2019,TX,8915,25865,10.7,31
2019,TX,10378,22843,13.7,30.2
2019,TX,3948,9605,14.2,34.4
2019,TX,9765,18587,16.2,30.8
2019,TX,49087,38292,32.4,25.3
2019,TX,11300,26740,13.4,31.7
2019,UT,2211,9891,6.9,31
2019,UT,4298,12683,6.9,20.2
2019,UT,8786,42660,4.4,21.2
2019,UT,566,2446,8.9,38.6
2019,UT,121,1266,1.9,19.6
2019,UT,16174,49075,5.4,16.4
2019,UT,7579,24989,7.1,23.4
2019,UT,14562,46044,9.4,29.6
2019,VT,6032,20348,5.6,19
2019,VT,3202,13020,9.3,37.9
2019,VT,376,1422,7.1,27
2019,VA,5789,11493,7.9,15.8
2019,VA,3264,8176,14.4,36
2019,VA,1567,3766,14.1,33.9
2019,VA,6962,21353,12.6,38.7
2019,VA,5655,17138,10,30.2
2019,VA,1775,7919,7.2,32.3
2019,VA,2556,5422,20.2,42.8
2019,VA,5118,12812,12.8,32.2
2019,VA,346,1416,9.2,37.5
2019,VA,1507,4146,13,35.7
2019,VA,1720,4651,8.9,24.1
2019,VA,4850,14250,11.9,34.9
2019,VA,6456,19325,10.8,32.4
2019,VA,1340,4686,11.1,38.7
2019,VA,1888,3873,13.9,28.6
2019,VA,3802,13076,6.8,23.4
2019,VA,1581,3904,14.3,35.2
2019,VA,3212,8488,12.6,33.2
2019,VA,5179,16895,7.7,25
2019,VA,8807,19294,16,35.1
2019,VA,3056,6251,18.6,38.1
2019,VA,5693,13678,14.3,34.3
2019,VA,,,,
2019,VA,1850,3585,15.3,29.7
2019,VA,2693,5014,8.9,16.5
2019,VA,4354,6909,16.1,25.6
2019,VA,5077,11337,11.3,25.2
2019,VA,725,1951,8.8,23.8
2019,VA,9661,23853,13.8,34.1
2019,VA,1856,4953,10.8,29
2019,VA,1810,5261,10.3,29.8
2019,VA,2130,5125,13.9,33.4
2019,VA,2947,4561,15.9,24.6
2019,WA,1402,4536,8.6,28
2019,WA,12580,31301,9.8,24.5
2019,WA,9015,13683,17.4,26.4
2019,WA,269,661,8.8,21.7
2019,WA,7975,22715,10.7,30.6
2019,WA,4940,8160,17.9,29.6
2019,WA,13284,13560,25,25.5
2019,WA,9664,40956,5.2,22.2
2019,WA,886,3096,8.9,31
2019,WA,8659,23225,9.8,26.3
2019,WA,21286,80192,6.2,23.2
2019,WA,3003,11048,9.4,34.5
2019,WA,12295,41842,6.3,21.3
2019,WA,4658,7874,11.7,19.8
2019,WA,10497,34175,7.2,23.4
2019,WA,39874,42557,26.3,28.1
2019,WV,8699,29876,11,37.6
2019,WV,3238,7941,20.3,49.7
2019,WV,1534,6660,9.4,40.9
2019,WV,7538,20966,12,33.3
2019,WV,1382,3148,22.7,51.8
2019,WV,5409,13800,17.2,43.9
2019,WV,2687,7916,15.7,46.2
2019,WV,2095,9127,9.6,41.9
2019,WV,15034,49221,11.3,37.1
2019,WV,2813,6928,19.1,47
2019,WV,1777,10241,7.7,44.5
2019,WV,1507,9529,7.8,49.2
2019,WV,5005,17835,7.6,27.2
2019,WV,1938,10174,6.5,34.2
2019,WV,3272,11712,13.2,47.2
2019,WV,3304,14567,8.3,36.5
2019,WV,7251,21569,13.5,40
2019,WV,5855,11716,20.3,40.6
2019,WV,724,1776,17.1,42
2019,WV,6148,20808,10.1,34.4
2019,WI,13787,52162,7.9,29.9
2019,WI,1989,10681,5.8,31.4
2019,WI,3269,15993,7.2,35.4
2019,WI,2948,13642,7.3,33.7
2019,WI,14817,62744,4.2,17.8
2019,WI,1937,9613,6.3,31.1
2019,WI,3880,16400,5.9,25
2019,WI,5842,25836,8.2,36.1
2019,WI,1969,9234,7.6,35.5
2019,WI,794,5858,4.8,35.3
2019,WI,1000,5802,6.9,39.9
2019,WI,3775,19189,5,25.4
2019,WI,7643,32080,8.2,34.3
2019,WI,2642,11524,9.6,41.7
2019,WI,7376,39792,5.9,31.7
2019,WI,12727,42210,9.5,31.6
2019,WI,10184,39821,9.2,36.1
2019,WI,5469,28715,6.8,35.9
2019,WI,8193,38353,7.1,33.4
2019,WY,4661,17162,7,25.8
2019,WY,4096,16492,7.5,30.3
2019,AL,1652,3327,20,40.3
2019,AL,10648,19668,18.4,34.1
2019,AL,11014,18881,19.7,33.7
2019,AZ,5378,10955,13.7,27.9
2019,AR,5137,10586,18.9,38.8
2019,AR,2367,3833,19.7,31.9
2019,AR,3239,6739,18.1,37.6
2019,CA,4286,13957,5.6,18.4
2019,CO,3879,5759,21.1,31.3
2019,CT,9482,40214,7,29.9
2019,FL,6721,17782,13.9,36.7
2019,FL,3991,8576,22.8,49.1
2019,FL,8647,8659,33.7,33.7
2019,FL,5105,15888,8.6,26.7
2019,FL,6608,11434,22.8,39.5
2019,FL,9501,21550,18.2,41.2
2019,GA,2917,10824,8.7,32.2
2019,GA,8437,13317,22.1,34.9
2019,GA,7310,14741,15.9,32.1
2019,GA,5838,10416,21.2,37.9
2019,GA,7589,16060,16.6,35.1
2019,GA,3177,6884,17.7,38.4
2019,IL,8816,27542,11.4,35.6
2019,IL,2804,8446,11.2,33.8
2019,IL,2567,11372,10.1,44.7
2019,IL,2895,9231,11,35.2
2019,IL,3475,11891,9.8,33.4
2019,IN,3036,9142,14.3,43.2
2019,IN,1618,7853,9.1,44
2019,IN,2907,6823,17.9,42.1
2019,IN,5634,17822,12.8,40.5
2019,IN,3673,15031,10.7,43.7
2019,IN,2298,9448,10.3,42.3
2019,IN,2666,10748,10.2,41.3
2019,KS,736,3889,7.3,38.4
2019,KS,1341,6432,7.8,37.6
2019,KY,1554,5623,10.1,36.6
2019,KY,3914,11139,11,31.3
2019,KY,1610,4079,13.7,34.7
2019,KY,3169,11536,10.2,37.2
2019,LA,6475,14078,20.5,44.7
2019,MD,2446,6832,8.8,24.5
2019,MI,3742,17906,7.8,37.3
2019,MN,2717,13734,5.9,29.9
2019,MN,1841,10722,5.6,32.8
2019,MN,1700,8905,6.9,36
2019,MN,3737,13137,8.9,31.4
2019,MS,3007,5884,9.6,18.7
2019,MS,6125,11491,16.2,30.4
2019,MO,2372,9686,7.5,30.7
2019,MO,3816,9804,13.5,34.8
2019,MO,7192,17560,15.2,37.2
2019,MO,2410,5705,16,37.8
2019,NV,2521,9043,6.8,24.4
2019,NV,4742,13297,13.9,38.9
2019,NH,3074,13299,6.8,29.5
2019,NH,7200,29541,6.8,27.7
2019,NY,5894,20715,11.2,39.2
2019,NY,10019,31774,11.2,35.5
2019,NY,4429,13653,9.7,30
2019,NY,3205,14864,7.8,36
2019,NY,3758,8702,15.2,35.2
2019,NY,6475,25012,9.5,36.7
2019,NC,1004,2188,13.5,29.4
2019,NC,10545,22995,15.8,34.4
2019,NC,1556,6147,5.8,22.8
2019,NC,6566,12836,15.7,30.6
2019,NC,10720,25577,12.5,29.9
2019,NC,3495,8616,13,32
2019,NC,1325,2900,13.1,28.7
2019,NC,6332,14366,14.7,33.3
2019,NC,5891,11136,19.6,37
2019,NC,9795,15647,19.9,31.7
2019,NC,10950,17460,19.7,31.5
2019,OH,4090,14759,11.5,41.6
2019,OH,9592,30576,14,44.6
2019,OH,3691,12994,10,35.1
2019,OH,2373,12404,8.8,46.2
2019,OH,3286,11032,11.7,39.1
2019,OH,8518,33218,11.5,44.7
2019,OH,3678,11993,14.5,47.3
2019,OH,2898,13790,9.8,46.8
2019,OH,4414,19980,8.2,37.2
2019,OH,2810,9011,14.3,45.9
2019,OH,4521,18184,11.5,46.2
2019,OH,3524,16081,8.7,39.8
2019,OH,2309,15105,7.4,48.4
2019,OH,5602,20601,12.1,44.5
2019,OH,7177,24388,12.2,41.6
2019,OH,6759,23422,12.4,43
2019,OH,10290,29775,13.5,39
2019,OK,3444,12078,7.8,27.4
2019,OK,5720,17475,12,36.5
2019,OK,3832,12759,12.7,42.2
2019,OR,2259,7600,7.9,26.7
2019,OR,2942,3442,18.7,21.8
2019,OR,2492,5320,13.6,29.1
2019,PA,5578,24004,10,43.2
2019,PA,5757,26992,9.2,43.3
2019,PA,6531,27609,11.8,49.8
2019,PA,3729,18243,9.8,48
2019,TN,5741,13277,17.9,41.4
2019,TN,5473,14478,14.6,38.5
2019,TN,1899,3878,21.8,44.6
2019,TN,4850,12938,16.6,44.3
2019,TN,3314,9408,14.6,41.4
2019,TN,6727,18315,13.4,36.5
2019,TN,5725,12081,20.5,43.3
2019,TX,3766,8507,13.9,31.5
2019,TX,2844,6379,11.7,26.3
2019,TX,9441,19697,16.5,34.4
2019,TX,3695,8734,15.1,35.7
2019,TX,4290,10219,11.4,27.2
2019,TX,4685,7614,19.4,31.6
2019,TX,6889,9285,21.6,29
2019,TX,3078,6638,15.8,34.1
2019,TX,4049,4912,24.2,29.3
2019,TX,6509,18574,14,39.9
2019,TX,3113,7292,13.3,31
2019,TX,5865,7432,21.7,27.5
2019,UT,1393,4380,5.1,16
2019,UT,1027,4144,5.4,21.8
2019,WA,2833,13123,4.7,21.7
2019,WA,2392,6943,8.6,24.9
2019,WA,6924,16158,12.5,29.1
2019,WA,5321,14590,11.4,31.2
2019,WI,5820,25813,9.2,40.9
2019,WI,1717,9096,6.3,33.3
2019,WI,4806,19541,8.2,33.4
2019,WI,6236,21302,9.2,31.3
2019,AL,2198,3980,21,38
2019,AL,1010,2172,17.2,36.9
2019,AL,3213,5502,20.4,34.9
2019,AL,3635,6556,21.2,38.2
2019,AR,1883,4778,16.4,41.5
2019,CA,68,216,8.8,28.1
2019,CA,3024,8322,10,27.5
2019,CA,3932,3586,28.7,26.2
2019,CO,905,1433,16.3,25.8
2019,FL,4049,8036,20.4,40.4
2019,FL,2604,3902,25.5,38.2
2019,FL,2636,4194,23.5,37.4
2019,GA,2365,3670,25.9,40.1
2019,GA,2624,6556,13.4,33.5
2019,GA,4076,7894,18.3,35.4
2019,GA,1893,4291,14.7,33.4
2019,GA,3113,6197,15.2,30.4
2019,GA,1947,5897,12.4,37.6
2019,GA,831,2141,17.7,45.5
2019,IL,2479,6146,16.2,40.2
2019,IL,879,4444,9.4,47.6
2019,IL,2071,7842,10.5,39.8
2019,IL,2581,8237,12.3,39.3
2019,IL,3674,8752,15.7,37.3
2019,IL,787,3373,7.8,33.4
2019,IN,1445,3394,19.6,45.9
2019,IN,1967,6609,12.7,42.5
2019,IN,2282,6317,16.8,46.6
2019,IN,1661,4876,13.8,40.5
2019,IN,1005,4016,11.5,46.1
2019,IN,2054,8400,10.7,43.6
2019,IN,1456,5346,12.6,46.4
2019,IN,2385,6656,15.1,42.1
2019,IN,1171,3363,16.1,46.4
2019,IN,1159,4419,10.7,40.8
2019,KS,469,2196,9,42
2019,KS,827,3000,8.7,31.5
2019,KY,1560,2890,21.7,40.3
2019,KY,2321,5220,17.9,40.3
2019,KY,1565,3518,20.7,46.4
2019,KY,230,577,15.3,38.3
2019,KY,1600,5510,13,44.9
2019,LA,3972,6978,25.6,45.1
2019,MD,3543,8996,15.7,39.9
2019,MD,1584,4159,11.4,29.8
2019,MI,3416,12084,11.6,41.2
2019,MI,4045,16091,10.7,42.4
2019,MN,1084,4561,8.8,36.9
2019,MN,1119,4515,9.8,39.4
2019,MN,1165,5572,7.4,35.3
2019,MN,2138,8794,9.3,38.3
2019,MN,2042,8682,9.6,40.7
2019,MN,967,3737,9.5,36.6
2019,MN,906,4704,7,36.4
2019,MS,4397,8283,19.4,36.6
2019,MS,1386,1502,28.7,31.1
2019,MS,2886,5182,20.1,36.2
2019,MS,4175,6413,21.9,33.7
2019,MO,872,2725,14.2,44.3
2019,MO,3709,6556,22.1,39.1
2019,MO,831,2267,15,41
2019,MO,1297,4111,12.2,38.5
2019,MO,1893,6322,12.2,40.7
2019,MO,1428,4260,13.3,39.8
2019,MO,1208,3659,14.8,44.7
2019,MO,2025,6098,15.8,47.6
2019,MO,1078,2866,15.5,41.1
2019,MO,1341,4981,10.6,39.3
2019,MO,3996,6474,23.1,37.4
2019,NV,513,1272,13.8,34.3
2019,NH,2177,11034,5.8,29.5
2019,NY,7038,17945,13.3,33.8
2019,NY,2938,11614,10.1,40
2019,NC,3470,7243,19.3,40.2
2019,NC,1402,3536,13.2,33.4
2019,NC,3199,5446,19.2,32.7
2019,NC,8793,14553,20.7,34.2
2019,NC,2680,5333,18.4,36.7
2019,OH,3764,8453,19.8,44.5
2019,OH,4376,13322,14.9,45.4
2019,OH,1536,4593,14.7,43.9
2019,OH,2764,12640,9.6,43.9
2019,OH,1769,3996,19.3,43.7
2019,OK,1215,2524,17.3,35.9
2019,OK,2848,8107,14.5,41.4
2019,OK,2554,8389,13.7,45
2019,OK,1193,3897,11.7,38.3
2019,OK,735,3209,9.5,41.5
2019,OK,1694,3279,20.5,39.6
2019,OR,2056,5666,10.4,28.7
2019,PA,2614,12289,9.9,46.5
2019,PA,3277,12083,12.5,46
2019,PA,4098,16836,10.4,42.9
2019,SC,7450,13189,23.3,41.3
2019,TN,2803,5774,19.9,40.9
2019,TN,2948,8940,14.2,43.1
2019,TN,3709,8523,20.4,46.8
2019,TN,2197,5735,18,47
2019,TN,1311,2711,22.8,47.1
2019,TN,1967,6316,15.1,48.4
2019,TN,4069,8064,22.9,45.4
2019,TN,1326,3600,15.7,42.5
2019,TN,1401,2144,25.1,38.5
2019,TX,855,2625,9.9,30.3
2019,TX,1767,4488,13.5,34.2
2019,TX,3806,10048,11.7,30.8
2019,TX,2424,4925,16.9,34.3
2019,TX,441,1153,12.2,32
2019,TX,3530,8551,14.5,35.2
2019,TX,2541,7142,13.9,39.1
2019,TX,4213,4252,33.8,34.2
2019,TX,3117,5893,23.3,44.1
2019,TX,3717,6685,19.4,34.8
2019,TX,4027,8512,16.5,34.9
2019,TX,1089,2427,18,40
2019,TX,2594,3945,24.3,36.9
2019,TX,1781,4191,15.4,36.2
2019,TX,3103,6352,18.6,38.1
2019,TX,1947,5130,14.3,37.6
2019,TX,6460,13896,18.4,39.5
2019,TX,1277,3542,14.6,40.6
2019,TX,3091,9580,15.5,48
2019,TX,5876,13065,15.4,34.2
2019,VA,2644,4473,21.5,36.4
2019,VA,1172,2710,16.5,38.1
2019,VA,1394,2973,17.7,37.7
2019,VA,1954,3630,22.2,41.3
2019,VA,620,1938,11.9,37.1
2019,VA,1172,4607,6.7,26.5
2019,VA,3873,8575,14.8,32.7
2019,VA,1335,3476,13.9,36.3
2019,VA,1083,2732,12.9,32.6
2019,VA,1523,3044,17.5,35
2019,VA,2236,4151,20.3,37.7
2019,VA,2860,8761,11.3,34.7
2019,VA,3017,7913,17.4,45.5
2019,VA,1830,4452,14,34.1
2019,VA,4015,11746,13,37.9
2019,VA,2009,3942,15.2,29.8
2019,VA,744,1794,15,36.2
2019,VA,2042,4461,15.5,33.8
2019,VA,724,1187,20.6,33.8
2019,VA,789,1677,13.7,29.1
2019,WA,1935,3997,12,24.8
2019,WA,260,990,7.9,30
2019,WI,801,4272,6.8,36.4
2019,WI,473,1993,9,38
2019,WI,1929,11678,6.2,37.3
2019,AL,4372,8739,18.4,36.7
2019,AL,4967,9615,14.1,27.2
2019,AL,4651,10819,13.9,32.3
2019,AL,4757,9411,18.2,35.9
2019,AL,6218,15177,16.8,41
2019,AL,11761,19920,18.4,31.1
2019,AL,2901,6899,15,35.7
2019,AZ,11720,21383,16.6,30.3
2019,AZ,6857,8398,23.4,28.7
2019,AR,3536,13792,11.8,45.9
2019,AR,3442,9474,14.2,39
2019,AR,7975,20092,15.6,39.3
2019,AR,3160,5806,21.8,40
2019,CA,6604,14169,14.2,30.5
2019,CA,8346,15528,13.5,25
2019,CA,6780,13212,15.5,30.1
2019,CA,3829,11691,9.3,28.3
2019,CO,3668,14532,9.9,39.3
2019,CO,1771,7958,4.5,20
2019,CO,3266,9344,11,31.4
2019,FL,6993,11586,26.5,43.8
2019,GA,4004,9873,14.2,35
2019,GA,5384,11591,12.7,27.2
2019,GA,4477,6862,26.2,40.1
2019,GA,7447,11456,25.3,38.8
2019,GA,2603,5698,17.2,37.6
2019,GA,3101,6520,17.5,36.7
2019,GA,6173,10507,20.4,34.7
2019,GA,2153,5543,16.6,42.8
2019,GA,421,1182,12.4,34.8
2019,GA,3533,6598,18.6,34.7
2019,GA,4603,9585,15.1,31.5
2019,GA,3328,8405,16.6,42
2019,ID,2988,8627,10.8,31.3
2019,ID,2955,9615,9.2,29.8
2019,ID,1689,4486,10.1,26.8
2019,ID,1130,2538,13.4,30.2
2019,ID,928,4404,4.2,19.7
2019,ID,668,2485,4.1,15.2
2019,ID,2189,5300,14.3,34.7
2019,IL,2439,9892,10.3,41.8
2019,IL,2888,8779,11.4,34.5
2019,IL,3849,12865,10.9,36.6
2019,IL,2299,7196,11.3,35.3
2019,IL,2168,9574,9.1,40.2
2019,IL,309,1614,7.3,38.1
2019,IL,2392,11204,7.5,35
2019,IL,3695,14823,9.4,37.7
2019,IN,3248,8620,15.3,40.6
2019,IN,3775,10301,14.6,39.9
2019,IN,2827,12221,9.8,42.2
2019,IN,2042,10344,8.2,41.3
2019,IN,3803,12556,12.7,41.9
2019,IN,2315,8687,12.2,45.8
2019,IN,7567,18395,14.3,34.8
2019,IN,3778,13593,11.7,42.3
2019,IN,4630,11918,15.1,38.8
2019,IN,3459,10480,13.9,42
2019,IN,5168,13231,16.4,42
2019,IN,1151,3637,13.2,41.7
2019,IN,2426,9224,11.2,42.6
2019,IA,1128,5848,6.1,31.5
2019,IA,2970,12654,9.1,38.8
2019,IA,1586,10765,6.1,41.4
2019,IA,4280,9062,16.2,34.2
2019,IA,3159,10099,11,35.3
2019,KS,2180,6984,9.3,29.9
2019,KS,1837,6808,7.9,29.3
2019,KS,1138,4560,6.2,25
2019,KS,2336,5838,11.7,29.3
2019,KS,4946,11937,11.5,27.7
2019,KY,5067,12561,17,42
2019,KY,1899,3379,23.1,41.2
2019,KY,6960,15609,12.5,28.1
2019,KY,2895,7666,15.2,40.3
2019,LA,3625,9393,14.7,38.1
2019,LA,2977,6926,11.5,26.8
2019,LA,3491,7322,20.5,42.9
2019,LA,2666,8079,11.6,35.1
2019,LA,12527,22163,23.3,41.2
2019,LA,5932,17597,17.2,51
2019,ME,6569,28732,7.5,32.7
2019,MD,2784,8884,12.1,38.5
2019,MA,3572,15124,6.7,28.5
2019,MI,7147,29818,9.1,37.9
2019,MI,3290,12583,10.9,41.5
2019,MI,2514,11422,8.9,40.4
2019,MI,3695,12156,11.8,38.9
2019,MI,4128,17100,9.5,39.1
2019,MI,3311,12328,8.5,31.8
2019,MI,6229,25208,9.1,36.9
2019,MI,2634,9702,9.8,36
2019,MI,5325,14960,13,36.6
2019,MN,1124,6267,6.5,36.1
2019,MN,1314,7817,4.9,29.1
2019,MN,3164,7451,11,25.9
2019,MN,3317,8581,12.4,32
2019,MN,3280,12252,7.9,29.5
2019,MN,224,1260,5.1,28.7
2019,MN,2051,8543,6.5,27.2
2019,MS,1636,3546,18.1,39.3
2019,MS,1024,1457,19.7,28
2019,MS,7149,13418,15.9,29.9
2019,MS,3175,8752,13.7,37.6
2019,MS,4283,9137,16.8,35.9
2019,MS,4044,9590,12.9,30.5
2019,MO,2432,8041,13.8,45.8
2019,MO,3588,9882,14.8,40.8
2019,MO,964,4697,7.7,37.7
2019,MO,2254,6230,13.1,36.3
2019,MO,3955,10948,15,41.6
2019,MO,3134,8050,12.8,32.9
2019,MO,4210,12763,11.1,33.6
2019,NE,2053,5777,10,28.1
2019,NE,2090,7729,6.9,25.6
2019,NE,2727,8641,11.1,35.2
2019,NE,1523,5427,10,35.7
2019,NV,1410,5310,8.4,31.6
2019,NV,5140,12832,13.1,32.8
2019,NH,3532,16694,6.6,31.4
2019,NM,317,1168,2.4,8.8
2019,NM,4647,5293,30.2,34.4
2019,NM,7233,11876,16.6,27.3
2019,NM,3629,8596,13.6,32.2
2019,NM,3285,5427,16.7,27.6
2019,NY,6772,18436,12.2,33.3
2019,NY,2798,9663,9.3,32.1
2019,NY,4898,13766,12.7,35.7
2019,NY,4503,12106,13.2,35.4
2019,NY,8125,26380,11.3,36.8
2019,NC,4201,11115,12.3,32.5
2019,NC,4383,13388,8.4,25.6
2019,NC,7730,13453,21.4,37.2
2019,NC,2916,7359,10.6,26.8
2019,NC,6733,10933,16.5,26.8
2019,NC,8049,12649,20.3,31.9
2019,NC,5289,10644,16.1,32.4
2019,NC,6532,15168,9.3,21.6
2019,NC,19384,28607,22.7,33.4
2019,NC,7735,15554,16.2,32.5
2019,NC,4676,8013,19.8,33.9
2019,NC,10449,14725,20.5,28.9
2019,NC,2811,6858,11,26.8
2019,ND,978,2856,9.3,27.1
2019,OH,2275,13482,7.3,43.5
2019,OH,3227,16523,9.2,46.9
2019,OH,2291,10918,8.8,42.1
2019,OH,3311,8514,16,41.2
2019,OH,3955,11678,14.5,42.7
2019,OH,3908,18688,7.5,36
2019,OH,2525,10682,8.3,35.2
2019,OH,3950,17378,9.6,42.4
2019,OH,7993,21764,15.1,41.2
2019,OH,3083,16836,8.3,45.2
2019,OH,3157,13363,9.8,41.3
2019,OH,8993,28618,14,44.7
2019,OH,1691,8592,8.7,44.3
2019,OH,4070,17433,9.4,40.3
2019,OK,4227,10174,13.6,32.8
2019,OK,4102,9536,13.5,31.3
2019,OK,6731,15717,14.7,34.4
2019,OK,3010,7444,14.7,36.3
2019,OK,3409,12053,9.6,34
2019,OR,1711,5706,10,33.3
2019,OR,8394,26031,10.4,32.3
2019,OR,3733,6207,18.9,31.4
2019,OR,1739,2374,24.2,33.1
2019,OR,8897,14401,17.6,28.5
2019,PA,4260,20252,9.9,47
2019,PA,7557,29255,12.8,49.5
2019,PA,2709,11558,10.7,45.5
2019,PA,6547,27342,11,45.8
2019,PA,3451,15986,10.5,48.8
2019,PA,4873,16802,15,51.8
2019,PA,8051,33432,12,49.8
2019,PA,11165,48726,10.7,46.6
2019,PA,4047,11940,13.2,39
2019,PA,2076,13267,7.1,45.4
2019,SC,3141,5825,18.3,34
2019,SC,7606,13387,19.7,34.7
2019,SC,5900,13231,12.8,28.8
2019,SC,7044,14530,14.8,30.5
2019,SC,4359,8064,22.8,42.2
2019,SC,4683,9372,18,36
2019,SC,8492,16303,15.1,29
2019,SC,8318,18496,14.1,31.2
2019,SD,350,1447,5,20.8
2019,SD,162,773,7.8,37.3
2019,SD,1151,5240,6.5,29.6
2019,TN,5137,12073,19.9,46.8
2019,TN,6383,16921,14.2,37.7
2019,TN,3569,11426,12.5,40
2019,TN,7597,20656,15.3,41.5
2019,TN,5821,15142,15.5,40.4
2019,TN,4250,8137,19.2,36.8
2019,TN,10436,25899,15,37.2
2019,TX,2969,3739,27.7,34.9
2019,TX,5406,7530,24.6,34.2
2019,TX,2974,4750,20.7,33
2019,TX,7127,10374,21,30.5
2019,TX,2877,4022,26.2,36.6
2019,TX,271,166,30.6,18.7
2019,TX,2932,4841,19.8,32.7
2019,TX,4888,7253,23.4,34.7
2019,TX,6470,14899,14.7,34
2019,TX,3424,3848,23.8,26.7
2019,TX,4942,8317,20,33.7
2019,TX,1963,4814,14,34.4
2019,TX,6462,9403,25.1,36.6
2019,TX,3703,4584,21.6,26.7
2019,TX,1684,3338,17.7,35.1
2019,TX,16619,9379,46.7,26.3
2019,TX,2021,3012,22.8,34
2019,TX,4556,4741,34.3,35.7
2019,TX,3063,2477,38.1,30.8
2019,UT,2023,6757,7.1,23.6
2019,VT,2250,7409,8.8,29.1
2019,VT,3161,14703,7.4,34.4
2019,VT,2636,11250,6.3,26.9
2019,VA,7537,12957,19.9,34.2
2019,VA,7843,15841,17.3,35
2019,VA,5205,9002,18.2,31.5
2019,VA,1509,2504,17.2,28.5
2019,WA,3541,3074,33.1,28.7
2019,WA,5438,17927,10.3,34
2019,WA,1108,3865,4.5,15.9
2019,WV,4860,10562,20.2,43.9
2019,WV,4094,15733,10.6,40.7
2019,WV,2697,8763,14,45.5
2019,WV,7012,16773,16.5,39.5
2019,WV,1322,5845,10.7,47.2
2019,WI,2463,11171,7.7,35.1
2019,WI,1651,7858,8,38.1
2019,WI,4540,21961,8,38.6
2019,WI,2683,12521,8.9,41.6
2019,WI,213,1120,8.1,42.6
2019,WI,2766,14471,6.1,31.9
2019,WI,4042,15063,9.1,33.9
2019,WI,2518,13120,8.6,44.8
2019,WI,3807,19850,7.3,38
2019,WY,870,3154,4.1,14.7
2019,AL,4812,6396,26.8,35.6
2019,AL,1798,2860,25.3,40.3
2019,AL,2066,6244,15,45.2
2019,AL,3478,7598,18.4,40.3
2019,AL,4366,9819,16.6,37.3
2019,AL,2016,3830,20.8,39.5
2019,AL,12072,16431,25.2,34.2
2019,AL,4878,11308,18.9,43.7
2019,AL,2037,4831,17.4,41.3
2019,AL,4739,7601,22.8,36.6
2019,AL,1204,2237,20.8,38.6
2019,AL,2190,3633,18.2,30.2
2019,AL,1076,2860,13.3,35.4
2019,AL,5546,9376,19.3,32.7
2019,AZ,8809,14491,19.6,32.2
2019,AR,1999,4832,16.1,38.9
2019,AR,2724,7134,13.7,35.9
2019,AR,2627,8007,14.1,42.8
2019,AR,1876,6352,13,43.8
2019,AR,826,2267,16.1,44.1
2019,AR,1482,3491,18.9,44.6
2019,AR,1526,4115,13.1,35.3
2019,AR,1956,4930,16.3,41
2019,AR,2491,5276,17.4,36.8
2019,AR,1297,3371,14.8,38.4
2019,AR,2421,5186,19.8,42.5
2019,AR,1782,4340,15.9,38.6
2019,AR,2108,6902,13.8,45.1
2019,AR,1460,2853,20.9,40.8
2019,AR,2510,4003,23.5,37.5
2019,AR,1820,5213,14.9,42.6
2019,CA,3424,9759,9.8,28
2019,CA,4518,4890,25.2,27.2
2019,CA,1025,2224,15.2,33
2019,CA,3095,8074,9.8,25.5
2019,CA,752,3428,7.6,34.8
2019,CO,2071,8544,9.3,38.3
2019,CO,396,1546,7.6,29.6
2019,CO,1852,5449,10,29.3
2019,CO,1552,3875,12.8,31.9
2019,FL,2431,4375,23.1,41.6
2019,FL,1764,3154,19.3,34.6
2019,FL,2801,4711,27,45.4
2019,FL,3001,5727,21.3,40.7
2019,FL,6848,13490,19.5,38.4
2019,FL,4476,12179,15.1,41.1
2019,FL,2582,5400,19,39.7
2019,FL,5499,12119,17.7,38.9
2019,FL,3418,7055,21.2,43.8
2019,FL,3352,7175,18.7,40.1
2019,GA,3125,4926,24.1,38
2019,GA,2767,5597,21,42.4
2019,GA,898,3212,11.4,40.9
2019,GA,2358,4108,20.9,36.3
2019,GA,2143,6570,14.4,44.2
2019,GA,2214,4073,22.3,41.1
2019,GA,1338,2535,19.6,37.1
2019,GA,2885,5470,21.6,40.9
2019,GA,1716,2800,23.8,38.9
2019,GA,2748,6103,17.7,39.4
2019,GA,3364,6634,19.9,39.2
2019,GA,3452,6887,18.5,36.9
2019,GA,1212,2618,20.7,44.8
2019,GA,2516,3313,26.4,34.8
2019,GA,3473,6023,22.8,39.5
2019,GA,1194,1676,25.5,35.8
2019,GA,1608,4035,16.5,41.5
2019,GA,841,2294,14,38.3
2019,GA,1560,1781,31.9,36.4
2019,GA,4322,6817,24.2,38.1
2019,GA,1046,2116,18.8,38
2019,GA,389,763,20.7,40.7
2019,GA,3103,6482,14.8,30.9
2019,GA,1138,2900,17.9,45.6
2019,GA,1130,3048,16.3,44
2019,ID,387,1425,8.8,32.4
2019,ID,649,2402,9.6,35.5
2019,ID,1147,4369,9.5,36.1
2019,ID,1031,1621,20.8,32.7
2019,ID,460,2272,5.4,26.7
2019,ID,1066,2406,15,33.8
2019,IL,1358,3663,16,43.1
2019,IL,786,4371,7.2,40
2019,IL,2200,4378,16.8,33.4
2019,IL,1256,4721,9.9,37.3
2019,IL,3045,9079,11.1,33
2019,IL,1247,5788,7.7,35.9
2019,IL,1635,2906,17.8,31.6
2019,IL,1067,4220,10.8,42.8
2019,IL,1509,3303,15.3,33.4
2019,IL,2572,5636,16.7,36.6
2019,IL,2278,4702,13.3,27.5
2019,IL,1200,6922,7.7,44.4
2019,IL,1418,4333,11.6,35.4
2019,IL,1496,3582,13.3,32
2019,IL,999,3712,10.1,37.4
2019,IN,900,4216,10.6,49.6
2019,IN,1267,5035,11,43.7
2019,IN,1853,9332,8.1,40.9
2019,IN,2745,9366,12.1,41.1
2019,IN,1646,6723,12,48.9
2019,IN,8649,6909,38.2,30.5
2019,IN,1321,6090,9.7,44.7
2019,IN,2164,7521,12.5,43.4
2019,IN,1868,6917,11.2,41.6
2019,IA,1135,3811,11.7,39.4
2019,IA,826,5398,5.9,38.5
2019,IA,1119,3538,12,37.9
2019,IA,573,4872,4.4,37.6
2019,IA,563,2931,6.9,35.8
2019,IA,594,3617,7.2,43.6
2019,IA,782,2485,12.2,38.9
2019,IA,979,5045,8.3,42.8
2019,IA,1142,5453,8.3,39.6
2019,IA,393,1677,7.9,33.6
2019,IA,415,2502,6.6,39.7
2019,IA,709,3416,6.7,32.4
2019,IA,919,4220,7.6,34.7
2019,IA,1017,4915,7.4,36
2019,IA,571,2511,9.1,40
2019,IA,697,4188,6.2,37.1
2019,IA,1015,5726,7.4,42
2019,IA,472,2458,7.9,41.3
2019,IA,717,2827,9.4,37.1
2019,IA,1469,7504,6.7,34.1
2019,IA,490,2434,7.7,38.3
2019,IA,668,2459,9.6,35.2
2019,IA,944,4061,8.5,36.5
2019,IA,624,2910,7.6,35.3
2019,IA,1014,4652,8.7,40
2019,IA,822,3000,9.7,35.5
2019,KS,445,2446,6.8,37.4
2019,KS,1403,4536,10.1,32.7
2019,KS,403,1987,7.1,35.2
2019,KS,425,1871,7.3,32.1
2019,KS,335,1602,7.6,36.3
2019,KS,692,2489,8.4,30.3
2019,KS,529,2862,7.8,42.2
2019,KS,356,1460,8.8,36.1
2019,KS,386,2634,5.8,39.8
2019,KY,3876,7497,20.8,40.3
2019,KY,2467,4630,24.4,45.8
2019,KY,2351,4592,19,37.1
2019,KY,3314,7678,18.5,43
2019,KY,2773,8190,15.1,44.5
2019,KY,2355,5548,15.6,36.8
2019,KY,3884,9736,17.9,44.8
2019,KY,2735,7039,16.7,43
2019,KY,1651,3354,19.7,40
2019,KY,949,4555,10,47.8
2019,KY,1587,4255,17.5,47
2019,LA,3633,7928,20.3,44.3
2019,LA,6441,10500,23.2,37.8
2019,LA,1502,4212,15.9,44.5
2019,LA,2448,5206,20.5,43.5
2019,LA,5301,9075,24.3,41.5
2019,LA,2174,4782,19.4,42.6
2019,LA,3893,8394,18.7,40.4
2019,LA,2244,4250,22.4,42.5
2019,LA,2996,5643,21.7,40.9
2019,LA,2361,7717,14.3,46.6
2019,LA,1849,4660,18.2,45.8
2019,ME,1605,8210,7.4,38
2019,ME,2468,12804,5.9,30.8
2019,ME,3452,17991,8.1,42
2019,ME,1255,5251,9.7,40.7
2019,ME,4334,15093,11.6,40.4
2019,ME,2291,9406,7.8,32.2
2019,MI,3477,8217,15.5,36.6
2019,MI,2455,7408,13,39.3
2019,MI,4013,13616,11.9,40.4
2019,MN,1599,7354,6.9,31.6
2019,MN,727,3722,7.4,37.7
2019,MN,1959,9765,6,30
2019,MN,761,3338,8.1,35.7
2019,MN,433,2506,5.3,30.9
2019,MN,667,3227,6.8,33.1
2019,MN,643,2202,10.4,35.5
2019,MN,479,2451,6,30.4
2019,MN,428,2099,6.7,33
2019,MN,2193,6191,13,36.7
2019,MN,1153,3063,15.5,41.3
2019,MS,2751,3986,22.4,32.4
2019,MS,2089,4558,16.8,36.6
2019,MS,2442,5696,15.7,36.6
2019,MS,2548,4495,23.2,41
2019,MS,3151,5380,21.4,36.6
2019,MS,3137,6670,18.5,39.3
2019,MS,4797,6920,26,37.5
2019,MS,2150,4334,17.8,35.9
2019,MS,2678,5308,19.6,38.9
2019,MO,4077,10269,16.4,41.3
2019,MO,1038,3323,12.8,41.1
2019,MO,1199,4007,12.3,41.2
2019,MO,1380,4583,11.3,37.5
2019,MO,1719,4224,17.9,44
2019,MO,793,2428,12.1,37.1
2019,MO,3902,9868,15.3,38.7
2019,MO,1337,3117,15.6,36.5
2019,MO,2190,7007,12.7,40.6
2019,MO,2364,4073,24.3,41.8
2019,MO,1620,5702,12.3,43.3
2019,MO,3929,8530,19.1,41.5
2019,MO,2402,5581,19.6,45.5
2019,MT,796,2677,10.5,35.2
2019,MT,1686,5884,8.2,28.5
2019,MT,564,2005,10.6,37.8
2019,MT,2644,9606,8.4,30.4
2019,NE,387,2082,7,37.6
2019,NE,784,3831,7.2,35.3
2019,NE,1465,2953,16.5,33.3
2019,NE,213,1470,4,27.5
2019,NE,600,2595,6.4,27.9
2019,NM,1384,2470,16,28.6
2019,NM,2003,4122,18.2,37.4
2019,NY,4088,13380,11.9,39
2019,NY,3627,12319,11.1,37.6
2019,NY,2447,9871,8.5,34.4
2019,NY,4709,13689,13.3,38.7
2019,NY,1809,8198,9.9,44.7
2019,NC,4474,8001,18.7,33.4
2019,NC,6705,14323,17,36.3
2019,NC,9591,12706,24,31.8
2019,NC,2745,5590,16.6,33.9
2019,NC,3892,6556,20.5,34.6
2019,ND,589,2409,7.7,31.5
2019,ND,1112,2506,14.6,33
2019,OH,2020,9208,10.5,48
2019,OH,1447,5254,13.2,47.9
2019,OH,1225,8352,6.5,44.5
2019,OH,2707,6907,16.4,41.8
2019,OH,1234,6216,9.5,47.9
2019,OH,1637,9324,7.2,41.3
2019,OH,2423,10851,9.5,42.4
2019,OK,2755,6666,19.2,46.6
2019,OK,1335,3992,13.2,39.5
2019,OK,4631,10961,15.1,35.8
2019,OK,1323,3243,15.3,37.4
2019,OK,943,2297,15.3,37.2
2019,OK,2045,6160,14.2,42.7
2019,OK,2375,4037,20.9,35.6
2019,OK,3769,11038,13.5,39.5
2019,OK,794,3163,11.1,44
2019,OK,1130,1678,22.5,33.4
2019,OR,2100,4972,13,30.7
2019,PA,4256,18111,12.1,51.3
2019,PA,2793,13216,9.6,45.3
2019,SC,1282,2910,20.2,45.9
2019,SC,2883,5048,20.2,35.4
2019,SC,5221,8861,21.5,36.5
2019,SC,3510,11886,13.4,45.4
2019,SC,5015,7919,24.7,39
2019,SC,2614,5852,19,42.5
2019,SC,2254,5062,18.5,41.5
2019,SC,1304,2660,16.6,33.9
2019,SC,4559,9092,21.1,42
2019,SC,4336,9095,19.9,41.6
2019,SD,622,2927,9,42.2
2019,SD,292,1825,5.6,35.1
2019,SD,799,2778,9.1,31.8
2019,SD,1900,2019,26.1,27.8
2019,TN,3062,8137,15.9,42.2
2019,TN,4517,8629,19.9,38
2019,TN,4910,13074,14.7,39.1
2019,TN,3428,7816,18.5,42.1
2019,TN,3358,8226,17.3,42.3
2019,TN,2729,5607,20.2,41.6
2019,TN,3926,9639,16.5,40.5
2019,TN,3161,8262,17.4,45.4
2019,TN,5720,13530,17.6,41.5
2019,TN,3025,6627,20.2,44.3
2019,TN,2446,5759,19.8,46.6
2019,TX,368,886,14.5,35
2019,TX,1082,2983,12.8,35.3
2019,TX,2965,9115,14.1,43.3
2019,TX,1205,1501,25.9,32.2
2019,TX,829,2254,13.5,36.7
2019,TX,844,808,32.1,30.8
2019,TX,595,951,20.5,32.8
2019,TX,2768,5625,19.2,39.1
2019,TX,2173,2343,33.6,36.2
2019,TX,1945,3945,15.6,31.6
2019,TX,974,1043,25.8,27.7
2019,TX,1733,1289,38.4,28.6
2019,TX,946,2121,16,35.8
2019,TX,1191,1405,29.7,35.1
2019,TX,1732,3070,17.6,31.1
2019,TX,3608,10744,15,44.7
2019,TX,774,1142,25.5,37.6
2019,TX,2091,2701,25.1,32.4
2019,TX,1906,2019,36.4,38.6
2019,TX,1982,5632,14.4,40.9
2019,TX,3055,5386,18.9,33.2
2019,TX,1870,3752,19.2,38.5
2019,TX,984,3559,11.4,41.4
2019,TX,2695,4950,17.1,31.4
2019,TX,387,911,17.8,41.9
2019,TX,1305,3600,14.6,40.4
2019,TX,951,1852,19.7,38.4
2019,TX,1470,2488,20.8,35.2
2019,TX,1340,1499,26.7,29.9
2019,TX,2526,2529,31.6,31.7
2019,TX,2718,6500,18,43
2019,TX,1575,2671,21.4,36.2
2019,TX,1421,1396,30.8,30.3
2019,TX,4926,10763,15.3,33.4
2019,UT,400,1161,7.5,21.8
2019,UT,1724,5113,9.8,28.9
2019,VT,1654,7403,6.5,29.1
2019,VA,4360,8633,18.5,36.7
2019,VA,1572,4530,14,40.3
2019,VA,4611,8938,18.5,36
2019,VA,2243,5727,13.2,33.7
2019,VA,2924,8019,13.8,37.9
2019,VA,779,1662,18.9,40.3
2019,VA,505,1770,12.7,44.4
2019,VA,273,698,8.6,21.9
2019,WA,1277,5357,4.9,20.7
2019,WA,4699,8859,16.1,30.3
2019,WV,1654,5332,14.7,47.3
2019,WV,3612,9788,14,37.8
2019,WV,1993,4517,19.7,44.7
2019,WV,2408,9085,11.7,44.1
2019,WV,2395,8785,13.1,48
2019,WV,1492,4202,15,42.2
2019,WV,1535,5652,13.8,50.9
2019,WI,2013,6856,12.5,42.6
2019,WI,3162,11654,9.8,36.1
2019,WI,567,3351,4.9,29.1
2019,WI,872,3858,9.1,40.4
2019,WI,3846,8634,17.7,39.8
2019,WI,1212,6535,5.6,30.3
2019,WI,1361,5136,10.2,38.7
2019,WI,1465,6026,10.1,41.6
2019,WI,1377,5981,9.7,42.3
2019,WI,2821,11393,9.1,36.8
2019,WI,1212,5020,9.9,40.8
2019,WI,1239,4270,12,41.5
2019,WI,1641,6123,11.6,43.4
2019,WI,1870,7828,9.3,39
2019,WI,2182,7767,10.6,37.7
2019,WI,3031,15141,8.2,40.8
2019,WI,2418,7668,13.2,42
2019,WY,876,3706,9.2,39
2019,AL,1737,3912,17.7,39.8
2019,AL,1971,4886,17.4,43.1
2019,AR,995,1972,20.3,40.2
2019,AR,1351,2432,20.2,36.4
2019,AR,1004,2388,16.8,39.9
2019,CA,1283,3320,9.4,24.4
2019,CA,185,766,7.6,31.7
2019,CO,540,1653,13.9,42.6
2019,CO,244,791,6.4,20.8
2019,CO,374,2243,9.1,54.5
2019,FL,2701,5420,21.6,43.3
2019,FL,1111,2731,18.6,45.8
2019,GA,1277,1729,27.1,36.7
2019,GA,1366,1503,30.8,33.9
2019,GA,2511,4448,23.6,41.8
2019,GA,715,1500,17.4,36.5
2019,GA,358,570,29,46.2
2019,GA,1217,2124,21.5,37.5
2019,GA,1045,1550,26.8,39.8
2019,GA,973,3142,15.6,50.3
2019,ID,807,2491,12.4,38.4
2019,ID,339,913,10.6,28.6
2019,ID,313,805,11.5,29.6
2019,ID,268,955,9.8,34.9
2019,ID,1271,3402,13.8,37
2019,IL,485,1474,13.1,39.8
2019,IL,467,1199,14,36
2019,IL,438,1413,11.2,36.3
2019,IN,1368,6628,9.5,46
2019,IN,473,2456,8,41.8
2019,IA,296,2074,5.8,40.5
2019,IA,424,1495,10.5,37.1
2019,IA,770,3903,7.5,38
2019,IA,1279,5492,10.1,43.2
2019,IA,325,1861,6.8,38.8
2019,IA,510,2888,7.1,40.4
2019,IA,1226,2909,15.9,37.7
2019,KS,320,832,13.4,34.8
2019,KS,217,802,11.5,42.6
2019,KS,401,1512,10.4,39.1
2019,KY,2240,6314,15.9,44.9
2019,KY,1946,3001,24.5,37.8
2019,KY,3000,5081,23.8,40.3
2019,KY,2692,4603,24.9,42.5
2019,KY,2282,4042,24.2,42.8
2019,KY,1867,2916,25.2,39.3
2019,KY,1175,2045,24.2,42.1
2019,KY,1836,3298,22.5,40.5
2019,LA,1575,2869,23.3,42.5
2019,LA,1114,2499,19.2,43.2
2019,ME,1824,9050,6.9,34.4
2019,MD,2189,9298,10.2,43.3
2019,MI,1312,4770,11.5,41.9
2019,MI,2307,6568,12.8,36.3
2019,MN,839,2102,13.9,34.9
2019,MN,439,1226,13.1,36.7
2019,MN,652,2413,10,36.9
2019,MN,365,1662,8.1,36.9
2019,MN,206,1050,7.4,37.5
2019,MS,2331,3297,23.8,33.7
2019,MS,1629,1824,30.1,33.8
2019,MS,438,354,39.5,31.9
2019,MS,1071,1841,22,37.9
2019,MS,1399,2910,17.6,36.6
2019,MS,1563,2871,18.3,33.6
2019,MS,658,816,22.5,27.9
2019,MS,2284,4307,20.8,39.2
2019,MS,1569,2528,25.2,40.6
2019,MO,700,2443,12.8,44.8
2019,MO,485,1906,10.8,42.5
2019,MO,1156,3272,15.7,44.5
2019,MO,293,1421,8.9,43.3
2019,MO,861,2556,13.5,40
2019,MO,3129,5460,21.9,38.1
2019,MT,289,1332,7.4,33.9
2019,MT,192,772,7.8,31.5
2019,MT,83,478,5.6,32.2
2019,MT,356,1183,11.1,37
2019,MT,300,1515,8.5,42.8
2019,MT,996,3741,11.2,41.9
2019,MT,409,2401,6,35.5
2019,MT,334,1326,8,31.8
2019,MT,53,164,10.2,31.5
2019,NE,403,1655,8.7,35.7
2019,NE,358,1451,8.5,34.4
2019,NE,321,1361,7.9,33.5
2019,NE,101,569,6.1,34.3
2019,NE,516,1615,13.7,42.8
2019,NE,301,968,11.3,36.3
2019,NE,173,952,6.8,37.7
2019,NE,156,804,7,36.2
2019,NE,422,1271,10.9,32.9
2019,NY,804,969,22.5,27.2
2019,NY,1268,4430,9.6,33.5
2019,NC,2191,4024,16.4,30.2
2019,NC,3269,5619,19.6,33.6
2019,NC,3744,4932,25,32.9
2019,NC,1469,3990,9.2,25.1
2019,NC,1983,2994,20.2,30.6
2019,NC,2046,4386,15.5,33.2
2019,ND,311,861,12.7,35.2
2019,ND,173,630,9.9,36.1
2019,ND,163,602,9.2,33.8
2019,ND,525,2346,7.6,33.8
2019,ND,179,637,8.2,29.2
2019,ND,344,1352,9,35.4
2019,ND,47,322,3.7,25.3
2019,ND,357,1414,6.6,26
2019,OH,1098,5236,10.9,51.8
2019,OK,710,1750,16.8,41.4
2019,PA,1279,5490,12.2,52.2
2019,PA,2888,8439,16.7,48.8
2019,PA,514,2346,10.4,47.7
2019,PA,3090,13656,10.2,45
2019,SD,83,606,6.1,44.3
2019,SD,612,1660,12.3,33.2
2019,SD,339,646,17.6,33.5
2019,SD,153,584,10.2,38.8
2019,SD,422,1486,9.6,33.7
2019,SD,156,740,7.6,36
2019,SD,261,679,15.9,41.3
2019,TN,2691,4392,24.4,39.8
2019,TN,2412,3829,25.6,40.7
2019,TN,1084,2001,22.9,42.2
2019,TN,1424,3999,16.2,45.4
2019,TN,1231,4310,12.8,44.8
2019,TX,22,84,5.3,20.1
2019,TX,407,853,16.3,34.1
2019,TX,255,587,15.6,35.8
2019,TX,248,747,11.3,34
2019,TX,371,930,13.9,34.7
2019,TX,2183,4785,18.2,40
2019,TX,2003,2956,23.1,34.1
2019,TX,1122,3111,14.8,41
2019,TX,1215,2819,15.3,35.6
2019,TX,402,488,20.4,24.8
2019,TX,304,489,13.6,21.8
2019,TX,82,403,10.6,52
2019,TX,594,1001,24.4,41.2
2019,UT,63,468,4.3,32.1
2019,VT,1276,4546,7.2,25.6
2019,VA,305,1350,9.7,42.9
2019,VA,565,2098,11.4,42.4
2019,VA,1419,3415,16.8,40.4
2019,VA,215,725,11.5,38.7
2019,VA,4188,6205,23.3,34.5
2019,VA,2682,4708,19.8,34.8
2019,WA,90,451,5.6,27.9
2019,WA,557,2237,7.3,29.3
2019,WV,2043,4835,19.6,46.3
2019,WV,1058,2537,19.5,46.7
2019,WV,1541,4925,15.5,49.4
2019,WV,1860,5337,14.1,40.4
2019,WV,979,2706,18.6,51.3
2019,WV,592,2749,10.9,50.7
2019,WV,1110,3668,15.4,51
2019,WV,2118,4403,20.9,43.5
2019,WV,657,2518,12.2,46.8
2019,WV,3056,7507,19.8,48.7
2019,WI,1050,4623,9.2,40.5
2019,WI,1249,4684,10.9,40.9
2019,AK,818,4875,3.6,21.6
2019,AK,697,2864,7.2,29.7
2019,AZ,3495,6809,14.7,28.7
2019,AR,3581,11536,11.3,36.3
2019,AR,3271,8675,12.6,33.4
2019,AR,586,1661,15.8,44.7
2019,AR,1323,3976,10,30.2
2019,AR,2071,6116,14.1,41.7
2019,AR,3512,9451,14,37.6
2019,AR,774,2026,13.5,35.4
2019,AR,2286,6816,14,41.6
2019,AR,6286,14253,15.5,35.2
2019,AR,4029,9509,15.1,35.5
2019,CA,3918,6095,19.9,31
2019,CA,8811,20505,9.5,22.2
2019,CA,3807,7799,16.8,34.5
2019,CO,4522,5854,11.7,15.2
2019,CO,4685,10623,11.9,27
2019,CO,1577,5114,10.4,33.7
2019,CO,1004,3447,11.3,38.8
2019,CO,425,2332,3.1,17
2019,CO,588,3751,3.2,20.2
2019,CO,1663,4194,7.1,18
2019,GA,1838,5052,16.5,45.3
2019,GA,6852,10497,24.3,37.2
2019,GA,1703,2841,25.8,43.1
2019,GA,1732,3202,24.9,45.9
2019,GA,4476,13687,14.1,43.1
2019,GA,1102,2298,18.3,38.1
2019,GA,3125,6727,17.9,38.6
2019,GA,4662,8942,18.1,34.7
2019,GA,3492,6587,19.9,37.5
2019,GA,4555,9600,18.6,39.2
2019,HI,10886,42737,7.7,30.2
2019,HI,3842,15313,7.5,30
2019,ID,1796,4052,11.3,25.6
2019,ID,49,316,6.7,43.2
2019,ID,2293,4166,16.4,29.8
2019,ID,3284,4415,22.8,30.6
2019,ID,787,1118,23.4,33.3
2019,ID,2691,4154,20.8,32.1
2019,ID,481,1278,6.2,16.6
2019,ID,6973,14682,12.9,27.2
2019,IL,3451,16335,7.5,35.4
2019,IL,2165,8630,9.2,36.6
2019,IL,2846,10048,8.6,30.5
2019,IL,716,3054,9.4,40.1
2019,IL,1622,8368,6.9,35.8
2019,IL,850,4737,6.6,36.6
2019,IL,447,2115,8.8,41.7
2019,IL,3328,8101,12.6,30.6
2019,IL,1171,5686,6.4,31.2
2019,IL,1326,3365,13.2,33.6
2019,IL,231,1696,6.5,47.7
2019,IN,5387,6989,26.2,34
2019,IN,3071,10971,10.7,38.3
2019,IN,2772,8764,11.3,35.8
2019,IN,2103,9414,8.9,39.6
2019,IN,6163,16997,13.5,37.3
2019,IA,2708,3812,21.6,30.3
2019,IA,2239,9341,7.3,30.6
2019,IA,732,3917,6.4,34.4
2019,IA,944,1819,16.9,32.5
2019,IA,2184,9177,8,33.5
2019,IA,510,3351,4,26.3
2019,IA,928,3812,6.8,28
2019,IA,1706,9902,7,40.8
2019,IA,1170,5914,7.8,39.6
2019,IA,2839,8369,11.9,34.9
2019,IA,2349,8347,9.5,33.9
2019,IA,353,1921,6.7,36.4
2019,KS,1879,5714,10.5,32
2019,KS,1168,4696,6.7,26.9
2019,KS,6238,4772,29,22.2
2019,KS,5378,5142,26.4,25.3
2019,KS,555,747,24.1,32.4
2019,KS,1410,4397,10.2,31.8
2019,KS,1698,5415,8.7,27.9
2019,KS,2452,6400,11.2,29.2
2019,KS,207,1444,5.1,35.4
2019,KS,3162,11147,8.5,30.1
2019,KS,4356,3714,33.7,28.7
2019,KY,721,2047,12.8,36.4
2019,KY,5746,7280,30.4,38.5
2019,KY,2580,6710,12.9,33.5
2019,KY,2541,7755,10.5,32.1
2019,KY,909,1627,20.9,37.4
2019,KY,3167,9939,12.6,39.5
2019,KY,4204,12778,13.3,40.4
2019,KY,5572,7976,26.5,38
2019,KY,7891,16271,18.9,39.1
2019,KY,3411,7238,20.1,42.7
2019,KY,1092,2933,16.2,43.6
2019,KY,4385,14406,9.5,31.4
2019,KY,1062,2102,22.6,44.7
2019,KY,1719,2711,24.4,38.6
2019,KY,7756,16103,17.2,35.7
2019,KY,2561,5160,21.6,43.4
2019,KY,2148,6539,12.9,39.2
2019,KY,4283,8520,18.6,36.9
2019,LA,2633,5424,19.8,40.8
2019,LA,3979,12142,13.2,40.2
2019,MA,662,3032,5.2,23.6
2019,MI,1721,7122,8.1,33.7
2019,MI,893,4146,6.7,31.2
2019,MI,2591,8882,10,34.1
2019,MI,1563,8942,5.9,33.8
2019,MI,933,6166,5,33.2
2019,MI,3197,15948,4.8,24
2019,MI,1521,7014,7.2,33.1
2019,MI,1614,5358,12.7,42.1
2019,MI,61,603,3.6,35.4
2019,MI,726,3615,4.3,21.6
2019,MI,2242,13730,5,30.9
2019,MI,1656,7239,7.9,34.5
2019,MI,1287,7301,7.5,42.5
2019,MI,1095,4373,10.5,41.9
2019,MI,2399,8410,10.4,36.4
2019,MN,2243,7916,7.9,27.8
2019,MN,1662,6895,7.8,32.3
2019,MN,2440,7623,11.2,35
2019,MN,1315,5205,8,31.7
2019,MN,3321,4379,23.7,31.3
2019,MN,1839,8273,7.5,33.7
2019,MS,4937,7355,22.1,33
2019,MS,4768,8218,18.7,32.2
2019,MS,4568,5127,22.2,24.9
2019,MS,1446,2586,19.8,35.4
2019,MS,1865,4295,17.1,39.4
2019,MS,2957,3643,20.5,25.2
2019,MS,2739,3977,19.2,27.8
2019,MS,3288,4890,20.9,31.1
2019,MS,1797,4366,15.8,38.5
2019,MS,1205,2588,17.9,38.3
2019,MS,7951,14103,15.5,27.5
2019,MS,9232,14625,16.4,25.9
2019,MS,3272,6794,18.4,38.2
2019,MS,5491,12570,14,32
2019,MS,2401,5604,9.3,21.7
2019,MS,4838,5994,23.5,29.1
2019,MS,4398,5642,25.1,32.2
2019,MS,6317,9644,21.2,32.3
2019,MO,1338,4663,9.9,34.4
2019,MO,4973,10933,17,37.3
2019,MO,658,2085,13.7,43.5
2019,MO,4737,7620,23.7,38.2
2019,MO,3543,10629,13,38.9
2019,MO,748,2985,11.5,45.9
2019,MO,2306,7107,12,37
2019,MO,3259,8451,11.7,30.4
2019,MO,2070,7962,7.2,27.5
2019,MO,749,3565,10.3,49
2019,MO,373,1387,12.4,46.2
2019,MT,3742,20833,5.3,29.4
2019,MT,2214,12296,3.2,17.8
2019,MT,495,2291,5.7,26.5
2019,MT,2084,11241,4.4,23.6
2019,MT,1778,7601,7.5,32
2019,NE,16,135,3,25.6
2019,NE,3367,4826,22,31.6
2019,NE,111,434,7,27.5
2019,NE,158,1289,3.6,29.2
2019,NE,1577,6944,6.5,28.5
2019,NE,37,186,6,30.1
2019,NE,35,77,10.8,23.8
2019,NE,2195,6971,9.6,30.4
2019,NE,222,1610,4.6,33.3
2019,NE,2411,6482,11.1,29.8
2019,NE,2900,6942,12,28.7
2019,NE,57,246,6.8,29.4
2019,NE,258,1284,6.3,31.6
2019,NV,4560,10936,13.7,32.8
2019,NV,73,638,5.4,47.4
2019,NV,1953,3426,17.6,30.8
2019,NH,2954,9474,12.2,39
2019,NH,4529,16759,7.2,26.5
2019,NH,2810,11656,8.8,36.4
2019,NM,9015,11466,21.8,27.7
2019,NM,5528,8154,18.1,26.7
2019,NM,5799,13638,15.6,36.6
2019,NM,2496,5276,12.5,26.5
2019,NM,10856,13288,25.7,31.5
2019,NM,10059,15197,22.8,34.4
2019,NM,2161,3035,20,28.1
2019,NM,2401,6864,9.9,28.2
2019,NY,6819,20807,12.4,37.7
2019,NY,4422,13214,12.6,37.7
2019,NY,3308,12494,8.3,31.3
2019,NC,2938,5772,19.6,38.5
2019,NC,5852,9839,19.1,32.2
2019,NC,805,1129,26,36.5
2019,NC,2927,6584,9.2,20.7
2019,ND,382,1391,9.2,33.6
2019,ND,79,573,4.7,34.1
2019,ND,1937,6524,9.5,32.1
2019,ND,1331,4938,9.1,33.8
2019,ND,2740,13049,6.3,30
2019,ND,2127,6048,9.5,27.1
2019,OH,3667,9338,16.5,42.1
2019,OH,2123,12233,7.9,45.3
2019,OK,2145,5348,14.5,36.2
2019,OK,3859,11844,12,36.7
2019,OK,2095,5284,12.3,31.1
2019,OK,4909,14671,12.1,36.2
2019,OK,2396,4328,14.9,26.9
2019,OK,3881,9567,13.2,32.4
2019,OK,4043,11861,13,38.2
2019,OK,2678,8180,10.8,32.9
2019,OK,3501,3250,27.7,25.7
2019,OK,1686,5488,12.3,39.9
2019,OR,5316,14369,11.2,30.2
2019,OR,1777,5010,9.7,27.4
2019,OR,5593,14532,11.9,31
2019,OR,3203,10223,8.5,27.3
2019,OR,1279,5645,7.3,32.2
2019,PA,2422,13972,8.2,47.5
2019,PA,3627,12326,13.4,45.6
2019,SD,1897,4116,15.7,34
2019,SD,917,4662,5,25.2
2019,SD,1802,8118,7,31.6
2019,SD,1618,6946,8.5,36.5
2019,SD,1066,4209,7.9,31.1
2019,SD,183,918,6.9,34.5
2019,SD,948,3337,7.8,27.3
2019,SD,111,661,5.1,30.6
2019,SD,40,310,4.4,33.7
2019,SD,1452,5613,9.1,35.4
2019,TN,4114,9910,16.1,38.8
2019,TN,3285,10658,14.1,45.6
2019,TN,649,1832,14.1,39.9
2019,TN,3507,9526,16.5,44.8
2019,TN,3003,7242,19.4,46.7
2019,TN,3194,8367,14.9,38.9
2019,TX,7851,16361,18.7,38.9
2019,TX,10350,18078,18.1,31.6
2019,TX,3332,9460,12.8,36.3
2019,TX,2432,2610,30.1,32.3
2019,TX,2134,5779,11,29.9
2019,TX,281,77,73.6,20.2
2019,TX,5306,11191,15.7,33.1
2019,TX,13300,7433,40.5,22.6
2019,TX,4077,3264,32.7,26.2
2019,TX,6420,10763,17.1,28.6
2019,TX,3177,3433,30.3,32.7
2019,TX,2378,3821,21.3,34.3
2019,TX,4639,6649,23.3,33.4
2019,TX,1792,3802,16.9,35.9
2019,TX,9374,7211,31.8,24.4
2019,UT,1104,3547,8.4,27.1
2019,UT,2983,7301,14.3,34.9
2019,VT,625,2175,13.2,46
2019,VT,1739,7671,8.2,36.2
2019,VT,2727,12080,6.6,29.1
2019,VA,2452,4181,22.6,38.5
2019,VA,5570,11108,18.3,36.5
2019,VA,6630,8161,24.1,29.7
2019,VA,439,659,16,24
2019,WA,4332,15145,7.5,26.3
2019,WA,13526,15767,23.3,27.2
2019,WV,1142,2780,18,43.7
2019,WV,5411,18644,11.2,38.6
2019,WV,3041,10161,14.5,48.5
2019,WI,238,1293,6.9,37.6
2019,WY,2152,10841,7.1,35.6
2019,WY,2092,7883,7.9,29.7
2019,WY,1001,5492,4.7,25.6
2019,WY,2017,9239,7.2,33
2019,WY,834,2577,4.8,14.9
2019,WY,941,5383,7.3,41.5
2019,AZ,699,2032,11.9,34.7
2019,AR,1426,3105,19,41.3
2019,AR,1431,2833,19.2,38.1
2019,AR,1845,4410,17.5,41.9
2019,AR,1275,3171,14.4,35.8
2019,AR,3678,7082,21.1,40.7
2019,AR,1632,2728,24.2,40.4
2019,AR,1064,2077,21.1,41.3
2019,AR,562,2513,9.6,43
2019,AR,2093,4417,17.1,36.1
2019,AR,2052,5071,16.5,40.9
2019,AR,1737,3215,18.8,34.9
2019,GA,3081,4758,25.1,38.7
2019,GA,1318,3116,17.9,42.4
2019,GA,1633,2685,22.7,37.3
2019,GA,3186,6076,21.4,40.8
2019,GA,1157,2507,18.5,40.2
2019,GA,2020,3764,20.7,38.7
2019,GA,1237,1923,26.3,40.8
2019,GA,2672,6374,18.7,44.7
2019,GA,1039,2739,19.2,50.5
2019,ID,670,3480,8.2,42.7
2019,ID,2040,3413,20.9,35
2019,IL,942,4066,8.8,38.1
2019,IL,1123,3605,12,38.6
2019,IL,2066,3938,15,28.6
2019,IL,745,2022,12.9,34.9
2019,IL,687,2629,10.2,39.1
2019,IL,1793,4113,15.1,34.7
2019,IL,1238,4236,11.3,38.7
2019,IL,550,1850,10.6,35.6
2019,IL,1390,4022,12.1,34.9
2019,IN,1692,5625,12.2,40.6
2019,IN,848,3041,11.9,42.7
2019,IA,876,3251,9.8,36.5
2019,IA,604,2127,9.3,32.8
2019,IA,1076,3846,9.9,35.4
2019,IA,630,2544,8.9,35.9
2019,IA,511,2792,6.7,36.3
2019,IA,481,2482,7.2,37
2019,IA,597,2790,8.2,38.4
2019,IA,659,2100,12.3,39.1
2019,IA,752,3823,7.9,39.9
2019,IA,491,1555,11.6,36.6
2019,IA,449,1795,7.3,29.2
2019,IA,730,4564,6.1,37.9
2019,IA,538,2428,7.6,34.1
2019,IA,677,3264,7.6,36.9
2019,KS,423,1894,7,31.6
2019,KS,1115,4327,8.5,33.2
2019,KS,379,1552,8.4,34.3
2019,KS,1013,1143,23,25.9
2019,KS,993,3508,9.2,32.5
2019,KS,465,1640,9.4,33.1
2019,KS,525,1824,8.4,29.3
2019,KS,602,1373,11.9,27.2
2019,KS,501,869,15.6,27
2019,KS,767,909,21.8,25.8
2019,KY,2697,5153,20.4,39
2019,KY,1163,4031,13,45
2019,KY,1030,2674,16.2,42
2019,KY,2011,3973,20.4,40.3
2019,KY,801,2696,12.2,41.1
2019,KY,2390,5842,18.5,45.3
2019,KY,2573,8664,11.3,38.2
2019,KY,2257,4758,15.8,33.4
2019,KY,1315,3473,16,42.4
2019,KY,3738,5689,25.4,38.7
2019,LA,1966,2778,26.1,36.9
2019,MI,773,3652,8.9,41.9
2019,MI,1862,6530,10.1,35.6
2019,MI,1036,3796,10.4,38.2
2019,MI,580,2717,9.4,44.1
2019,MN,877,2811,10.6,34.1
2019,MN,830,2812,10.6,36
2019,MN,1066,4781,7,31.2
2019,MN,523,2336,7.3,32.7
2019,MN,954,3898,9.1,37.4
2019,MN,626,2175,9.4,32.7
2019,MN,870,3431,9.4,37.1
2019,MN,596,2417,8.7,35.4
2019,MS,2791,4353,24.6,38.4
2019,MS,2450,4602,18.3,34.3
2019,MS,4712,8910,19,36
2019,MS,1586,2392,22.1,33.3
2019,MS,3664,6625,19.7,35.6
2019,MS,2024,4234,14.8,30.9
2019,MS,2019,2058,29.1,29.6
2019,MS,3370,5835,19.9,34.5
2019,MS,3003,2833,30.5,28.8
2019,MS,2772,5131,20.7,38.4
2019,MS,2337,4561,18.3,35.7
2019,MS,1436,3449,16.7,40.2
2019,MO,3287,13042,9.6,37.9
2019,MO,1849,4556,16.8,41.4
2019,MO,1237,4730,11.8,45.1
2019,MO,664,2999,10.7,48.4
2019,MO,2576,5650,21.3,46.7
2019,MO,2416,4702,22.2,43.3
2019,MO,3003,7089,16.4,38.6
2019,MT,619,2635,8.9,38.1
2019,MT,1558,5609,10.4,37.3
2019,MT,689,3743,5.5,29.9
2019,MT,573,2613,7.7,35.2
2019,MT,803,2035,12.5,31.6
2019,NE,2052,1930,30.7,28.9
2019,NE,706,2127,11.6,35.1
2019,NE,494,2260,6.6,30
2019,NE,457,1919,8.9,37.3
2019,NE,505,1895,8.5,31.7
2019,NE,421,1877,6.7,29.9
2019,NV,453,1471,11.7,38
2019,NM,573,1571,17.3,47.5
2019,NM,526,1044,17.7,35.1
2019,NM,1543,4385,10.5,29.9
2019,NY,2770,11012,9.2,36.7
2019,NC,2820,8136,10.7,31
2019,NC,1333,3059,16.3,37.4
2019,ND,198,1047,6.7,35.2
2019,OH,11048,8443,43.1,32.9
2019,OH,3841,7795,19.8,40.2
2019,OH,1235,6959,8.1,45.7
2019,OK,1618,3881,16.8,40.3
2019,OK,1808,3889,17.8,38.3
2019,OK,679,1535,16.1,36.5
2019,OK,1657,3747,17.8,40.3
2019,OK,1043,2600,14,34.9
2019,OK,862,2589,12.2,36.8
2019,OK,1186,2798,17.6,41.6
2019,OK,592,2007,11.4,38.6
2019,OK,1528,3683,15.8,38
2019,OK,2573,5565,15.7,34
2019,OK,750,3128,9.9,41.5
2019,OK,574,1679,10.2,29.9
2019,PA,1712,10679,7.7,48
2019,PA,1021,3442,17,57.4
2019,PA,3330,15951,10.7,51.1
2019,PA,1456,5704,12,47
2019,SC,1889,3127,19.7,32.5
2019,SD,462,1901,9.3,38.2
2019,TN,2083,5479,17.6,46.4
2019,TN,1526,2433,27.1,43.2
2019,TN,3160,8582,16.8,45.7
2019,TX,985,1499,23.1,35.1
2019,TX,1262,1000,31.2,24.7
2019,TX,1481,3344,15.5,34.9
2019,TX,2230,2176,31.4,30.7
2019,TX,631,2037,8.7,27.9
2019,TX,2421,4616,17.4,33.2
2019,TX,4322,3376,38.2,29.8
2019,TX,1087,899,32.2,26.7
2019,TX,584,904,21.1,32.7
2019,TX,3127,6023,18.8,36.2
2019,TX,479,1057,14.9,32.9
2019,TX,1310,1560,23.2,27.6
2019,TX,1189,2244,21.3,40.3
2019,TX,1747,1864,29.2,31.1
2019,TX,1061,1468,25.2,34.9
2019,TX,3826,5690,23.6,35
2019,TX,1779,1275,36.5,26.2
2019,TX,2351,2317,33.1,32.7
2019,UT,424,1248,11.1,32.6
2019,UT,1322,4326,11.2,36.7
2019,UT,1367,2920,15.1,32.2
2019,VT,1874,7607,8.7,35.3
2019,VT,2413,9400,7.6,29.5
2019,VA,4270,7999,19.2,36
2019,VA,4103,7220,18.1,31.8
2019,VA,3949,7601,19.7,38
2019,VA,1157,1444,24.3,30.4
2019,WA,1978,5037,11.7,29.9
2019,WV,1350,5917,11.6,51
2019,WV,4222,7348,24.5,42.6
2019,WV,695,3254,10.8,50.5
2019,WV,2430,8142,14.6,49
2019,WI,1013,4644,8.7,39.7
2019,WI,2248,8071,11.6,41.5
2019,WI,1863,8667,6.9,32
2019,WY,939,3991,9,38.2
2019,WY,739,2643,7.9,28.2
2019,WY,184,1023,5.3,29.5
2019,WY,244,1628,4,26.8
2019,WY,923,4071,7.2,31.8
2019,WY,323,1904,6.3,37.4
2019,AL,1737,3515,18.6,37.7
2019,AL,2205,3577,23.3,37.8
2019,AL,1675,2808,23.5,39.5
2019,AR,1653,3876,16.2,38
2019,AR,1700,4727,13.5,37.5
2019,AR,949,2865,12.6,38.1
2019,AR,1057,2326,18.2,40.2
2019,AR,853,2041,18.3,43.8
2019,CO,777,2131,7.7,21
2019,CO,629,3100,5.4,26.8
2019,CO,123,274,12.6,28.1
2019,CO,86,613,2.2,15.9
2019,CO,322,927,11.5,33.1
2019,CO,342,1328,8.1,31.5
2019,CO,30,125,6.2,25.8
2019,CO,210,470,13,29.1
2019,CO,275,1171,8.1,34.5
2019,GA,1705,1805,32.8,34.7
2019,GA,1933,4199,15.2,33.1
2019,IL,826,1825,17,37.5
2019,IA,433,2659,6.2,38
2019,IA,381,1921,7.8,39.4
2019,IA,500,2562,7.2,36.9
2019,IA,419,1641,9.8,38.5
2019,IA,542,1953,10.8,38.9
2019,KS,149,529,8.2,29.1
2019,KS,74,384,5.2,27.2
2019,KS,309,596,14.6,28.2
2019,KS,855,850,22.6,22.5
2019,KS,319,664,19.2,39.9
2019,KS,685,478,27.6,19.3
2019,KS,117,273,8.9,20.8
2019,KS,191,438,11.8,27.1
2019,KS,143,662,6.7,31.1
2019,KS,532,726,19.3,26.4
2019,KS,406,1090,11.3,30.4
2019,KS,172,651,7.9,29.8
2019,KS,269,847,9.3,29.3
2019,KS,144,664,6.8,31.1
2019,KS,690,2035,11.5,33.9
2019,KY,559,1357,16.7,40.4
2019,KY,2637,4464,24,40.6
2019,KY,5132,5136,35.3,35.3
2019,KY,889,2097,18.2,43
2019,KY,5093,6462,27.2,34.6
2019,KY,654,1369,19.9,41.7
2019,KY,2378,4003,25.4,42.7
2019,KY,2105,3074,28.7,41.9
2019,KY,3873,5894,24.3,37
2019,KY,2840,4961,23.4,40.9
2019,KY,2704,4769,21.5,38
2019,LA,1712,2627,25.7,39.4
2019,LA,715,1462,22.5,46.1
2019,LA,1629,3518,21.2,45.7
2019,MI,907,3346,10.7,39.3
2019,MI,707,3161,10.1,45.2
2019,MI,1456,5507,8.3,31.5
2019,MI,673,2534,10.8,40.6
2019,MI,1607,3713,17.6,40.6
2019,MI,554,1761,11.6,36.8
2019,MI,780,2851,9.3,34
2019,MI,965,3173,13.1,42.9
2019,MI,366,2105,7.5,43.4
2019,MI,1845,7139,11.3,43.8
2019,MN,300,1410,7.1,33.3
2019,MN,322,1529,8.1,38.3
2019,MN,583,2168,9.8,36.3
2019,MS,2216,3679,22.5,37.3
2019,MS,1130,2076,19.5,35.9
2019,MS,817,1876,15.4,35.4
2019,MS,1778,4251,18.3,43.8
2019,MS,1001,2429,15.1,36.6
2019,MO,333,1521,8.5,39
2019,MO,2293,5962,15.5,40.3
2019,MO,643,1825,15.2,43.2
2019,MO,488,2603,9.3,49.4
2019,MO,1361,3048,18.5,41.4
2019,MO,351,1155,13.1,43.2
2019,MO,1271,3229,16.9,43
2019,MO,1215,2985,17.7,43.4
2019,MO,318,1426,9.5,42.8
2019,MO,1912,4024,20.1,42.3
2019,MO,619,1280,20.1,41.5
2019,MO,1172,2630,20,44.9
2019,MO,384,1791,9.3,43.4
2019,MO,685,2189,15.7,50.2
2019,MO,2265,3712,23.8,39
2019,MO,150,643,10.2,43.6
2019,MT,293,1380,6.8,32.2
2019,MT,302,2024,4.6,30.8
2019,MT,64,538,4.8,40.3
2019,NE,309,1487,7,33.8
2019,NE,18,74,6.3,25.9
2019,NE,18,112,5,31
2019,NE,186,1376,5.1,37.6
2019,NE,430,2025,7.5,35.4
2019,NE,169,792,7.5,35.3
2019,NE,74,530,4.1,29.2
2019,NE,164,639,7,27.2
2019,NE,64,172,9.8,26.3
2019,NE,459,1975,7.9,33.8
2019,NE,421,1085,12.5,32.3
2019,NE,238,782,12.4,40.6
2019,NE,240,517,12,25.8
2019,NE,313,1129,8.6,31
2019,NE,29,108,6.1,22.8
2019,NE,152,871,6.2,35.5
2019,NV,94,326,11.7,40.6
2019,NV,992,1932,19.1,37.2
2019,NM,168,1337,5.9,47.1
2019,NM,379,1198,10.8,34.1
2019,NC,1896,2438,22.5,29
2019,NC,3028,6470,14.9,31.8
2019,NC,732,1476,19.2,38.7
2019,NC,1642,3668,14.8,33
2019,ND,74,233,10.5,33
2019,ND,376,1260,8.3,27.8
2019,ND,111,416,7.4,27.8
2019,ND,288,925,8.7,27.8
2019,ND,115,587,6.7,34
2019,ND,273,1027,8.9,33.7
2019,ND,224,603,9.7,26
2019,ND,247,646,12.9,33.8
2019,ND,408,854,13.8,28.9
2019,ND,166,458,12,33.2
2019,ND,737,2263,9.3,28.4
2019,ND,502,2223,7.6,33.9
2019,ND,228,1023,8.1,36.4
2019,OH,1694,5300,15.3,47.9
2019,OK,649,1638,14.8,37.5
2019,OK,576,1241,16.2,34.9
2019,OK,264,562,16.9,36
2019,OK,649,1558,17.3,41.6
2019,OK,200,1337,6.2,41.5
2019,OK,399,970,14.2,34.5
2019,OK,280,1109,9.3,36.9
2019,OK,385,477,20.3,25.1
2019,OK,467,848,18.2,33.1
2019,OK,286,900,11.6,36.4
2019,OR,134,399,10.7,31.9
2019,OR,378,1569,6.9,28.6
2019,OR,92,407,8.4,37.1
2019,PA,331,1714,9.3,48.3
2019,SD,234,605,13,33.5
2019,SD,635,1865,12.6,37
2019,SD,218,1042,8.8,42.2
2019,SD,410,1442,10.5,36.9
2019,SD,269,1113,8.9,36.9
2019,SD,234,716,11.5,35.2
2019,SD,111,576,6.7,34.5
2019,SD,300,1560,8.2,42.5
2019,SD,139,753,6.1,33
2019,SD,74,365,7.4,36.5
2019,SD,159,571,10.6,38
2019,SD,29,263,4.7,42.6
2019,SD,325,1371,9.3,39.1
2019,SD,244,871,10.3,36.9
2019,SD,285,538,17.6,33.3
2019,SD,259,1016,7.9,31
2019,SD,120,602,7.2,36.3
2019,SD,681,2324,10.4,35.5
2019,SD,110,665,6.6,40.1
2019,SD,395,1654,8.9,37.2
2019,TN,1100,2581,19.7,46.2
2019,TN,2216,5678,17,43.6
2019,TN,996,1487,25.6,38.2
2019,TN,900,2173,21,50.8
2019,TX,608,578,32.3,30.7
2019,TX,514,510,26.1,25.9
2019,TX,170,300,18.1,32
2019,TX,67,154,14.2,32.6
2019,TX,635,1087,21.5,36.8
2019,TX,352,764,12.3,26.7
2019,TX,609,1142,17,31.9
2019,TX,377,687,16.7,30.4
2019,TX,41,170,7.3,30.4
2019,TX,1076,2442,17.7,40.1
2019,TX,435,638,21,30.7
2019,TX,716,1089,19.8,30
2019,UT,24,161,6,40
2019,UT,392,1908,6.2,30.2
2019,VA,4895,5739,29.9,35.1
2019,WV,832,2489,15,44.7
2019,WV,4285,6427,31.4,47
2019,WV,1124,3090,17.4,47.8
2019,WY,381,1506,7.3,29
2019,WY,273,2358,4,34.6
2019,AL,3259,7005,19.4,41.8
2019,AL,1384,4516,15.7,51.1
2019,AL,2118,4970,16.2,38
2019,AL,4345,7408,20.4,34.8
2019,AL,2113,6952,14.4,47.2
2019,AK,1871,4550,19.1,46.4
2019,AK,2977,12702,7.3,31.2
2019,AK,912,2653,10.2,29.7
2019,AK,852,2270,15.4,41.1
2019,AK,668,2795,10.3,43
2019,AK,735,1964,17.5,46.7
2019,AK,325,1683,5.3,27.4
2019,AK,300,1997,4.6,30.8
2019,AR,2307,6027,16.7,43.7
2019,AR,2119,5136,15.1,36.5
2019,CA,1508,3775,11.4,28.6
2019,CA,1135,2402,11.4,24.2
2019,CO,1264,2742,13.1,28.5
2019,CO,1004,4193,6.5,27
2019,CO,278,1687,2.6,15.9
2019,CO,544,1957,10.5,37.6
2019,CO,1279,3103,12.1,29.5
2019,CO,1516,2027,19.5,26.1
2019,CO,992,2459,13,32.1
2019,CO,759,2285,11.4,34.4
2019,GA,620,622,35.3,35.4
2019,GA,3580,5695,29.7,47.2
2019,ID,258,1527,6.5,38.4
2019,ID,469,1793,7.9,30.3
2019,IL,1197,3287,10.9,29.9
2019,IL,770,2508,9.4,30.7
2019,IA,889,5045,6.5,36.7
2019,IA,2204,4152,19.8,37.4
2019,IA,640,3938,6.1,37.4
2019,IA,2022,6254,9.8,30.2
2019,IA,632,4382,4.8,33
2019,KS,693,2830,8.1,33.1
2019,KS,215,1260,5.2,30.4
2019,KS,437,1385,10.9,34.7
2019,KS,285,1364,7.6,36.6
2019,KS,483,1520,7.9,24.9
2019,KS,314,1240,7.7,30.3
2019,KS,338,1324,6.7,26.4
2019,KY,6353,9685,24.8,37.8
2019,KY,3078,5763,19.4,36.3
2019,KY,2337,4072,23.7,41.4
2019,KY,4329,6189,23.1,33
2019,KY,9729,16650,23,39.4
2019,LA,1439,1979,29.5,40.5
2019,LA,3386,5696,25,42.1
2019,ME,5746,18745,11.4,37.3
2019,ME,1930,9883,6.4,32.9
2019,ME,2473,8788,10.7,38
2019,MA,358,1625,4.4,19.8
2019,MI,1153,5727,6,29.7
2019,MI,1925,7411,9.9,38
2019,MI,1481,5941,6.1,24.7
2019,MI,728,4303,6.3,37.3
2019,MI,2516,9611,10.9,41.6
2019,MI,2163,7475,11.1,38.3
2019,MI,2210,5990,14.1,38.2
2019,MI,1389,5766,8,33.1
2019,MI,1901,7262,10.1,38.4
2019,MN,958,5328,6.8,37.9
2019,MN,733,3648,7.1,35.1
2019,MN,351,1835,6,31.4
2019,MO,916,2638,13.5,39
2019,MO,689,2690,11.8,46
2019,MO,880,3787,10.6,45.7
2019,MO,1596,5543,11.7,40.5
2019,MT,311,1846,4.9,28.8
2019,MT,660,2366,8,28.7
2019,MT,440,2159,7,34.2
2019,MT,598,2337,7.3,28.5
2019,MT,850,3193,10.4,39.2
2019,MT,954,3085,9.3,30.2
2019,MT,285,1359,7,33.5
2019,MT,403,1435,11.2,40
2019,MT,331,1866,6.1,34.5
2019,NE,693,2451,9.3,33
2019,NE,204,1277,5,31.5
2019,NE,430,1840,6.4,27.6
2019,NE,205,1337,3.9,25.7
2019,NE,456,2318,6.5,33
2019,NE,376,1371,8.2,29.9
2019,NE,549,2400,7.5,32.6
2019,NE,448,2092,7.8,36.2
2019,NV,357,1160,11,35.7
2019,NV,843,2933,11.9,41.5
2019,NM,1076,2685,11.8,29.4
2019,NM,1073,2116,18.1,35.7
2019,NM,547,1413,18.1,46.8
2019,NC,3113,5487,21.6,38.1
2019,ND,515,1616,8.6,27
2019,ND,637,2265,8.1,28.8
2019,OK,3731,9406,17.1,43
2019,OR,1080,3723,9,31.1
2019,OR,448,1947,8.4,36.6
2019,SD,356,1602,9.1,41.1
2019,SD,385,1460,10,38
2019,TX,977,1453,14.3,21.3
2019,TX,933,1805,18,34.9
2019,TX,544,794,23,33.5
2019,TX,1337,1264,29.6,28
2019,TX,745,1604,17.4,37.5
2019,TX,435,765,17.9,31.5
2019,TX,2388,4461,14.2,26.5
2019,TX,1552,2006,25.6,33
2019,TX,3257,3788,30.9,35.9
2019,TX,2055,701,46.6,15.9
2019,TX,1350,1801,21.5,28.6
2019,TX,667,845,26.1,33
2019,TX,2123,4201,17,33.7
2019,UT,462,1967,6.7,28.5
2019,UT,936,2409,11.9,30.6
2019,UT,1236,4328,9.4,32.8
2019,VT,2311,7798,11.7,39.5
2019,VA,3748,8487,16.7,37.7
2019,WI,828,3946,7.8,37
2019,WI,920,3982,7.8,33.6
2019,WY,926,5363,4.5,25.8
2019,WY,582,2499,8.9,38.3
2019,WY,568,1650,10.2,29.8
2019,AK,38,235,6,37
2019,AK,396,1078,13.7,37.2
2019,AK,46,558,2.5,30.2
2019,AK,847,2246,21.1,56
2019,AK,458,1546,10.1,34.2
2019,AK,483,1383,14,40.2
2019,CA,709,3773,4.9,26.1
2019,CO,359,730,13.8,28
2019,CO,691,2210,15.2,48.7
2019,CO,112,492,8.4,36.8
2019,CO,636,1794,12,33.9
2019,CO,532,684,19,24.5
2019,CO,86,506,6.2,36.2
2019,CO,43,355,4.3,35.6
2019,CO,18,110,2.6,15.8
2019,CO,818,1475,16.9,30.5
2019,CO,193,925,3.2,15.3
2019,FL,1469,2308,24.7,38.9
2019,GA,439,797,20,36.3
2019,GA,444,835,21.8,40.9
2019,GA,855,2537,10.1,29.9
2019,GA,1988,6173,11,34
2019,ID,313,1119,9.8,34.9
2019,ID,221,154,40.2,28
2019,IL,362,1560,8,34.5
2019,IL,609,967,20.4,32.3
2019,IA,166,1042,6.2,39.1
2019,IA,529,1813,10.9,37.5
2019,IA,250,1271,7.3,36.9
2019,IA,528,1936,12.1,44.4
2019,KS,285,1085,8.9,33.7
2019,KS,123,590,6.4,30.9
2019,KS,76,435,6.1,34.9
2019,KS,129,760,6,35.4
2019,KS,153,698,7.9,36.3
2019,KS,141,605,7.4,31.9
2019,KS,105,218,13,26.9
2019,KS,151,869,6.9,39.5
2019,KS,61,340,5.7,31.9
2019,KS,172,539,9,28.1
2019,KS,298,521,16,28
2019,KS,191,653,9.1,31.1
2019,KS,154,878,6.1,34.6
2019,KS,78,550,4.2,29.8
2019,KS,139,1179,4.1,34.5
2019,KS,71,620,3.9,34.1
2019,KS,188,970,7,35.9
2019,KS,274,377,21.5,29.6
2019,KS,57,276,5.3,25.8
2019,KS,324,1571,8.4,40.7
2019,KS,201,412,13.4,27.5
2019,KS,215,812,9.3,35.2
2019,KY,2248,3382,24.4,36.7
2019,KY,1908,2839,26.8,39.8
2019,KY,1380,2400,25,43.4
2019,KY,2633,3559,24.9,33.7
2019,KY,1582,1802,31.9,36.3
2019,KY,2644,3182,30.3,36.4
2019,KY,2172,3301,25.6,39
2019,KY,965,1137,31.2,36.8
2019,KY,1460,1937,28.2,37.4
2019,MI,1055,3460,10.1,33
2019,MI,1017,2295,16.6,37.4
2019,MN,268,1640,7.4,45
2019,MN,124,1028,2.9,24
2019,MN,168,1114,5.5,36.2
2019,MN,335,1839,6.7,37
2019,MN,197,1084,7,38.6
2019,MN,169,890,6.7,35.4
2019,MO,281,1145,11.6,47.3
2019,MO,933,1867,20.2,40.4
2019,MT,416,1131,10.1,27.4
2019,MT,72,316,7.5,32.7
2019,MT,60,475,4.7,37
2019,MT,107,748,5.4,37.5
2019,MT,20,323,2.7,44.1
2019,MT,518,373,29.8,21.5
2019,MT,92,477,7.5,38.8
2019,MT,4,138,1.1,39.4
2019,MT,263,1137,9.1,39.5
2019,MT,72,361,5.9,29.7
2019,MT,111,283,12,30.7
2019,MT,576,1767,10,30.7
2019,MT,205,811,8.1,32.1
2019,MT,148,997,5.4,36.6
2019,MT,257,483,18.2,34.2
2019,MT,88,289,11.3,37.2
2019,NE,58,638,4,43.9
2019,NE,109,914,4.9,40.8
2019,NE,319,689,11.9,25.8
2019,NE,146,455,10.8,33.6
2019,NE,220,316,16.9,24.3
2019,NE,378,1110,11.3,33
2019,NE,85,459,5.9,31.9
2019,NE,54,460,3.7,31.3
2019,NE,14,167,3,35.8
2019,NE,158,675,7.9,33.5
2019,NE,33,180,6.5,35.2
2019,NE,25,163,4.9,32.1
2019,NE,9,136,1.9,29.4
2019,NE,248,1045,8.1,34
2019,NE,34,346,3.3,34
2019,NE,351,1220,9.4,32.8
2019,NE,274,1276,7.6,35.6
2019,NE,231,1023,7.7,34.2
2019,NE,27,197,4.4,32.5
2019,NM,180,415,15.7,36.2
2019,NM,52,94,14.6,26.5
2019,NC,2754,7284,12.8,33.8
2019,NC,992,2798,11.8,33.4
2019,NC,1103,2204,18.1,36.3
2019,ND,90,564,5.5,34.3
2019,ND,536,1153,13.7,29.5
2019,ND,233,738,10.9,34.6
2019,ND,221,856,8.1,31.5
2019,ND,175,485,10.6,29.3
2019,ND,92,326,7.1,25.3
2019,ND,188,586,10.7,33.4
2019,ND,363,660,18.2,33
2019,ND,530,1615,10.4,31.8
2019,ND,1034,2142,12.5,25.8
2019,ND,136,408,12.5,37.5
2019,ND,54,155,9.9,28.5
2019,ND,139,548,8.6,33.8
2019,ND,380,963,13,32.9
2019,OK,1324,3341,16.8,42.5
2019,OR,143,435,10,30.5
2019,OR,620,1990,11.2,36
2019,OR,796,2031,13.5,34.5
2019,SD,369,623,19.6,33
2019,SD,397,1123,11.1,31.4
2019,SD,226,409,21.9,39.6
2019,SD,111,395,10,35.5
2019,SD,658,2189,11.5,38.1
2019,SD,373,774,16.2,33.6
2019,SD,454,1115,14.6,35.9
2019,SD,313,1052,10.6,35.6
2019,SD,84,287,9.3,31.7
2019,SD,234,510,18.4,40
2019,SD,991,1563,20.1,31.7
2019,TN,1179,3542,14.1,42.3
2019,TX,146,382,13.9,36.5
2019,TX,254,287,23.8,26.9
2019,TX,480,499,33.7,35
2019,TX,409,332,27.9,22.7
2019,TX,424,623,20.4,30
2019,TX,359,342,21.1,20.1
2019,TX,32,55,20.3,34.8
2019,TX,433,823,18.1,34.3
2019,TX,399,728,17.9,32.6
2019,TX,14,14,19.7,19.7
2019,TX,36,162,7.3,32.7
2019,TX,389,636,22.1,36.1
2019,TX,110,275,12.5,31.3
2019,TX,185,340,18.7,34.4
2019,TX,102,202,13.5,26.8
2019,TX,146,389,13.4,35.7
2019,UT,253,1247,7.3,36.2
2019,UT,117,527,9,40.5
2019,UT,207,437,11.6,24.6
2019,VA,2250,4468,18.7,37.2
2019,VA,829,2646,9.6,30.7
2019,VA,1995,3626,22.2,40.4
2019,VA,878,3206,9,32.7
2019,VA,1344,2455,19.4,35.4
2019,WA,751,2015,13,34.9
2019,WA,568,2190,4.1,16
2019,WV,1533,3952,17.9,46.1
2019,WV,1276,3046,20.7,49.5
2019,WI,722,2523,11.2,39.2
2019,WI,251,1546,5.5,33.7
2019,WI,847,4163,8.2,40.4
2019,WI,935,4153,7.7,34
2019,WI,1072,5117,6.3,30
2019,WY,830,2336,10.3,29.1
2019,WY,236,634,12.9,34.7
2019,US,26472261,59472748,12,27
2019,AL,458922,1022839,13.8,30.8
2019,AK,34376,134582,7.2,28
2019,AZ,608637,1129129,12.9,23.9
2019,AR,270168,684659,13.4,34
2019,CA,4418675,5423462,16.7,20.5
2019,CO,315751,817452,8.3,21.4
2019,CT,232663,666828,9.4,26.9
2019,DE,66816,209449,10,31.3
2019,DC,44850,83185,9.1,16.8
2019,FL,1767583,4276237,11.8,28.6
2019,GA,885498,1909067,12.9,27.7
2019,HI,79721,271648,8,27.4
2019,ID,102929,305181,9.2,27.4
2019,IL,937042,2254524,10.8,26
2019,IN,495390,1480084,11.2,33.4
2019,IA,165514,648398,7.9,31
2019,KS,172126,492807,9,25.9
2019,KY,414784,993098,13.7,32.9
2019,LA,461706,1061388,14.8,34
2019,ME,71985,306589,7.4,31.5
2019,MD,405463,1018653,9.8,24.6
2019,MA,441944,1148525,9.2,24
2019,MI,626190,1967316,9.2,28.9
2019,MN,258391,928450,6.9,24.6
2019,MS,306105,601355,15.5,30.4
2019,MO,418266,1270622,10.1,30.6
2019,MT,46650,208541,6.4,28.8
2019,NE,107535,326594,8.6,26.1
2019,NV,272132,574254,13.3,28.1
2019,NH,66206,263321,6.9,27.4
2019,NJ,625931,1670942,10.2,27.2
2019,NM,202250,371338,14.4,26.5
2019,NY,1796594,3541274,13.2,26
2019,NC,853396,1791532,12.2,25.7
2019,ND,36394,130842,7.4,26.4
2019,OH,767378,2634997,9.6,33
2019,OK,310453,812102,12,31.3
2019,OR,269250,659085,9.3,22.7
2019,PA,848910,3106571,9.5,34.7
2019,RI,82467,208387,11.2,28.3
2019,SC,430491,1003177,12.5,29.1
2019,SD,47241,173079,8.3,30.2
2019,TN,575128,1472003,12.5,32.1
2019,TX,2957959,4525099,16.3,25
2019,UT,140800,416545,7.7,22.8
2019,VT,32276,126832,7.3,28.8
2019,VA,595348,1383769,10.3,24
2019,WA,442449,1122330,8.7,22
2019,WV,168624,519091,13.1,40.3
2019,WI,308216,1211981,7.8,30.6
2019,WY,26688,113535,6.8,29.1