State,Year,0 to 11,12 to 17,Male,Female,Unknown Gender,White,Black,Amer. Indian/Alaskan Native,Asian/Nat. Hawaiian/Pac Isl,Unknown Race,Pattern
AK,1980,-0.34596717777600594,-0.5133640174656106,-0.5073668258391131,-0.632546551198449,-0.10510389060631,-0.420299577871345,-0.6135060294600118,2.625141827834342,-0.2264911699210134,-0.17441905007072317,0
AK,1981,-0.34596717777600594,-0.4921265019828809,-0.4850173740748928,-0.632546551198449,-0.10510389060631,-0.3024272035520275,-0.6135060294600118,-0.3365566445941464,-0.2264911699210134,-0.17441905007072317,0
AK,1982,-0.34596717777600594,-0.36470140908650284,-0.395619567018012,-0.014718253531496415,-0.10510389060631,-0.18455482923271008,-0.6135060294600118,4.105991064048586,-0.2264911699210134,-0.17441905007072317,0
AK,1983,1.438597982164635,-0.5133640174656106,-0.4850173740748928,-0.632546551198449,-0.10510389060631,-0.3810087864315725,-0.6135060294600118,2.625141827834342,-0.2264911699210134,-0.17441905007072317,0
AK,1984,-0.34596717777600594,-0.42841395553469186,-0.4179690187822322,-0.632546551198449,-0.10510389060631,-0.18455482923271008,-0.6135060294600118,-0.3365566445941464,-0.2264911699210134,-0.17441905007072317,0
AK,1985,-0.34596717777600594,-0.5346015329483402,-0.5520657293675535,-0.3236324023649727,-0.10510389060631,-0.3810087864315725,-0.6135060294600118,-0.3365566445941464,-0.2264911699210134,-0.17441905007072317,0
AK,1986,1.438597982164635,-0.5133640174656106,-0.4850173740748928,-0.632546551198449,-0.10510389060631,-0.420299577871345,-0.6135060294600118,4.105991064048586,-0.2264911699210134,-0.17441905007072317,0
AK,1987,-0.34596717777600594,-0.5133640174656106,-0.5073668258391131,-0.632546551198449,-0.10510389060631,-0.3810087864315725,-0.6135060294600118,1.1442925916200979,-0.2264911699210134,-0.17441905007072317,0
AK,1988,-0.34596717777600594,-0.4708889865001512,-0.4626679223106726,-0.632546551198449,-0.10510389060631,-0.2631364121122551,-0.6135060294600118,-0.3365566445941464,-0.2264911699210134,-0.17441905007072317,0
AK,1989,-0.34596717777600594,-0.5133640174656106,-0.5073668258391131,-0.632546551198449,-0.10510389060631,-0.3810087864315725,-0.573060437366937,-0.3365566445941464,-0.2264911699210134,-0.17441905007072317,0
AK,1990,-0.34596717777600594,-0.4921265019828809,-0.4850173740748928,-0.632546551198449,-0.10510389060631,-0.3024272035520275,-0.6135060294600118,-0.3365566445941464,-0.2264911699210134,-0.17441905007072317,0
AK,1991,-0.34596717777600594,-0.4921265019828809,-0.5073668258391131,-0.3236324023649727,-0.10510389060631,-0.3810087864315725,-0.573060437366937,1.1442925916200979,-0.2264911699210134,-0.17441905007072317,0
AK,1992,-0.34596717777600594,-0.4921265019828809,-0.4850173740748928,-0.632546551198449,-0.10510389060631,-0.3417179949918,-0.573060437366937,-0.3365566445941464,-0.2264911699210134,-0.17441905007072317,0
AK,1993,-0.34596717777600594,-0.44965147101742153,-0.4403184705464524,-0.632546551198449,-0.10510389060631,-0.2631364121122551,-0.6135060294600118,-0.3365566445941464,0.27725167572547926,-0.17441905007072317,0
AK,1994,-0.34596717777600594,-0.36470140908650284,-0.35092066348957157,-0.632546551198449,-0.10510389060631,-0.18455482923271008,-0.573060437366937,1.1442925916200979,0.27725167572547926,-0.17441905007072317,0
AK,1995,-0.34596717777600594,-0.5133640174656106,-0.5073668258391131,-0.632546551198449,-0.10510389060631,-0.3810087864315725,-0.6135060294600118,-0.3365566445941464,0.27725167572547926,-0.17441905007072317,0
AK,1996,-0.34596717777600594,-0.5133640174656106,-0.5073668258391131,-0.632546551198449,-0.10510389060631,-0.420299577871345,-0.573060437366937,-0.3365566445941464,0.27725167572547926,-0.17441905007072317,0
AK,1997,-0.34596717777600594,-0.4071764400519622,-0.395619567018012,-0.632546551198449,-0.10510389060631,-0.3417179949918,-0.6135060294600118,4.105991064048586,0.27725167572547926,-0.17441905007072317,0
AK,1998,-0.34596717777600594,-0.4071764400519622,-0.395619567018012,-0.632546551198449,-0.10510389060631,-0.3024272035520275,-0.5326148452738624,1.1442925916200979,-0.2264911699210134,-0.17441905007072317,0
AK,1999,1.438597982164635,-0.42841395553469186,-0.395619567018012,-0.632546551198449,-0.10510389060631,-0.3024272035520275,-0.6135060294600118,5.586840300262831,-0.2264911699210134,-0.17441905007072317,0
AK,2000,-0.34596717777600594,-0.5133640174656106,-0.5073668258391131,-0.632546551198449,-0.10510389060631,-0.420299577871345,-0.6135060294600118,-0.3365566445941464,0.7809945213719719,-0.17441905007072317,0
AK,2001,-0.34596717777600594,-0.5133640174656106,-0.5297162776033333,-0.3236324023649727,-0.10510389060631,-0.3810087864315725,-0.6135060294600118,-0.3365566445941464,0.27725167572547926,-0.17441905007072317,0
AK,2002,-0.34596717777600594,-0.44965147101742153,-0.4403184705464524,-0.632546551198449,-0.10510389060631,-0.3024272035520275,-0.573060437366937,1.1442925916200979,-0.2264911699210134,-0.17441905007072317,0
AK,2003,-0.34596717777600594,-0.5133640174656106,-0.5073668258391131,-0.632546551198449,-0.10510389060631,-0.3810087864315725,-0.6135060294600118,-0.3365566445941464,0.27725167572547926,-0.17441905007072317,0
AK,2004,-0.34596717777600594,-0.4921265019828809,-0.4850173740748928,-0.632546551198449,-0.10510389060631,-0.3810087864315725,-0.573060437366937,1.1442925916200979,-0.2264911699210134,-0.17441905007072317,0
AK,2005,-0.34596717777600594,-0.4921265019828809,-0.5073668258391131,-0.3236324023649727,-0.10510389060631,-0.3417179949918,-0.6135060294600118,-0.3365566445941464,0.27725167572547926,-0.17441905007072317,0
AK,2006,-0.34596717777600594,-0.5133640174656106,-0.5073668258391131,-0.632546551198449,-0.10510389060631,-0.420299577871345,-0.573060437366937,1.1442925916200979,-0.2264911699210134,-0.17441905007072317,0
AK,2007,-0.34596717777600594,-0.4708889865001512,-0.4626679223106726,-0.632546551198449,-0.10510389060631,-0.420299577871345,-0.573060437366937,4.105991064048586,-0.2264911699210134,-0.17441905007072317,0
AK,2008,-0.34596717777600594,-0.5558390484310699,-0.5520657293675535,-0.632546551198449,-0.10510389060631,-0.420299577871345,-0.6135060294600118,-0.3365566445941464,-0.2264911699210134,-0.17441905007072317,0
AK,2009,-0.34596717777600594,-0.5346015329483402,-0.5297162776033333,-0.632546551198449,-0.10510389060631,-0.420299577871345,-0.6135060294600118,1.1442925916200979,-0.2264911699210134,-0.17441905007072317,0
AK,2010,-0.34596717777600594,-0.5558390484310699,-0.5520657293675535,-0.632546551198449,-0.10510389060631,-0.420299577871345,-0.6135060294600118,-0.3365566445941464,-0.2264911699210134,-0.17441905007072317,0
AK,2011,-0.34596717777600594,-0.5346015329483402,-0.5297162776033333,-0.632546551198449,-0.10510389060631,-0.420299577871345,-0.573060437366937,-0.3365566445941464,-0.2264911699210134,-0.17441905007072317,0
AK,2012,1.438597982164635,-0.5346015329483402,-0.5073668258391131,-0.632546551198449,-0.10510389060631,-0.3810087864315725,-0.6135060294600118,1.1442925916200979,-0.2264911699210134,-0.17441905007072317,0
AK,2013,-0.34596717777600594,-0.5133640174656106,-0.5073668258391131,-0.632546551198449,-0.10510389060631,-0.3810087864315725,-0.6135060294600118,-0.3365566445941464,-0.2264911699210134,0.5785104663102237,0
AK,2014,-0.34596717777600594,-0.44965147101742153,-0.4403184705464524,-0.632546551198449,-0.10510389060631,-0.2631364121122551,-0.6135060294600118,1.1442925916200979,-0.2264911699210134,-0.17441905007072317,0
AK,2015,-0.34596717777600594,-0.5133640174656106,-0.5073668258391131,-0.632546551198449,-0.10510389060631,-0.420299577871345,-0.573060437366937,1.1442925916200979,-0.2264911699210134,-0.17441905007072317,0
AK,2016,-0.34596717777600594,-0.36470140908650284,-0.35092066348957157,-0.632546551198449,-0.10510389060631,-0.1452640377929376,-0.573060437366937,1.1442925916200979,-0.2264911699210134,-0.17441905007072317,0
AK,2017,-0.34596717777600594,-0.5346015329483402,-0.5297162776033333,-0.632546551198449,-0.10510389060631,-0.420299577871345,-0.6135060294600118,1.1442925916200979,-0.2264911699210134,-0.17441905007072317,0
AL,1980,-0.34596717777600594,-0.17356376974193582,-0.26152285643269074,0.9120241929689324,-0.10510389060631,-0.1452640377929376,-0.2090501085292653,1.1442925916200979,-0.2264911699210134,-0.17441905007072317,0
AL,1981,-0.34596717777600594,-0.10985122329374682,-0.12742614584736947,-0.3236324023649727,-0.10510389060631,0.09048071084569732,-0.2899412927154146,-0.3365566445941464,-0.2264911699210134,-0.17441905007072317,0
AL,1982,1.438597982164635,-0.15232625425920615,-0.2168239529042503,0.6031100441354562,-0.10510389060631,-0.22384562067248256,-0.04726774015696676,-0.3365566445941464,-0.2264911699210134,-0.17441905007072317,3
AL,1983,3.223163142105276,-0.1310887387764765,-0.08272724231892904,-0.3236324023649727,-0.10510389060631,-0.1452640377929376,-0.006822148063892121,-0.3365566445941464,-0.2264911699210134,-0.17441905007072317,3
AL,1984,-0.34596717777600594,-0.10985122329374682,-0.12742614584736947,-0.014718253531496415,-0.10510389060631,-0.1452640377929376,-0.0877133322500414,-0.3365566445941464,-0.2264911699210134,-0.17441905007072317,0
AL,1985,-0.34596717777600594,0.06004890056809054,-0.03802833879048863,0.9120241929689324,-0.10510389060631,-0.1059732463531651,0.19540581240148108,-0.3365566445941464,-0.2264911699210134,-0.17441905007072317,3
AL,1986,-0.34596717777600594,0.0175738696026312,-0.03802833879048863,0.6031100441354562,-0.10510389060631,-0.06668245491339263,0.1145146282153318,-0.3365566445941464,-0.2264911699210134,-0.17441905007072317,0
AL,1987,-0.34596717777600594,-0.2585138316728545,-0.32857121172535136,0.29419589530197987,-0.10510389060631,-0.3024272035520275,-0.2090501085292653,-0.3365566445941464,-0.2264911699210134,-0.17441905007072317,0
AL,1988,-0.34596717777600594,-0.06737619232828748,-0.08272724231892904,-0.014718253531496415,-0.10510389060631,-0.06668245491339263,-0.006822148063892121,-0.3365566445941464,-0.2264911699210134,-0.17441905007072317,0
AL,1989,3.223163142105276,0.25118653991265755,0.29721343767281455,-0.014718253531496415,-0.10510389060631,-0.18455482923271008,0.7211985096114515,-0.3365566445941464,-0.2264911699210134,-0.17441905007072317,3
AL,1990,-0.34596717777600594,0.16623647798173888,0.16311672708749328,-0.014718253531496415,-0.10510389060631,-0.027391663473620136,0.3571881807737796,-0.3365566445941464,-0.2264911699210134,-0.17441905007072317,0
AL,1991,-0.34596717777600594,-0.0036636458800984703,-0.015678887026268417,-0.3236324023649727,2.759369307111929,-0.420299577871345,0.3571881807737796,-0.3365566445941464,-0.2264911699210134,1.3314399826911705,0
AL,1992,1.438597982164635,-0.1310887387764765,-0.1944745011400301,-0.014718253531496415,5.6238425048301695,-0.3417179949918,0.03362344402918252,-0.3365566445941464,-0.2264911699210134,1.3314399826911705,3
AL,1993,-0.34596717777600594,-0.0036636458800984703,0.0066705647379517955,-0.3236324023649727,-0.10510389060631,-0.22384562067248256,0.19540581240148108,-0.3365566445941464,-0.2264911699210134,-0.17441905007072317,0
AL,1994,-0.34596717777600594,-0.02490116136282814,-0.015678887026268417,-0.3236324023649727,-0.10510389060631,-0.2631364121122551,0.23585140449455572,-0.3365566445941464,-0.2264911699210134,-0.17441905007072317,0
AL,1995,-0.34596717777600594,-0.2797513471555842,-0.26152285643269074,-0.632546551198449,-0.10510389060631,-0.3810087864315725,-0.12815892434311604,-0.3365566445941464,-0.2264911699210134,-0.17441905007072317,0
AL,1996,-0.34596717777600594,-0.10985122329374682,-0.12742614584736947,-0.014718253531496415,-0.10510389060631,-0.3417179949918,0.15496022030840645,-0.3365566445941464,-0.2264911699210134,-0.17441905007072317,0
AL,1997,-0.34596717777600594,-0.08861370781101716,-0.08272724231892904,-0.3236324023649727,-0.10510389060631,-0.2631364121122551,0.1145146282153318,-0.3365566445941464,-0.2264911699210134,-0.17441905007072317,0
AL,1998,1.438597982164635,-0.21603880070739517,-0.2168239529042503,-0.014718253531496415,-0.10510389060631,-0.2631364121122551,-0.12815892434311604,-0.3365566445941464,-0.2264911699210134,-0.17441905007072317,3
AL,2000,-0.34596717777600594,-0.42841395553469186,-0.4179690187822322,-0.632546551198449,-0.10510389060631,-0.420299577871345,-0.37083247690156385,-0.3365566445941464,-0.2264911699210134,-0.17441905007072317,0
AL,2001,-0.34596717777600594,-0.04613867684555781,-0.060377790554708835,-0.014718253531496415,-0.10510389060631,-0.1059732463531651,0.03362344402918252,-0.3365566445941464,-0.2264911699210134,-0.17441905007072317,0
AL,2002,-0.34596717777600594,-0.30098886263831387,-0.30622175996113116,-0.3236324023649727,-0.10510389060631,-0.2631364121122551,-0.3303868848084892,-0.3365566445941464,-0.2264911699210134,-0.17441905007072317,0
AL,2003,-0.34596717777600594,-0.32222637812104354,-0.32857121172535136,-0.632546551198449,2.759369307111929,-0.3417179949918,-0.2899412927154146,-0.3365566445941464,-0.2264911699210134,0.5785104663102237,0
AL,2004,-0.34596717777600594,-0.42841395553469186,-0.4626679223106726,-0.3236324023649727,2.759369307111929,-0.3417179949918,-0.4921692531807878,-0.3365566445941464,-0.2264911699210134,0.5785104663102237,0
AL,2005,-0.34596717777600594,-0.3434638936037732,-0.32857121172535136,-0.632546551198449,-0.10510389060631,-0.3417179949918,-0.2899412927154146,-0.3365566445941464,-0.2264911699210134,-0.17441905007072317,0
AL,2006,-0.34596717777600594,-0.23727631619012485,-0.2168239529042503,-0.632546551198449,-0.10510389060631,-0.3810087864315725,-0.0877133322500414,-0.3365566445941464,0.27725167572547926,-0.17441905007072317,0
AL,2007,-0.34596717777600594,-0.08861370781101716,-0.08272724231892904,-0.3236324023649727,-0.10510389060631,-0.420299577871345,0.27629699658763035,-0.3365566445941464,-0.2264911699210134,-0.17441905007072317,0
AL,2008,-0.34596717777600594,-0.2585138316728545,-0.23917340466847054,-0.632546551198449,-0.10510389060631,-0.3024272035520275,-0.2090501085292653,-0.3365566445941464,-0.2264911699210134,-0.17441905007072317,0
AL,2009,-0.34596717777600594,-0.2585138316728545,-0.23917340466847054,-0.632546551198449,-0.10510389060631,-0.22384562067248256,-0.2899412927154146,-0.3365566445941464,-0.2264911699210134,0.5785104663102237,0
AL,2010,-0.34596717777600594,-0.4708889865001512,-0.4626679223106726,-0.632546551198449,-0.10510389060631,-0.420299577871345,-0.4921692531807878,1.1442925916200979,-0.2264911699210134,-0.17441905007072317,0
AR,1980,-0.34596717777600594,-0.1310887387764765,-0.1944745011400301,0.6031100441354562,-0.10510389060631,0.1297715022854698,-0.37083247690156385,-0.3365566445941464,-0.2264911699210134,-0.17441905007072317,0
AR,1981,1.438597982164635,-0.4921265019828809,-0.4626679223106726,-0.632546551198449,-0.10510389060631,-0.3417179949918,-0.5326148452738624,-0.3365566445941464,-0.2264911699210134,-0.17441905007072317,0
AR,1982,-0.34596717777600594,-0.4921265019828809,-0.4850173740748928,-0.632546551198449,-0.10510389060631,-0.3810087864315725,-0.5326148452738624,-0.3365566445941464,-0.2264911699210134,-0.17441905007072317,0
AR,1983,-0.34596717777600594,-0.32222637812104354,-0.32857121172535136,-0.3236324023649727,-0.10510389060631,-0.06668245491339263,-0.5326148452738624,-0.3365566445941464,-0.2264911699210134,-0.17441905007072317,0
AR,1984,-0.34596717777600594,-0.30098886263831387,-0.395619567018012,0.9120241929689324,-0.10510389060631,-0.18455482923271008,-0.37083247690156385,-0.3365566445941464,-0.2264911699210134,-0.17441905007072317,0
AR,1985,-0.34596717777600594,-0.2585138316728545,-0.30622175996113116,0.29419589530197987,-0.10510389060631,-0.18455482923271008,-0.2899412927154146,-0.3365566445941464,-0.2264911699210134,-0.17441905007072317,0
AR,1986,-0.34596717777600594,-0.3434638936037732,-0.3732701152537918,-0.014718253531496415,-0.10510389060631,-0.18455482923271008,-0.45172366108771317,-0.3365566445941464,-0.2264911699210134,-0.17441905007072317,0
AR,1987,-0.34596717777600594,-0.32222637812104354,-0.30622175996113116,-0.632546551198449,-0.10510389060631,-0.1452640377929376,-0.45172366108771317,-0.3365566445941464,-0.2264911699210134,-0.17441905007072317,0
AR,1988,-0.34596717777600594,-0.30098886263831387,-0.28387230819691095,-0.632546551198449,-0.10510389060631,-0.18455482923271008,-0.37083247690156385,-0.3365566445941464,-0.2264911699210134,-0.17441905007072317,0
AR,1989,-0.34596717777600594,-0.23727631619012485,-0.2168239529042503,-0.632546551198449,-0.10510389060631,-0.3417179949918,-0.0877133322500414,-0.3365566445941464,-0.2264911699210134,-0.17441905007072317,0
AR,1990,-0.34596717777600594,0.12376144701627954,0.14076727532327307,-0.3236324023649727,-0.10510389060631,0.011899127966152351,0.23585140449455572,-0.3365566445941464,-0.2264911699210134,-0.17441905007072317,0
AR,1991,-0.34596717777600594,0.16623647798173888,0.14076727532327307,-0.014718253531496415,-0.10510389060631,-0.027391663473620136,0.316742588680705,-0.3365566445941464,-0.2264911699210134,-0.17441905007072317,0
AR,1992,-0.34596717777600594,0.25118653991265755,0.2301650823801539,0.29419589530197987,-0.10510389060631,-0.1452640377929376,0.6403073254253021,-0.3365566445941464,-0.2264911699210134,-0.17441905007072317,3
AR,1993,-0.34596717777600594,0.20871150894719823,0.2078156306159337,-0.014718253531496415,-0.10510389060631,-0.22384562067248256,0.6403073254253021,-0.3365566445941464,-0.2264911699210134,-0.17441905007072317,3
AR,1994,-0.34596717777600594,0.5060367257054136,0.5430574070792369,-0.3236324023649727,-0.10510389060631,-0.2631364121122551,1.2469912068214217,-0.3365566445941464,-0.2264911699210134,-0.17441905007072317,3
AR,1995,-0.34596717777600594,0.2299490244299279,0.2301650823801539,-0.014718253531496415,-0.10510389060631,-0.1059732463531651,0.5594161412391528,-0.3365566445941464,-0.2264911699210134,-0.17441905007072317,3
AR,1996,-0.34596717777600594,-0.06737619232828748,-0.060377790554708835,-0.3236324023649727,-0.10510389060631,-0.1059732463531651,-0.006822148063892121,-0.3365566445941464,-0.2264911699210134,-0.17441905007072317,0
AR,1997,-0.34596717777600594,-0.2797513471555842,-0.30622175996113116,-0.014718253531496415,-0.10510389060631,-0.2631364121122551,-0.24949570062233994,-0.3365566445941464,-0.2264911699210134,-0.17441905007072317,0
AR,1998,1.438597982164635,-0.1310887387764765,-0.1944745011400301,0.9120241929689324,-0.10510389060631,-0.027391663473620136,-0.16860451643619068,-0.3365566445941464,-0.2264911699210134,-0.17441905007072317,3
AR,1999,-0.34596717777600594,-0.2797513471555842,-0.26152285643269074,-0.632546551198449,-0.10510389060631,-0.2631364121122551,-0.24949570062233994,-0.3365566445941464,-0.2264911699210134,-0.17441905007072317,0
AR,2000,-0.34596717777600594,-0.21603880070739517,-0.2168239529042503,-0.3236324023649727,-0.10510389060631,-0.3024272035520275,-0.12815892434311604,-0.3365566445941464,0.27725167572547926,-0.17441905007072317,0
AR,2001,-0.34596717777600594,-0.36470140908650284,-0.3732701152537918,-0.3236324023649727,-0.10510389060631,-0.3417179949918,-0.41127806899463853,1.1442925916200979,-0.2264911699210134,0.5785104663102237,0
AR,2002,-0.34596717777600594,-0.42841395553469186,-0.4403184705464524,-0.3236324023649727,-0.10510389060631,-0.3417179949918,-0.45172366108771317,-0.3365566445941464,-0.2264911699210134,-0.17441905007072317,0
AR,2003,-0.34596717777600594,-0.2585138316728545,-0.23917340466847054,-0.632546551198449,-0.10510389060631,-0.1452640377929376,-0.3303868848084892,-0.3365566445941464,-0.2264911699210134,-0.17441905007072317,0
AR,2004,-0.34596717777600594,-0.32222637812104354,-0.35092066348957157,-0.014718253531496415,-0.10510389060631,-0.3417179949918,-0.3303868848084892,-0.3365566445941464,0.7809945213719719,-0.17441905007072317,0
AR,2005,-0.34596717777600594,-0.1310887387764765,-0.10507669408314926,-0.632546551198449,-0.10510389060631,-0.3024272035520275,0.07406903612225715,-0.3365566445941464,-0.2264911699210134,-0.17441905007072317,0
AR,2006,-0.34596717777600594,-0.42841395553469186,-0.4403184705464524,-0.3236324023649727,-0.10510389060631,-0.3810087864315725,-0.41127806899463853,-0.3365566445941464,-0.2264911699210134,-0.17441905007072317,0
AR,2007,-0.34596717777600594,-0.36470140908650284,-0.3732701152537918,-0.3236324023649727,-0.10510389060631,-0.3024272035520275,-0.37083247690156385,-0.3365566445941464,-0.2264911699210134,-0.17441905007072317,0
AR,2008,-0.34596717777600594,-0.5133640174656106,-0.5073668258391131,-0.632546551198449,-0.10510389060631,-0.420299577871345,-0.5326148452738624,-0.3365566445941464,-0.2264911699210134,-0.17441905007072317,0
AR,2009,-0.34596717777600594,-0.23727631619012485,-0.2168239529042503,-0.632546551198449,-0.10510389060631,-0.2631364121122551,-0.2090501085292653,-0.3365566445941464,-0.2264911699210134,-0.17441905007072317,0
AR,2010,-0.34596717777600594,-0.2585138316728545,-0.23917340466847054,-0.632546551198449,-0.10510389060631,-0.22384562067248256,-0.2899412927154146,-0.3365566445941464,-0.2264911699210134,-0.17441905007072317,0
AR,2011,1.438597982164635,-0.4071764400519622,-0.4403184705464524,-0.014718253531496415,2.759369307111929,-0.3024272035520275,-0.45172366108771317,-0.3365566445941464,-0.2264911699210134,0.5785104663102237,0
AR,2012,-0.34596717777600594,-0.10985122329374682,-0.17212504937580989,0.29419589530197987,2.759369307111929,-0.2631364121122551,-0.04726774015696676,-0.3365566445941464,-0.2264911699210134,2.0843694990721175,0
AR,2013,-0.34596717777600594,-0.4071764400519622,-0.395619567018012,-0.632546551198449,-0.10510389060631,-0.420299577871345,-0.3303868848084892,-0.3365566445941464,-0.2264911699210134,-0.17441905007072317,0
AR,2014,-0.34596717777600594,-0.42841395553469186,-0.4179690187822322,-0.632546551198449,-0.10510389060631,-0.3024272035520275,-0.4921692531807878,-0.3365566445941464,-0.2264911699210134,-0.17441905007072317,0
AR,2015,-0.34596717777600594,-0.2585138316728545,-0.26152285643269074,-0.3236324023649727,-0.10510389060631,-0.2631364121122551,-0.2090501085292653,-0.3365566445941464,-0.2264911699210134,-0.17441905007072317,0
AR,2016,1.438597982164635,-0.15232625425920615,-0.10507669408314926,-0.632546551198449,-0.10510389060631,-0.3417179949918,0.07406903612225715,-0.3365566445941464,-0.2264911699210134,-0.17441905007072317,0
AR,2017,-0.34596717777600594,-0.1310887387764765,-0.12742614584736947,-0.3236324023649727,-0.10510389060631,-0.2631364121122551,0.03362344402918252,-0.3365566445941464,-0.2264911699210134,-0.17441905007072317,0
AZ,1980,-0.34596717777600594,-0.10985122329374682,-0.10507669408314926,-0.3236324023649727,-0.10510389060631,0.24764387660478726,-0.45172366108771317,-0.3365566445941464,-0.2264911699210134,-0.17441905007072317,0
AZ,1981,-0.34596717777600594,-0.3434638936037732,-0.32857121172535136,-0.632546551198449,-0.10510389060631,-0.027391663473620136,-0.6135060294600118,-0.3365566445941464,-0.2264911699210134,-0.17441905007072317,0
AZ,1982,-0.34596717777600594,-0.2585138316728545,-0.26152285643269074,-0.3236324023649727,-0.10510389060631,0.051189919405924836,-0.573060437366937,1.1442925916200979,-0.2264911699210134,-0.17441905007072317,0
AZ,1983,-0.34596717777600594,-0.3434638936037732,-0.32857121172535136,-0.632546551198449,-0.10510389060631,-0.027391663473620136,-0.6135060294600118,-0.3365566445941464,-0.2264911699210134,-0.17441905007072317,0
AZ,1984,1.438597982164635,-0.23727631619012485,-0.2168239529042503,-0.3236324023649727,-0.10510389060631,0.09048071084569732,-0.5326148452738624,1.1442925916200979,-0.2264911699210134,-0.17441905007072317,0
AZ,1985,-0.34596717777600594,-0.3434638936037732,-0.32857121172535136,-0.632546551198449,-0.10510389060631,-0.18455482923271008,-0.5326148452738624,2.625141827834342,-0.2264911699210134,-0.17441905007072317,0
AZ,1986,-0.34596717777600594,-0.04613867684555781,-0.060377790554708835,-0.014718253531496415,-0.10510389060631,0.3655162509241047,-0.573060437366937,4.105991064048586,-0.2264911699210134,-0.17441905007072317,0
AZ,1987,-0.34596717777600594,-0.3859389245692325,-0.395619567018012,-0.3236324023649727,-0.10510389060631,-0.18455482923271008,-0.5326148452738624,-0.3365566445941464,-0.2264911699210134,-0.17441905007072317,0
AZ,1988,-0.34596717777600594,-0.17356376974193582,-0.14977559761158968,-0.632546551198449,-0.10510389060631,0.16906229372524229,-0.4921692531807878,-0.3365566445941464,-0.2264911699210134,-0.17441905007072317,0
AZ,1989,1.438597982164635,-0.32222637812104354,-0.30622175996113116,-0.632546551198449,-0.10510389060631,-0.18455482923271008,-0.45172366108771317,2.625141827834342,-0.2264911699210134,-0.17441905007072317,0
AZ,1990,-0.34596717777600594,-0.17356376974193582,-0.17212504937580989,-0.3236324023649727,-0.10510389060631,0.09048071084569732,-0.45172366108771317,1.1442925916200979,-0.2264911699210134,-0.17441905007072317,0
AZ,1991,3.223163142105276,-0.21603880070739517,-0.17212504937580989,-0.3236324023649727,-0.10510389060631,0.09048071084569732,-0.573060437366937,5.586840300262831,-0.2264911699210134,-0.17441905007072317,3
AZ,1992,-0.34596717777600594,0.03881138508536087,0.0066705647379517955,0.29419589530197987,-0.10510389060631,0.5226794166831947,-0.5326148452738624,2.625141827834342,-0.2264911699210134,-0.17441905007072317,0
AZ,1993,-0.34596717777600594,0.20871150894719823,0.1854661788517135,0.29419589530197987,-0.10510389060631,0.4833886252434222,-0.0877133322500414,-0.3365566445941464,-0.2264911699210134,-0.17441905007072317,0
AZ,1994,-0.34596717777600594,0.6546993340845213,0.5877563106076773,1.2209383418024087,-0.10510389060631,1.1120412882797819,-0.0877133322500414,4.105991064048586,-0.2264911699210134,1.3314399826911705,3
AZ,1995,-0.34596717777600594,0.12376144701627954,0.11841782355905285,-0.014718253531496415,-0.10510389060631,0.6798425824422846,-0.4921692531807878,-0.3365566445941464,-0.2264911699210134,0.5785104663102237,0
AZ,1996,-0.34596717777600594,0.16623647798173888,0.09606837179483264,0.6031100441354562,-0.10510389060631,0.6798425824422846,-0.45172366108771317,1.1442925916200979,-0.2264911699210134,-0.17441905007072317,0
AZ,1997,-0.34596717777600594,-0.10985122329374682,-0.10507669408314926,-0.3236324023649727,-0.10510389060631,0.16906229372524229,-0.37083247690156385,-0.3365566445941464,-0.2264911699210134,-0.17441905007072317,0
AZ,1998,-0.34596717777600594,-0.1310887387764765,-0.17212504937580989,0.29419589530197987,-0.10510389060631,0.32622545948433224,-0.6135060294600118,1.1442925916200979,-0.2264911699210134,-0.17441905007072317,0
AZ,1999,-0.34596717777600594,-0.17356376974193582,-0.14977559761158968,-0.632546551198449,-0.10510389060631,0.1297715022854698,-0.4921692531807878,-0.3365566445941464,0.27725167572547926,-0.17441905007072317,0
AZ,2000,-0.34596717777600594,-0.30098886263831387,-0.30622175996113116,-0.3236324023649727,-0.10510389060631,-0.1452640377929376,-0.4921692531807878,2.625141827834342,-0.2264911699210134,-0.17441905007072317,0
AZ,2001,-0.34596717777600594,-0.2585138316728545,-0.26152285643269074,-0.3236324023649727,-0.10510389060631,0.011899127966152351,-0.5326148452738624,1.1442925916200979,-0.2264911699210134,-0.17441905007072317,0
AZ,2002,-0.34596717777600594,-0.3859389245692325,-0.3732701152537918,-0.632546551198449,-0.10510389060631,-0.22384562067248256,-0.5326148452738624,1.1442925916200979,-0.2264911699210134,-0.17441905007072317,0
AZ,2003,-0.34596717777600594,-0.1948012852246655,-0.17212504937580989,-0.632546551198449,-0.10510389060631,0.09048071084569732,-0.45172366108771317,-0.3365566445941464,-0.2264911699210134,-0.17441905007072317,0
AZ,2004,-0.34596717777600594,-0.15232625425920615,-0.12742614584736947,-0.632546551198449,-0.10510389060631,0.051189919405924836,-0.41127806899463853,1.1442925916200979,0.27725167572547926,-0.17441905007072317,0
AZ,2005,-0.34596717777600594,-0.1948012852246655,-0.1944745011400301,-0.3236324023649727,-0.10510389060631,-0.027391663473620136,-0.45172366108771317,4.105991064048586,-0.2264911699210134,-0.17441905007072317,0
AZ,2006,-0.34596717777600594,-0.17356376974193582,-0.1944745011400301,-0.014718253531496415,-0.10510389060631,0.16906229372524229,-0.5326148452738624,-0.3365566445941464,0.27725167572547926,-0.17441905007072317,0
AZ,2007,-0.34596717777600594,-0.17356376974193582,-0.14977559761158968,-0.632546551198449,-0.10510389060631,0.1297715022854698,-0.45172366108771317,-0.3365566445941464,-0.2264911699210134,-0.17441905007072317,0
AZ,2008,-0.34596717777600594,-0.04613867684555781,-0.08272724231892904,0.29419589530197987,-0.10510389060631,0.4048070423638772,-0.4921692531807878,-0.3365566445941464,-0.2264911699210134,-0.17441905007072317,0
AZ,2009,-0.34596717777600594,-0.3859389245692325,-0.3732701152537918,-0.632546551198449,-0.10510389060631,-0.1059732463531651,-0.6135060294600118,-0.3365566445941464,-0.2264911699210134,-0.17441905007072317,0
AZ,2010,-0.34596717777600594,-0.2797513471555842,-0.32857121172535136,-0.014718253531496415,-0.10510389060631,-0.06668245491339263,-0.573060437366937,-0.3365566445941464,-0.2264911699210134,1.3314399826911705,0
AZ,2011,-0.34596717777600594,-0.2585138316728545,-0.23917340466847054,-0.632546551198449,-0.10510389060631,0.051189919405924836,-0.5326148452738624,-0.3365566445941464,-0.2264911699210134,-0.17441905007072317,0
AZ,2012,-0.34596717777600594,-0.4071764400519622,-0.4179690187822322,-0.3236324023649727,-0.10510389060631,-0.1452640377929376,-0.6135060294600118,-0.3365566445941464,-0.2264911699210134,-0.17441905007072317,0
AZ,2013,-0.34596717777600594,-0.23727631619012485,-0.2168239529042503,-0.632546551198449,-0.10510389060631,0.09048071084569732,-0.5326148452738624,-0.3365566445941464,-0.2264911699210134,-0.17441905007072317,0
AZ,2014,-0.34596717777600594,-0.32222637812104354,-0.35092066348957157,-0.014718253531496415,-0.10510389060631,-0.06668245491339263,-0.5326148452738624,-0.3365566445941464,-0.2264911699210134,-0.17441905007072317,0
AZ,2015,-0.34596717777600594,-0.42841395553469186,-0.4626679223106726,-0.3236324023649727,-0.10510389060631,-0.3024272035520275,-0.5326148452738624,-0.3365566445941464,-0.2264911699210134,-0.17441905007072317,0
AZ,2016,-0.34596717777600594,-0.32222637812104354,-0.30622175996113116,-0.632546551198449,-0.10510389060631,-0.1452640377929376,-0.5326148452738624,2.625141827834342,-0.2264911699210134,-0.17441905007072317,0
AZ,2017,-0.34596717777600594,-0.1948012852246655,-0.26152285643269074,0.6031100441354562,-0.10510389060631,-0.027391663473620136,-0.41127806899463853,2.625141827834342,-0.2264911699210134,-0.17441905007072317,0
CA,1980,6.792293461986558,6.579966153766099,6.644457738711354,4.927908127804124,-0.10510389060631,6.691333672727475,5.291550416128886,8.54853877269132,1.2847373670184647,3.590228531834011,1
CA,1981,3.223163142105276,6.813578824076125,6.756204997532456,6.1635647231380295,-0.10510389060631,6.652042881287702,5.979125481711155,-0.3365566445941464,2.29222305831145,0.5785104663102237,1
CA,1982,1.438597982164635,4.180126904217646,4.0072224305333695,5.545736425471077,-0.10510389060631,4.608921726419533,2.9052604826374817,2.625141827834342,2.7959659039579425,-0.17441905007072317,1
CA,1983,1.438597982164635,3.8403266564939718,3.5155344917205245,7.399221318471935,-0.10510389060631,4.491049352100216,2.2581310091482876,7.067689536477075,3.2997087496044353,-0.17441905007072317,1
CA,1984,1.438597982164635,2.905875975253866,2.7333036799728174,4.618993978970648,-0.10510389060631,3.390907191786586,1.9750118644967654,-0.3365566445941464,0.7809945213719719,0.5785104663102237,1
CA,1985,-0.34596717777600594,3.245676222977541,3.1802927152572216,3.0744232348032665,-0.10510389060631,3.076580860268406,2.5816957458928846,-0.3365566445941464,5.314680132190405,-0.17441905007072317,1
CA,1986,3.223163142105276,3.7341390790803235,3.739029009362727,3.0744232348032665,-0.10510389060631,3.548070357545676,2.864814890544407,1.1442925916200979,7.833394360422869,0.5785104663102237,1
CA,1987,10.36142378186784,4.498689636458591,4.342464206996673,7.090307169638458,-0.10510389060631,4.412467769220671,3.875954692871273,1.1442925916200979,1.7884802126649573,3.590228531834011,1
CA,1988,3.223163142105276,5.4331403176986965,5.415237891679243,4.618993978970648,-0.10510389060631,4.72679410073885,4.887094495198139,5.586840300262831,0.27725167572547926,8.86073514650064,1
CA,1989,3.223163142105276,7.408229257592557,7.5607852610443835,3.692251532470219,-0.10510389060631,8.773745619035417,4.603975350546617,1.1442925916200979,2.7959659039579425,5.096087564595904,2
CA,1990,3.223163142105276,8.53381757817723,8.655908397491174,4.927908127804124,-0.10510389060631,9.088071950553596,6.140907850083454,1.1442925916200979,2.7959659039579425,11.11952369564348,2
CA,1991,-0.34596717777600594,8.363917454315391,8.387714976320531,5.236822276637601,2.759369307111929,10.73828519102404,3.8355091007781983,4.105991064048586,8.337137206069361,5.096087564595904,2
CA,1992,8.5768586219272,8.47010503172904,8.410064428084752,8.325963764972364,-0.10510389060631,11.68126418557858,3.552389956126676,-0.3365566445941464,5.8184229778368985,5.849017080976851,2
CA,1993,5.007728302045917,9.914256084554657,10.153321665693928,4.618993978970648,-0.10510389060631,10.541831233825178,6.424026994734976,1.1442925916200979,15.89327989076675,7.354876113738745,2
CA,1994,3.223163142105276,9.0859929807282,9.39344030571044,2.76550908596979,-0.10510389060631,9.638143030710411,5.655560744966558,1.1442925916200979,18.411994118999218,5.096087564595904,2
CA,1995,1.438597982164635,8.512580062694498,8.611209493962733,4.927908127804124,-0.10510389060631,10.306086485186544,4.442192982174318,2.625141827834342,11.359594279948318,3.590228531834011,2
CA,1996,-0.34596717777600594,5.730465534456912,5.750479668142546,3.692251532470219,-0.10510389060631,7.162823170004745,2.419913377520586,-0.3365566445941464,8.840880051715855,7.354876113738745,2
CA,1997,-0.34596717777600594,4.5411646674240504,4.498910369346214,3.692251532470219,-0.10510389060631,6.219844175450205,1.4087735751937203,-0.3365566445941464,7.833394360422869,3.590228531834011,1
CA,1998,3.223163142105276,4.095176842286728,4.163668592882911,2.456594937136314,-0.10510389060631,5.35544676377521,1.327882391007571,2.625141827834342,9.84836574300884,2.8372990154530644,1
CA,1999,1.438597982164635,2.3324630572201652,2.219266289395753,3.383337383636743,-0.10510389060631,3.4301979832263583,0.4785249570530036,-0.3365566445941464,5.8184229778368985,-0.17441905007072317,1
CA,2000,-0.34596717777600594,2.65102578946111,2.599206969387496,2.456594937136314,-0.10510389060631,3.2730348174672685,1.206545614728347,-0.3365566445941464,3.2997087496044353,3.590228531834011,1
CA,2001,3.223163142105276,2.459888150116543,2.4204113552737345,2.76550908596979,-0.10510389060631,3.0372900688286335,1.2469912068214217,2.625141827834342,3.2997087496044353,0.5785104663102237,1
CA,2002,-0.34596717777600594,3.0333010681502444,3.0461960046719003,1.8387666394693614,-0.10510389060631,4.255304603461581,1.2469912068214217,-0.3365566445941464,1.2847373670184647,0.5785104663102237,1
CA,2003,-0.34596717777600594,2.226275479806517,2.0851695788104316,3.383337383636743,-0.10510389060631,2.330055822912729,1.2469912068214217,-0.3365566445941464,6.322165823483391,1.3314399826911705,1
CA,2004,1.438597982164635,2.842163428805677,2.934448745850799,0.9120241929689324,-0.10510389060631,3.4301979832263583,1.6918927198452427,-0.3365566445941464,2.7959659039579425,-0.17441905007072317,1
CA,2005,-0.34596717777600594,3.1394886455638926,3.0685454564361203,3.0744232348032665,-0.10510389060631,4.019559854822946,1.3683279831006456,-0.3365566445941464,4.810937286543913,1.3314399826911705,1
CA,2006,1.438597982164635,3.6067139861839452,3.537883943484745,3.692251532470219,-0.10510389060631,4.176723020582036,1.894120680310616,1.1442925916200979,7.329651514776376,1.3314399826911705,1
CA,2007,1.438597982164635,3.097013614598433,3.135593811728781,1.8387666394693614,-0.10510389060631,4.294595394901353,1.2469912068214217,2.625141827834342,2.29222305831145,-0.17441905007072317,1
CA,2008,-0.34596717777600594,2.205037964323787,2.2639651929241933,0.6031100441354562,-0.10510389060631,3.1158716517081784,0.5594161412391528,2.625141827834342,4.30719444089742,-0.17441905007072317,1
CA,2009,-0.34596717777600594,2.0351378404619496,1.9734223199893304,2.1476807883028375,-0.10510389060631,3.076580860268406,0.6403073254253021,1.1442925916200979,0.27725167572547926,-0.17441905007072317,3
CA,2010,-0.34596717777600594,1.759050139186464,1.5711321882333666,3.692251532470219,-0.10510389060631,2.0157294913945494,0.7211985096114515,-0.3365566445941464,4.810937286543913,2.8372990154530644,1
CA,2011,1.438597982164635,1.5466749843591674,1.5487827364691464,1.2209383418024087,-0.10510389060631,1.6228215769968244,0.6807529175183769,-0.3365566445941464,5.8184229778368985,2.8372990154530644,1
CA,2012,3.223163142105276,0.994499581808196,1.1017937011847423,-0.3236324023649727,-0.10510389060631,1.3870768283581894,0.5189705491460782,-0.3365566445941464,-0.2264911699210134,0.5785104663102237,3
CA,2013,-0.34596717777600594,1.4829624379109783,1.4593849294122656,1.2209383418024087,-0.10510389060631,2.4479281972320464,0.23585140449455572,-0.3365566445941464,0.27725167572547926,0.5785104663102237,3
CA,2014,-0.34596717777600594,0.9307870353600071,0.9006486353067603,0.9120241929689324,-0.10510389060631,1.7406939513161417,-0.04726774015696676,-0.3365566445941464,-0.2264911699210134,0.5785104663102237,3
CA,2015,-0.34596717777600594,1.1006871592218443,1.1017937011847423,0.6031100441354562,-0.10510389060631,1.6621123684365968,0.19540581240148108,2.625141827834342,1.2847373670184647,-0.17441905007072317,3
CA,2016,-0.34596717777600594,1.1006871592218443,0.9900464423636411,2.1476807883028375,-0.10510389060631,1.4656584112377344,0.27629699658763035,-0.3365566445941464,3.2997087496044353,0.5785104663102237,3
CA,2017,-0.34596717777600594,0.6971743650499806,0.7218530211929987,-0.014718253531496415,-0.10510389060631,1.4263676197979618,-0.24949570062233994,1.1442925916200979,0.27725167572547926,0.5785104663102237,3
CO,1980,-0.34596717777600594,-0.3434638936037732,-0.3732701152537918,-0.014718253531496415,-0.10510389060631,-0.027391663473620136,-0.6135060294600118,-0.3365566445941464,-0.2264911699210134,-0.17441905007072317,0
CO,1981,-0.34596717777600594,-0.5133640174656106,-0.5297162776033333,-0.3236324023649727,-0.10510389060631,-0.3810087864315725,-0.573060437366937,-0.3365566445941464,-0.2264911699210134,-0.17441905007072317,0
CO,1982,-0.34596717777600594,-0.42841395553469186,-0.4179690187822322,-0.632546551198449,-0.10510389060631,-0.18455482923271008,-0.6135060294600118,-0.3365566445941464,-0.2264911699210134,-0.17441905007072317,0
CO,1983,-0.34596717777600594,-0.3859389245692325,-0.3732701152537918,-0.632546551198449,-0.10510389060631,-0.1452640377929376,-0.573060437366937,-0.3365566445941464,-0.2264911699210134,-0.17441905007072317,0
CO,1984,-0.34596717777600594,-0.32222637812104354,-0.32857121172535136,-0.3236324023649727,-0.10510389060631,-0.1452640377929376,-0.4921692531807878,-0.3365566445941464,-0.2264911699210134,-0.17441905007072317,0
CO,1985,-0.34596717777600594,-0.2585138316728545,-0.30622175996113116,0.29419589530197987,-0.10510389060631,0.1297715022854698,-0.6135060294600118,-0.3365566445941464,-0.2264911699210134,-0.17441905007072317,0
CO,1986,1.438597982164635,-0.2797513471555842,-0.28387230819691095,-0.014718253531496415,-0.10510389060631,0.1297715022854698,-0.6135060294600118,-0.3365566445941464,-0.2264911699210134,-0.17441905007072317,0
CO,1987,-0.34596717777600594,-0.36470140908650284,-0.4179690187822322,0.29419589530197987,-0.10510389060631,-0.06668245491339263,-0.6135060294600118,-0.3365566445941464,-0.2264911699210134,-0.17441905007072317,0
CO,1988,-0.34596717777600594,-0.2585138316728545,-0.28387230819691095,-0.014718253531496415,-0.10510389060631,0.011899127966152351,-0.4921692531807878,-0.3365566445941464,-0.2264911699210134,-0.17441905007072317,0
CO,1989,-0.34596717777600594,-0.4071764400519622,-0.395619567018012,-0.632546551198449,-0.10510389060631,-0.2631364121122551,-0.4921692531807878,-0.3365566445941464,-0.2264911699210134,-0.17441905007072317,0
CO,1990,-0.34596717777600594,-0.15232625425920615,-0.17212504937580989,-0.014718253531496415,-0.10510389060631,0.051189919405924836,-0.3303868848084892,-0.3365566445941464,-0.2264911699210134,-0.17441905007072317,0
CO,1991,-0.34596717777600594,-0.02490116136282814,-0.12742614584736947,1.2209383418024087,-0.10510389060631,0.1297715022854698,-0.16860451643619068,-0.3365566445941464,-0.2264911699210134,-0.17441905007072317,3
CO,1992,-0.34596717777600594,-0.06737619232828748,-0.060377790554708835,-0.3236324023649727,-0.10510389060631,0.28693466804455975,-0.41127806899463853,-0.3365566445941464,-0.2264911699210134,-0.17441905007072317,0
CO,1993,-0.34596717777600594,-0.10985122329374682,-0.12742614584736947,-0.014718253531496415,-0.10510389060631,0.051189919405924836,-0.2899412927154146,-0.3365566445941464,0.27725167572547926,-0.17441905007072317,0
CO,1994,-0.34596717777600594,-0.2797513471555842,-0.26152285643269074,-0.632546551198449,-0.10510389060631,-0.1452640377929376,-0.37083247690156385,-0.3365566445941464,0.27725167572547926,-0.17441905007072317,0
CO,1995,1.438597982164635,0.14499896249900923,0.1854661788517135,-0.3236324023649727,-0.10510389060631,0.5226794166831947,-0.2090501085292653,-0.3365566445941464,-0.2264911699210134,-0.17441905007072317,3
CO,1996,1.438597982164635,0.2936615708781169,0.2301650823801539,1.2209383418024087,-0.10510389060631,0.8370057482013745,-0.3303868848084892,-0.3365566445941464,0.7809945213719719,-0.17441905007072317,3
CO,1997,-0.34596717777600594,-0.15232625425920615,-0.14977559761158968,-0.3236324023649727,-0.10510389060631,-0.06668245491339263,-0.2090501085292653,-0.3365566445941464,0.27725167572547926,-0.17441905007072317,0
CO,1998,-0.34596717777600594,-0.0036636458800984703,-0.060377790554708835,0.29419589530197987,-0.10510389060631,0.4440978338036497,-0.573060437366937,-0.3365566445941464,0.7809945213719719,-0.17441905007072317,0
CO,1999,-0.34596717777600594,-0.02490116136282814,-0.10507669408314926,0.9120241929689324,-0.10510389060631,0.4440978338036497,-0.5326148452738624,-0.3365566445941464,0.27725167572547926,-0.17441905007072317,0
CO,2000,-0.34596717777600594,-0.30098886263831387,-0.30622175996113116,-0.3236324023649727,-0.10510389060631,-0.1452640377929376,-0.4921692531807878,-0.3365566445941464,0.27725167572547926,-0.17441905007072317,0
CO,2001,-0.34596717777600594,-0.23727631619012485,-0.28387230819691095,0.29419589530197987,-0.10510389060631,0.09048071084569732,-0.5326148452738624,-0.3365566445941464,-0.2264911699210134,-0.17441905007072317,0
CO,2002,-0.34596717777600594,-0.42841395553469186,-0.4179690187822322,-0.632546551198449,-0.10510389060631,-0.2631364121122551,-0.5326148452738624,-0.3365566445941464,-0.2264911699210134,-0.17441905007072317,0
CO,2003,-0.34596717777600594,-0.36470140908650284,-0.35092066348957157,-0.632546551198449,-0.10510389060631,-0.1452640377929376,-0.5326148452738624,-0.3365566445941464,-0.2264911699210134,-0.17441905007072317,0
CO,2004,-0.34596717777600594,-0.36470140908650284,-0.35092066348957157,-0.632546551198449,-0.10510389060631,-0.1452640377929376,-0.5326148452738624,-0.3365566445941464,-0.2264911699210134,-0.17441905007072317,0
CO,2005,-0.34596717777600594,-0.42841395553469186,-0.4626679223106726,-0.014718253531496415,-0.10510389060631,-0.2631364121122551,-0.5326148452738624,-0.3365566445941464,-0.2264911699210134,-0.17441905007072317,0
CO,2006,-0.34596717777600594,-0.32222637812104354,-0.32857121172535136,-0.3236324023649727,-0.10510389060631,0.011899127966152351,-0.6135060294600118,-0.3365566445941464,-0.2264911699210134,-0.17441905007072317,0
CO,2007,-0.34596717777600594,-0.17356376974193582,-0.2168239529042503,0.29419589530197987,-0.10510389060631,0.011899127966152351,-0.37083247690156385,1.1442925916200979,-0.2264911699210134,-0.17441905007072317,0
CO,2008,-0.34596717777600594,-0.3859389245692325,-0.3732701152537918,-0.632546551198449,-0.10510389060631,-0.2631364121122551,-0.45172366108771317,-0.3365566445941464,-0.2264911699210134,-0.17441905007072317,0
CO,2009,-0.34596717777600594,-0.30098886263831387,-0.35092066348957157,-0.014718253531496415,-0.10510389060631,-0.1059732463531651,-0.45172366108771317,-0.3365566445941464,-0.2264911699210134,-0.17441905007072317,0
CO,2010,-0.34596717777600594,-0.32222637812104354,-0.32857121172535136,-0.3236324023649727,-0.10510389060631,-0.06668245491339263,-0.5326148452738624,-0.3365566445941464,-0.2264911699210134,0.5785104663102237,0
CO,2011,-0.34596717777600594,-0.4708889865001512,-0.4626679223106726,-0.632546551198449,-0.10510389060631,-0.3024272035520275,-0.573060437366937,-0.3365566445941464,-0.2264911699210134,-0.17441905007072317,0
CO,2012,-0.34596717777600594,-0.42841395553469186,-0.4403184705464524,-0.3236324023649727,-0.10510389060631,-0.22384562067248256,-0.573060437366937,-0.3365566445941464,-0.2264911699210134,-0.17441905007072317,0
CO,2013,-0.34596717777600594,-0.3859389245692325,-0.3732701152537918,-0.632546551198449,-0.10510389060631,-0.3024272035520275,-0.41127806899463853,-0.3365566445941464,-0.2264911699210134,-0.17441905007072317,0
CO,2014,-0.34596717777600594,-0.30098886263831387,-0.28387230819691095,-0.632546551198449,-0.10510389060631,-0.1059732463531651,-0.45172366108771317,-0.3365566445941464,-0.2264911699210134,-0.17441905007072317,0
CO,2015,-0.34596717777600594,-0.3434638936037732,-0.35092066348957157,-0.3236324023649727,-0.10510389060631,-0.2631364121122551,-0.37083247690156385,-0.3365566445941464,-0.2264911699210134,-0.17441905007072317,0
CO,2016,-0.34596717777600594,-0.32222637812104354,-0.30622175996113116,-0.632546551198449,-0.10510389060631,-0.18455482923271008,-0.4921692531807878,-0.3365566445941464,-0.2264911699210134,1.3314399826911705,0
CO,2017,-0.34596717777600594,-0.06737619232828748,-0.12742614584736947,0.6031100441354562,-0.10510389060631,0.051189919405924836,-0.16860451643619068,-0.3365566445941464,-0.2264911699210134,-0.17441905007072317,0
CT,1980,-0.34596717777600594,-0.2797513471555842,-0.26152285643269074,-0.632546551198449,-0.10510389060631,-0.3417179949918,-0.3303868848084892,-0.3365566445941464,-0.2264911699210134,2.8372990154530644,0
CT,1981,-0.34596717777600594,-0.30098886263831387,-0.28387230819691095,-0.632546551198449,-0.10510389060631,-0.3024272035520275,-0.2899412927154146,-0.3365566445941464,-0.2264911699210134,-0.17441905007072317,0
CT,1982,-0.34596717777600594,-0.2797513471555842,-0.28387230819691095,-0.3236324023649727,-0.10510389060631,-0.1452640377929376,-0.37083247690156385,-0.3365566445941464,-0.2264911699210134,-0.17441905007072317,0
CT,1983,3.223163142105276,-0.32222637812104354,-0.32857121172535136,0.29419589530197987,-0.10510389060631,-0.1059732463531651,-0.41127806899463853,-0.3365566445941464,-0.2264911699210134,-0.17441905007072317,3
CT,1984,-0.34596717777600594,-0.4708889865001512,-0.4626679223106726,-0.632546551198449,-0.10510389060631,-0.420299577871345,-0.45172366108771317,-0.3365566445941464,-0.2264911699210134,-0.17441905007072317,0
CT,1985,-0.34596717777600594,-0.32222637812104354,-0.35092066348957157,-0.014718253531496415,-0.10510389060631,-0.2631364121122551,-0.3303868848084892,-0.3365566445941464,-0.2264911699210134,-0.17441905007072317,0
CT,1986,-0.34596717777600594,-0.3434638936037732,-0.32857121172535136,-0.632546551198449,-0.10510389060631,-0.2631364121122551,-0.37083247690156385,-0.3365566445941464,-0.2264911699210134,-0.17441905007072317,0
CT,1987,-0.34596717777600594,-0.36470140908650284,-0.35092066348957157,-0.632546551198449,-0.10510389060631,-0.1452640377929376,-0.5326148452738624,-0.3365566445941464,-0.2264911699210134,-0.17441905007072317,0
CT,1988,-0.34596717777600594,-0.1310887387764765,-0.10507669408314926,-0.632546551198449,-0.10510389060631,-0.06668245491339263,-0.16860451643619068,-0.3365566445941464,-0.2264911699210134,-0.17441905007072317,0
CT,1989,-0.34596717777600594,-0.10985122329374682,-0.10507669408314926,-0.3236324023649727,-0.10510389060631,-0.1452640377929376,-0.04726774015696676,-0.3365566445941464,-0.2264911699210134,-0.17441905007072317,0
CT,1990,-0.34596717777600594,-0.1948012852246655,-0.17212504937580989,-0.632546551198449,-0.10510389060631,-0.1452640377929376,-0.2090501085292653,-0.3365566445941464,-0.2264911699210134,-0.17441905007072317,0
CT,1991,-0.34596717777600594,-0.1948012852246655,-0.2168239529042503,-0.014718253531496415,-0.10510389060631,-0.027391663473620136,-0.3303868848084892,-0.3365566445941464,-0.2264911699210134,-0.17441905007072317,0
CT,1992,-0.34596717777600594,-0.15232625425920615,-0.14977559761158968,-0.3236324023649727,-0.10510389060631,-0.22384562067248256,-0.04726774015696676,-0.3365566445941464,-0.2264911699210134,-0.17441905007072317,0
CT,1993,-0.34596717777600594,-0.17356376974193582,-0.17212504937580989,-0.3236324023649727,-0.10510389060631,-0.027391663473620136,-0.2899412927154146,-0.3365566445941464,-0.2264911699210134,-0.17441905007072317,0
CT,1994,-0.34596717777600594,-0.08861370781101716,-0.060377790554708835,-0.632546551198449,-0.10510389060631,-0.1059732463531651,-0.04726774015696676,-0.3365566445941464,-0.2264911699210134,-0.17441905007072317,0
CT,1995,-0.34596717777600594,-0.2585138316728545,-0.26152285643269074,-0.3236324023649727,-0.10510389060631,-0.1452640377929376,-0.3303868848084892,-0.3365566445941464,-0.2264911699210134,-0.17441905007072317,0
CT,1996,-0.34596717777600594,-0.21603880070739517,-0.1944745011400301,-0.632546551198449,-0.10510389060631,-0.06668245491339263,-0.3303868848084892,-0.3365566445941464,-0.2264911699210134,-0.17441905007072317,0
CT,1997,3.223163142105276,-0.32222637812104354,-0.30622175996113116,-0.3236324023649727,2.759369307111929,-0.3417179949918,-0.24949570062233994,-0.3365566445941464,-0.2264911699210134,1.3314399826911705,3
CT,1998,-0.34596717777600594,-0.36470140908650284,-0.3732701152537918,-0.3236324023649727,-0.10510389060631,-0.1452640377929376,-0.5326148452738624,-0.3365566445941464,-0.2264911699210134,-0.17441905007072317,0
CT,1999,-0.34596717777600594,-0.3434638936037732,-0.35092066348957157,-0.3236324023649727,-0.10510389060631,-0.3024272035520275,-0.3303868848084892,-0.3365566445941464,-0.2264911699210134,-0.17441905007072317,0
CT,2000,-0.34596717777600594,-0.44965147101742153,-0.4403184705464524,-0.632546551198449,-0.10510389060631,-0.3810087864315725,-0.45172366108771317,-0.3365566445941464,-0.2264911699210134,-0.17441905007072317,0
CT,2001,-0.34596717777600594,-0.3859389245692325,-0.395619567018012,-0.3236324023649727,-0.10510389060631,-0.2631364121122551,-0.45172366108771317,-0.3365566445941464,-0.2264911699210134,-0.17441905007072317,0
CT,2002,-0.34596717777600594,-0.5133640174656106,-0.5073668258391131,-0.632546551198449,-0.10510389060631,-0.420299577871345,-0.5326148452738624,-0.3365566445941464,-0.2264911699210134,-0.17441905007072317,0
CT,2003,-0.34596717777600594,-0.42841395553469186,-0.4179690187822322,-0.632546551198449,-0.10510389060631,-0.3417179949918,-0.45172366108771317,-0.3365566445941464,-0.2264911699210134,-0.17441905007072317,0
CT,2004,-0.34596717777600594,-0.3859389245692325,-0.3732701152537918,-0.632546551198449,-0.10510389060631,-0.22384562067248256,-0.45172366108771317,-0.3365566445941464,-0.2264911699210134,-0.17441905007072317,0
CT,2005,-0.34596717777600594,-0.5133640174656106,-0.5073668258391131,-0.632546551198449,-0.10510389060631,-0.3810087864315725,-0.573060437366937,-0.3365566445941464,-0.2264911699210134,-0.17441905007072317,0
CT,2006,-0.34596717777600594,-0.23727631619012485,-0.23917340466847054,-0.3236324023649727,-0.10510389060631,-0.22384562067248256,-0.24949570062233994,-0.3365566445941464,0.27725167572547926,-0.17441905007072317,0
CT,2007,-0.34596717777600594,-0.42841395553469186,-0.4179690187822322,-0.632546551198449,-0.10510389060631,-0.3810087864315725,-0.41127806899463853,-0.3365566445941464,-0.2264911699210134,-0.17441905007072317,0
CT,2008,-0.34596717777600594,-0.4071764400519622,-0.395619567018012,-0.632546551198449,-0.10510389060631,-0.3024272035520275,-0.45172366108771317,-0.3365566445941464,-0.2264911699210134,-0.17441905007072317,0
CT,2009,-0.34596717777600594,-0.44965147101742153,-0.4626679223106726,-0.3236324023649727,-0.10510389060631,-0.3024272035520275,-0.5326148452738624,-0.3365566445941464,-0.2264911699210134,-0.17441905007072317,0
CT,2010,-0.34596717777600594,-0.36470140908650284,-0.35092066348957157,-0.632546551198449,-0.10510389060631,-0.3810087864315725,-0.3303868848084892,-0.3365566445941464,-0.2264911699210134,0.5785104663102237,0
CT,2011,-0.34596717777600594,-0.4921265019828809,-0.4850173740748928,-0.632546551198449,-0.10510389060631,-0.420299577871345,-0.4921692531807878,-0.3365566445941464,-0.2264911699210134,-0.17441905007072317,0
CT,2012,-0.34596717777600594,-0.4921265019828809,-0.4850173740748928,-0.632546551198449,-0.10510389060631,-0.3810087864315725,-0.5326148452738624,-0.3365566445941464,-0.2264911699210134,-0.17441905007072317,0
CT,2013,-0.34596717777600594,-0.42841395553469186,-0.4179690187822322,-0.632546551198449,-0.10510389060631,-0.420299577871345,-0.45172366108771317,-0.3365566445941464,-0.2264911699210134,1.3314399826911705,0
CT,2014,-0.34596717777600594,-0.42841395553469186,-0.4179690187822322,-0.632546551198449,-0.10510389060631,-0.3810087864315725,-0.45172366108771317,-0.3365566445941464,-0.2264911699210134,0.5785104663102237,0
CT,2015,-0.34596717777600594,-0.5133640174656106,-0.5073668258391131,-0.632546551198449,-0.10510389060631,-0.3810087864315725,-0.573060437366937,-0.3365566445941464,-0.2264911699210134,-0.17441905007072317,0
CT,2016,-0.34596717777600594,-0.4708889865001512,-0.5073668258391131,-0.014718253531496415,-0.10510389060631,-0.3810087864315725,-0.4921692531807878,-0.3365566445941464,-0.2264911699210134,-0.17441905007072317,0
CT,2017,-0.34596717777600594,-0.4071764400519622,-0.395619567018012,-0.632546551198449,-0.10510389060631,-0.3024272035520275,-0.45172366108771317,-0.3365566445941464,-0.2264911699210134,-0.17441905007072317,0
DE,1980,-0.34596717777600594,-0.5346015329483402,-0.5297162776033333,-0.632546551198449,-0.10510389060631,-0.3810087864315725,-0.6135060294600118,-0.3365566445941464,-0.2264911699210134,-0.17441905007072317,0
DE,1981,-0.34596717777600594,-0.5133640174656106,-0.5073668258391131,-0.632546551198449,-0.10510389060631,-0.3417179949918,-0.6135060294600118,-0.3365566445941464,-0.2264911699210134,-0.17441905007072317,0
DE,1982,-0.34596717777600594,-0.5558390484310699,-0.5520657293675535,-0.632546551198449,-0.10510389060631,-0.420299577871345,-0.6135060294600118,-0.3365566445941464,-0.2264911699210134,-0.17441905007072317,0
DE,1983,-0.34596717777600594,-0.5346015329483402,-0.5520657293675535,-0.3236324023649727,-0.10510389060631,-0.420299577871345,-0.573060437366937,-0.3365566445941464,-0.2264911699210134,-0.17441905007072317,0
DE,1984,-0.34596717777600594,-0.5346015329483402,-0.5297162776033333,-0.632546551198449,-0.10510389060631,-0.420299577871345,-0.573060437366937,-0.3365566445941464,-0.2264911699210134,-0.17441905007072317,0
DE,1985,-0.34596717777600594,-0.4921265019828809,-0.4850173740748928,-0.632546551198449,-0.10510389060631,-0.3810087864315725,-0.5326148452738624,-0.3365566445941464,-0.2264911699210134,-0.17441905007072317,0
DE,1986,-0.34596717777600594,-0.4708889865001512,-0.4850173740748928,-0.3236324023649727,-0.10510389060631,-0.2631364121122551,-0.6135060294600118,-0.3365566445941464,-0.2264911699210134,-0.17441905007072317,0
DE,1987,-0.34596717777600594,-0.44965147101742153,-0.4403184705464524,-0.632546551198449,-0.10510389060631,-0.22384562067248256,-0.6135060294600118,-0.3365566445941464,-0.2264911699210134,-0.17441905007072317,0
DE,1988,-0.34596717777600594,-0.4921265019828809,-0.5073668258391131,-0.3236324023649727,-0.10510389060631,-0.420299577871345,-0.4921692531807878,-0.3365566445941464,-0.2264911699210134,-0.17441905007072317,0
DE,1989,-0.34596717777600594,-0.5133640174656106,-0.5297162776033333,-0.3236324023649727,-0.10510389060631,-0.3810087864315725,-0.573060437366937,-0.3365566445941464,-0.2264911699210134,-0.17441905007072317,0
DE,1990,-0.34596717777600594,-0.4921265019828809,-0.4850173740748928,-0.632546551198449,-0.10510389060631,-0.3810087864315725,-0.5326148452738624,-0.3365566445941464,-0.2264911699210134,-0.17441905007072317,0
DE,1991,-0.34596717777600594,-0.4708889865001512,-0.4626679223106726,-0.632546551198449,-0.10510389060631,-0.3417179949918,-0.5326148452738624,-0.3365566445941464,-0.2264911699210134,-0.17441905007072317,0
DE,1992,-0.34596717777600594,-0.42841395553469186,-0.4403184705464524,-0.014718253531496415,-0.10510389060631,-0.420299577871345,-0.37083247690156385,-0.3365566445941464,-0.2264911699210134,-0.17441905007072317,0
DE,1993,-0.34596717777600594,-0.44965147101742153,-0.4403184705464524,-0.632546551198449,-0.10510389060631,-0.420299577871345,-0.41127806899463853,-0.3365566445941464,-0.2264911699210134,-0.17441905007072317,0
DE,1996,-0.34596717777600594,-0.5346015329483402,-0.5297162776033333,-0.632546551198449,-0.10510389060631,-0.3810087864315725,-0.6135060294600118,-0.3365566445941464,-0.2264911699210134,-0.17441905007072317,0
DE,1997,-0.34596717777600594,-0.5558390484310699,-0.5520657293675535,-0.632546551198449,-0.10510389060631,-0.420299577871345,-0.6135060294600118,-0.3365566445941464,-0.2264911699210134,-0.17441905007072317,0
DE,1998,-0.34596717777600594,-0.4708889865001512,-0.4626679223106726,-0.632546551198449,-0.10510389060631,-0.3417179949918,-0.5326148452738624,-0.3365566445941464,-0.2264911699210134,-0.17441905007072317,0
DE,1999,-0.34596717777600594,-0.5346015329483402,-0.5297162776033333,-0.632546551198449,-0.10510389060631,-0.420299577871345,-0.573060437366937,-0.3365566445941464,-0.2264911699210134,-0.17441905007072317,0
DE,2000,-0.34596717777600594,-0.4708889865001512,-0.4626679223106726,-0.632546551198449,-0.10510389060631,-0.3810087864315725,-0.4921692531807878,-0.3365566445941464,-0.2264911699210134,-0.17441905007072317,0
DE,2001,-0.34596717777600594,-0.5133640174656106,-0.5073668258391131,-0.632546551198449,-0.10510389060631,-0.3810087864315725,-0.573060437366937,-0.3365566445941464,-0.2264911699210134,-0.17441905007072317,0
DE,2002,-0.34596717777600594,-0.4921265019828809,-0.4850173740748928,-0.632546551198449,-0.10510389060631,-0.3810087864315725,-0.5326148452738624,-0.3365566445941464,-0.2264911699210134,-0.17441905007072317,0
DE,2003,-0.34596717777600594,-0.5558390484310699,-0.5520657293675535,-0.632546551198449,-0.10510389060631,-0.420299577871345,-0.6135060294600118,-0.3365566445941464,-0.2264911699210134,-0.17441905007072317,0
DE,2004,-0.34596717777600594,-0.5133640174656106,-0.5073668258391131,-0.632546551198449,-0.10510389060631,-0.3810087864315725,-0.573060437366937,-0.3365566445941464,-0.2264911699210134,-0.17441905007072317,0
DE,2005,-0.34596717777600594,-0.44965147101742153,-0.4403184705464524,-0.3236324023649727,-0.10510389060631,-0.3417179949918,-0.45172366108771317,-0.3365566445941464,-0.2264911699210134,-0.17441905007072317,0
DE,2006,-0.34596717777600594,-0.3434638936037732,-0.32857121172535136,-0.632546551198449,-0.10510389060631,-0.22384562067248256,-0.41127806899463853,-0.3365566445941464,-0.2264911699210134,-0.17441905007072317,0
DE,2007,-0.34596717777600594,-0.4708889865001512,-0.4850173740748928,-0.3236324023649727,-0.10510389060631,-0.420299577871345,-0.45172366108771317,-0.3365566445941464,-0.2264911699210134,-0.17441905007072317,0
DE,2008,-0.34596717777600594,-0.42841395553469186,-0.4179690187822322,-0.632546551198449,-0.10510389060631,-0.420299577871345,-0.37083247690156385,-0.3365566445941464,-0.2264911699210134,-0.17441905007072317,0
DE,2009,-0.34596717777600594,-0.42841395553469186,-0.4179690187822322,-0.632546551198449,-0.10510389060631,-0.3810087864315725,-0.41127806899463853,-0.3365566445941464,-0.2264911699210134,-0.17441905007072317,0
DE,2010,-0.34596717777600594,-0.3859389245692325,-0.3732701152537918,-0.632546551198449,-0.10510389060631,-0.3810087864315725,-0.2899412927154146,-0.3365566445941464,-0.2264911699210134,-0.17441905007072317,0
DE,2011,-0.34596717777600594,-0.5133640174656106,-0.5073668258391131,-0.632546551198449,-0.10510389060631,-0.420299577871345,-0.5326148452738624,-0.3365566445941464,-0.2264911699210134,-0.17441905007072317,0
DE,2012,-0.34596717777600594,-0.4708889865001512,-0.4850173740748928,-0.3236324023649727,-0.10510389060631,-0.3417179949918,-0.5326148452738624,-0.3365566445941464,-0.2264911699210134,-0.17441905007072317,0
DE,2013,-0.34596717777600594,-0.5558390484310699,-0.5520657293675535,-0.632546551198449,-0.10510389060631,-0.420299577871345,-0.6135060294600118,-0.3365566445941464,-0.2264911699210134,-0.17441905007072317,0
DE,2014,-0.34596717777600594,-0.42841395553469186,-0.4179690187822322,-0.632546551198449,-0.10510389060631,-0.3810087864315725,-0.41127806899463853,-0.3365566445941464,-0.2264911699210134,-0.17441905007072317,0
DE,2015,-0.34596717777600594,-0.4921265019828809,-0.4850173740748928,-0.632546551198449,-0.10510389060631,-0.420299577871345,-0.4921692531807878,-0.3365566445941464,-0.2264911699210134,-0.17441905007072317,0
DE,2016,-0.34596717777600594,-0.36470140908650284,-0.4179690187822322,0.29419589530197987,-0.10510389060631,-0.3810087864315725,-0.2899412927154146,-0.3365566445941464,-0.2264911699210134,-0.17441905007072317,0
DE,2017,-0.34596717777600594,-0.4921265019828809,-0.4850173740748928,-0.632546551198449,-0.10510389060631,-0.420299577871345,-0.4921692531807878,-0.3365566445941464,-0.2264911699210134,-0.17441905007072317,0
District of Columbia,1980,-0.34596717777600594,-0.32222637812104354,-0.32857121172535136,-0.3236324023649727,-0.10510389060631,-0.420299577871345,-0.16860451643619068,-0.3365566445941464,-0.2264911699210134,-0.17441905007072317,0
District of Columbia,1981,-0.34596717777600594,-0.5133640174656106,-0.5073668258391131,-0.632546551198449,-0.10510389060631,-0.420299577871345,-0.5326148452738624,-0.3365566445941464,-0.2264911699210134,-0.17441905007072317,0
District of Columbia,1982,-0.34596717777600594,-0.4708889865001512,-0.4850173740748928,-0.3236324023649727,-0.10510389060631,-0.420299577871345,-0.45172366108771317,-0.3365566445941464,-0.2264911699210134,-0.17441905007072317,0
District of Columbia,1983,-0.34596717777600594,-0.5346015329483402,-0.5297162776033333,-0.632546551198449,-0.10510389060631,-0.420299577871345,-0.573060437366937,-0.3365566445941464,-0.2264911699210134,-0.17441905007072317,0
District of Columbia,1984,-0.34596717777600594,-0.5346015329483402,-0.5297162776033333,-0.632546551198449,-0.10510389060631,-0.420299577871345,-0.573060437366937,-0.3365566445941464,-0.2264911699210134,-0.17441905007072317,0
District of Columbia,1985,-0.34596717777600594,-0.5133640174656106,-0.5073668258391131,-0.632546551198449,-0.10510389060631,-0.420299577871345,-0.5326148452738624,-0.3365566445941464,-0.2264911699210134,-0.17441905007072317,0
District of Columbia,1986,-0.34596717777600594,-0.4708889865001512,-0.4626679223106726,-0.632546551198449,-0.10510389060631,-0.420299577871345,-0.45172366108771317,-0.3365566445941464,-0.2264911699210134,-0.17441905007072317,0
District of Columbia,1987,-0.34596717777600594,-0.4708889865001512,-0.4626679223106726,-0.632546551198449,-0.10510389060631,-0.420299577871345,-0.45172366108771317,-0.3365566445941464,-0.2264911699210134,-0.17441905007072317,0
District of Columbia,1988,-0.34596717777600594,-0.5346015329483402,-0.5297162776033333,-0.632546551198449,-0.10510389060631,-0.420299577871345,-0.573060437366937,-0.3365566445941464,-0.2264911699210134,-0.17441905007072317,0
District of Columbia,1989,-0.34596717777600594,-0.5133640174656106,-0.5073668258391131,-0.632546551198449,-0.10510389060631,-0.420299577871345,-0.5326148452738624,-0.3365566445941464,-0.2264911699210134,-0.17441905007072317,0
District of Columbia,1990,-0.34596717777600594,-0.5558390484310699,-0.5520657293675535,-0.632546551198449,-0.10510389060631,-0.420299577871345,-0.6135060294600118,-0.3365566445941464,-0.2264911699210134,-0.17441905007072317,0
District of Columbia,1991,-0.34596717777600594,0.20871150894719823,0.2078156306159337,-0.014718253531496415,-0.10510389060631,-0.420299577871345,0.8425352858906754,-0.3365566445941464,-0.2264911699210134,-0.17441905007072317,3
District of Columbia,1992,-0.34596717777600594,-0.04613867684555781,-0.015678887026268417,-0.632546551198449,-0.10510389060631,-0.420299577871345,0.3571881807737796,-0.3365566445941464,-0.2264911699210134,-0.17441905007072317,0
District of Columbia,1993,-0.34596717777600594,-0.02490116136282814,0.0066705647379517955,-0.632546551198449,-0.10510389060631,-0.420299577871345,0.39763377286685425,-0.3365566445941464,-0.2264911699210134,-0.17441905007072317,0
District of Columbia,1994,-0.34596717777600594,-0.5133640174656106,-0.5073668258391131,-0.632546551198449,-0.10510389060631,-0.420299577871345,-0.5326148452738624,-0.3365566445941464,-0.2264911699210134,-0.17441905007072317,0
District of Columbia,1995,-0.34596717777600594,-0.02490116136282814,-0.015678887026268417,-0.3236324023649727,-0.10510389060631,-0.420299577871345,0.39763377286685425,-0.3365566445941464,-0.2264911699210134,-0.17441905007072317,0
District of Columbia,1997,-0.34596717777600594,-0.10985122329374682,-0.12742614584736947,-0.014718253531496415,-0.10510389060631,-0.420299577871345,0.19540581240148108,-0.3365566445941464,-0.2264911699210134,0.5785104663102237,0
District of Columbia,2009,-0.34596717777600594,-0.44965147101742153,-0.4403184705464524,-0.632546551198449,-0.10510389060631,-0.420299577871345,-0.41127806899463853,-0.3365566445941464,-0.2264911699210134,-0.17441905007072317,0
District of Columbia,2010,-0.34596717777600594,-0.2585138316728545,-0.23917340466847054,-0.632546551198449,-0.10510389060631,-0.420299577871345,-0.04726774015696676,-0.3365566445941464,-0.2264911699210134,-0.17441905007072317,0
District of Columbia,2011,-0.34596717777600594,-0.42841395553469186,-0.4626679223106726,-0.014718253531496415,-0.10510389060631,-0.3810087864315725,-0.41127806899463853,-0.3365566445941464,-0.2264911699210134,-0.17441905007072317,0
District of Columbia,2013,-0.34596717777600594,-0.5133640174656106,-0.5073668258391131,-0.632546551198449,-0.10510389060631,-0.420299577871345,-0.5326148452738624,-0.3365566445941464,-0.2264911699210134,-0.17441905007072317,0
District of Columbia,2014,-0.34596717777600594,-0.5133640174656106,-0.5073668258391131,-0.632546551198449,-0.10510389060631,-0.420299577871345,-0.5326148452738624,-0.3365566445941464,-0.2264911699210134,-0.17441905007072317,0
District of Columbia,2015,-0.34596717777600594,-0.4921265019828809,-0.4850173740748928,-0.632546551198449,-0.10510389060631,-0.420299577871345,-0.4921692531807878,-0.3365566445941464,-0.2264911699210134,-0.17441905007072317,0
District of Columbia,2016,-0.34596717777600594,-0.44965147101742153,-0.4626679223106726,-0.3236324023649727,-0.10510389060631,-0.420299577871345,-0.41127806899463853,-0.3365566445941464,-0.2264911699210134,-0.17441905007072317,0
District of Columbia,2017,-0.34596717777600594,-0.44965147101742153,-0.4403184705464524,-0.632546551198449,-0.10510389060631,-0.3810087864315725,-0.45172366108771317,-0.3365566445941464,-0.2264911699210134,-0.17441905007072317,0
FL,1980,-0.34596717777600594,0.5485117566708729,0.4760090517865762,1.2209383418024087,-0.10510389060631,0.32622545948433224,0.6807529175183769,-0.3365566445941464,-0.2264911699210134,0.5785104663102237,3
FL,1981,-0.34596717777600594,0.4423241792572246,0.27486398590859434,2.456594937136314,-0.10510389060631,0.5619702081229672,0.23585140449455572,-0.3365566445941464,-0.2264911699210134,0.5785104663102237,3
FL,1982,-0.34596717777600594,0.3573741173263059,0.2301650823801539,1.8387666394693614,-0.10510389060631,0.32622545948433224,0.3571881807737796,-0.3365566445941464,-0.2264911699210134,-0.17441905007072317,3
FL,1983,3.223163142105276,0.18747399346446855,0.07371892003061242,2.1476807883028375,-0.10510389060631,0.24764387660478726,0.19540581240148108,-0.3365566445941464,-0.2264911699210134,-0.17441905007072317,3
FL,1984,1.438597982164635,0.4423241792572246,0.27486398590859434,2.76550908596979,-0.10510389060631,0.4440978338036497,0.39763377286685425,-0.3365566445941464,-0.2264911699210134,0.5785104663102237,3
FL,1985,-0.34596717777600594,0.5060367257054136,0.4983585035507964,0.29419589530197987,-0.10510389060631,0.3655162509241047,0.5998617333322275,-0.3365566445941464,-0.2264911699210134,-0.17441905007072317,3
FL,1986,5.007728302045917,0.5909867876363323,0.6324552141361177,0.6031100441354562,-0.10510389060631,0.4048070423638772,0.8020896937976008,-0.3365566445941464,-0.2264911699210134,-0.17441905007072317,3
FL,1987,-0.34596717777600594,0.9732620663254663,0.7665519247214391,3.0744232348032665,-0.10510389060631,0.6798425824422846,1.1256544305421978,-0.3365566445941464,-0.2264911699210134,0.5785104663102237,3
FL,1992,-0.34596717777600594,1.3555373450146004,1.1017937011847423,1.8387666394693614,22.810681691139607,0.6405517910025121,1.651447127752168,-0.3365566445941464,-0.2264911699210134,5.849017080976851,4
FL,1993,1.438597982164635,1.3980123759800596,1.3252882188269444,1.529852490635885,5.6238425048301695,0.8370057482013745,1.7323383119383173,-0.3365566445941464,0.27725167572547926,1.3314399826911705,3
FL,1994,3.223163142105276,1.185637221152763,1.0570947976563019,1.529852490635885,14.217262097984888,0.4833886252434222,1.651447127752168,-0.3365566445941464,-0.2264911699210134,3.590228531834011,4
FL,1995,1.438597982164635,0.9307870353600071,0.9006486353067603,1.529852490635885,-0.10510389060631,0.5226794166831947,1.327882391007571,-0.3365566445941464,-0.2264911699210134,-0.17441905007072317,3
GA,1980,-0.34596717777600594,-0.10985122329374682,-0.10507669408314926,-0.014718253531496415,-0.10510389060631,-0.027391663473620136,-0.16860451643619068,-0.3365566445941464,-0.2264911699210134,-0.17441905007072317,0
GA,1981,-0.34596717777600594,0.03881138508536087,-0.015678887026268417,0.6031100441354562,-0.10510389060631,-0.027391663473620136,0.1145146282153318,-0.3365566445941464,-0.2264911699210134,-0.17441905007072317,0
GA,1982,1.438597982164635,-0.08861370781101716,-0.10507669408314926,0.29419589530197987,-0.10510389060631,-0.1059732463531651,-0.006822148063892121,-0.3365566445941464,-0.2264911699210134,-0.17441905007072317,3
GA,1983,1.438597982164635,-0.17356376974193582,-0.17212504937580989,-0.014718253531496415,-0.10510389060631,-0.22384562067248256,-0.04726774015696676,-0.3365566445941464,-0.2264911699210134,-0.17441905007072317,3
GA,1984,-0.34596717777600594,-0.2585138316728545,-0.30622175996113116,0.29419589530197987,-0.10510389060631,-0.2631364121122551,-0.2090501085292653,-0.3365566445941464,-0.2264911699210134,-0.17441905007072317,0
GA,1985,1.438597982164635,0.06004890056809054,0.029020016502172008,0.9120241929689324,-0.10510389060631,0.1297715022854698,0.03362344402918252,-0.3365566445941464,-0.2264911699210134,0.5785104663102237,3
GA,1986,-0.34596717777600594,0.20871150894719823,0.1854661788517135,0.29419589530197987,-0.10510389060631,-0.06668245491339263,0.4785249570530036,-0.3365566445941464,-0.2264911699210134,-0.17441905007072317,3
GA,1987,1.438597982164635,0.2724240553953872,0.27486398590859434,0.6031100441354562,-0.10510389060631,-0.027391663473620136,0.5998617333322275,-0.3365566445941464,-0.2264911699210134,-0.17441905007072317,3
GA,1988,-0.34596717777600594,0.2936615708781169,0.16311672708749328,1.529852490635885,-0.10510389060631,-0.1059732463531651,0.6403073254253021,-0.3365566445941464,-0.2264911699210134,-0.17441905007072317,3
GA,1989,-0.34596717777600594,0.4423241792572246,0.3866112447296954,0.9120241929689324,-0.10510389060631,-0.1059732463531651,0.9638720621698993,-0.3365566445941464,-0.2264911699210134,-0.17441905007072317,3
GA,1990,-0.34596717777600594,0.5485117566708729,0.5430574070792369,0.29419589530197987,-0.10510389060631,-0.027391663473620136,1.1256544305421978,-0.3365566445941464,-0.2264911699210134,-0.17441905007072317,3
GA,1991,3.223163142105276,0.9732620663254663,1.0347453458920817,0.6031100441354562,-0.10510389060631,-0.18455482923271008,2.1367942328690637,-0.3365566445941464,-0.2264911699210134,-0.17441905007072317,3
GA,1992,-0.34596717777600594,0.6546993340845213,0.5877563106076773,1.529852490635885,-0.10510389060631,0.051189919405924836,1.206545614728347,-0.3365566445941464,-0.2264911699210134,-0.17441905007072317,3
GA,1993,-0.34596717777600594,1.4829624379109783,1.5264332847049262,0.29419589530197987,-0.10510389060631,-0.06668245491339263,2.864814890544407,-0.3365566445941464,-0.2264911699210134,-0.17441905007072317,3
GA,1994,1.438597982164635,1.4617249224282487,1.504083832940706,0.6031100441354562,-0.10510389060631,-0.18455482923271008,2.9457060747305563,-0.3365566445941464,0.7809945213719719,-0.17441905007072317,3
GA,1995,-0.34596717777600594,1.0794496437391148,0.9676969905994209,1.8387666394693614,-0.10510389060631,0.1297715022854698,1.9345662724036907,-0.3365566445941464,-0.2264911699210134,-0.17441905007072317,3
GA,1996,-0.34596717777600594,0.2724240553953872,0.25251453414437414,0.29419589530197987,-0.10510389060631,-0.1452640377929376,0.6403073254253021,-0.3365566445941464,0.27725167572547926,-0.17441905007072317,3
GA,1997,1.438597982164635,0.42108666377449494,0.4089606964939156,0.6031100441354562,-0.10510389060631,0.051189919405924836,0.8020896937976008,-0.3365566445941464,-0.2264911699210134,-0.17441905007072317,3
GA,1998,-0.34596717777600594,-0.02490116136282814,-0.03802833879048863,-0.014718253531496415,-0.10510389060631,-0.18455482923271008,0.1145146282153318,-0.3365566445941464,-0.2264911699210134,0.5785104663102237,0
GA,1999,-0.34596717777600594,0.4423241792572246,0.4313101482581358,0.29419589530197987,-0.10510389060631,-0.18455482923271008,1.004317654262974,-0.3365566445941464,-0.2264911699210134,0.5785104663102237,3
GA,2000,-0.34596717777600594,0.31489908636084657,0.34191234120125497,-0.3236324023649727,-0.10510389060631,-0.1059732463531651,0.6403073254253021,-0.3365566445941464,0.27725167572547926,0.5785104663102237,3
GA,2001,-0.34596717777600594,-0.06737619232828748,-0.10507669408314926,0.29419589530197987,-0.10510389060631,-0.027391663473620136,-0.12815892434311604,-0.3365566445941464,-0.2264911699210134,0.5785104663102237,0
GA,2002,1.438597982164635,0.08128641605082021,0.051369468266392215,0.29419589530197987,-0.10510389060631,-0.06668245491339263,0.23585140449455572,-0.3365566445941464,-0.2264911699210134,-0.17441905007072317,3
GA,2003,-0.34596717777600594,0.06004890056809054,0.051369468266392215,-0.014718253531496415,-0.10510389060631,-0.22384562067248256,0.3571881807737796,-0.3365566445941464,-0.2264911699210134,-0.17441905007072317,0
GA,2004,-0.34596717777600594,0.03881138508536087,0.029020016502172008,-0.014718253531496415,-0.10510389060631,-0.1452640377929376,0.23585140449455572,-0.3365566445941464,-0.2264911699210134,-0.17441905007072317,0
GA,2005,-0.34596717777600594,-0.21603880070739517,-0.28387230819691095,0.6031100441354562,-0.10510389060631,-0.3417179949918,-0.04726774015696676,-0.3365566445941464,-0.2264911699210134,-0.17441905007072317,0
GA,2006,1.438597982164635,0.25118653991265755,0.27486398590859434,-0.014718253531496415,-0.10510389060631,-0.1452640377929376,0.6807529175183769,-0.3365566445941464,-0.2264911699210134,0.5785104663102237,3
GA,2007,-0.34596717777600594,0.5909867876363323,0.5430574070792369,0.9120241929689324,-0.10510389060631,-0.027391663473620136,1.1256544305421978,-0.3365566445941464,0.27725167572547926,0.5785104663102237,3
GA,2008,-0.34596717777600594,0.5060367257054136,0.453659600022356,0.9120241929689324,-0.10510389060631,0.051189919405924836,0.9234264700768247,-0.3365566445941464,-0.2264911699210134,-0.17441905007072317,3
GA,2009,-0.34596717777600594,0.08128641605082021,0.029020016502172008,0.6031100441354562,-0.10510389060631,-0.18455482923271008,0.3571881807737796,-0.3365566445941464,-0.2264911699210134,-0.17441905007072317,3
GA,2010,1.438597982164635,0.3786116328090356,0.29721343767281455,1.529852490635885,-0.10510389060631,-0.2631364121122551,1.0447632463560486,-0.3365566445941464,-0.2264911699210134,-0.17441905007072317,3
GA,2011,1.438597982164635,0.25118653991265755,0.25251453414437414,0.29419589530197987,-0.10510389060631,0.09048071084569732,0.4380793649599289,-0.3365566445941464,-0.2264911699210134,-0.17441905007072317,3
GA,2012,1.438597982164635,0.08128641605082021,0.0066705647379517955,1.2209383418024087,-0.10510389060631,-0.18455482923271008,0.39763377286685425,-0.3365566445941464,-0.2264911699210134,-0.17441905007072317,3
GA,2013,-0.34596717777600594,0.0175738696026312,-0.03802833879048863,0.6031100441354562,-0.10510389060631,-0.3417179949918,0.39763377286685425,-0.3365566445941464,-0.2264911699210134,-0.17441905007072317,3
GA,2014,-0.34596717777600594,0.14499896249900923,0.09606837179483264,0.6031100441354562,-0.10510389060631,-0.2631364121122551,0.5594161412391528,-0.3365566445941464,-0.2264911699210134,-0.17441905007072317,3
GA,2015,-0.34596717777600594,0.06004890056809054,0.051369468266392215,-0.014718253531496415,-0.10510389060631,-0.3810087864315725,0.5189705491460782,-0.3365566445941464,-0.2264911699210134,-0.17441905007072317,0
GA,2016,-0.34596717777600594,0.3786116328090356,0.34191234120125497,0.6031100441354562,-0.10510389060631,-0.3024272035520275,0.9638720621698993,-0.3365566445941464,0.7809945213719719,-0.17441905007072317,3
GA,2017,-0.34596717777600594,0.5272742411881433,0.5430574070792369,-0.014718253531496415,-0.10510389060631,-0.22384562067248256,1.206545614728347,-0.3365566445941464,-0.2264911699210134,-0.17441905007072317,3
HI,1980,-0.34596717777600594,-0.5346015329483402,-0.5297162776033333,-0.632546551198449,-0.10510389060631,-0.420299577871345,-0.6135060294600118,-0.3365566445941464,0.27725167572547926,-0.17441905007072317,0
HI,1981,-0.34596717777600594,-0.4921265019828809,-0.5073668258391131,-0.3236324023649727,-0.10510389060631,-0.420299577871345,-0.6135060294600118,-0.3365566445941464,0.27725167572547926,1.3314399826911705,0
HI,1982,-0.34596717777600594,-0.5558390484310699,-0.5520657293675535,-0.632546551198449,-0.10510389060631,-0.420299577871345,-0.6135060294600118,-0.3365566445941464,-0.2264911699210134,-0.17441905007072317,0
HI,1983,-0.34596717777600594,-0.5133640174656106,-0.5073668258391131,-0.632546551198449,-0.10510389060631,-0.420299577871345,-0.573060437366937,-0.3365566445941464,0.27725167572547926,-0.17441905007072317,0
HI,1984,-0.34596717777600594,-0.5346015329483402,-0.5297162776033333,-0.632546551198449,-0.10510389060631,-0.420299577871345,-0.6135060294600118,-0.3365566445941464,0.27725167572547926,-0.17441905007072317,0
HI,1985,-0.34596717777600594,-0.5346015329483402,-0.5297162776033333,-0.632546551198449,-0.10510389060631,-0.420299577871345,-0.6135060294600118,-0.3365566445941464,0.27725167572547926,-0.17441905007072317,0
HI,1986,-0.34596717777600594,-0.5558390484310699,-0.5520657293675535,-0.632546551198449,-0.10510389060631,-0.420299577871345,-0.6135060294600118,-0.3365566445941464,-0.2264911699210134,-0.17441905007072317,0
HI,1987,-0.34596717777600594,-0.5346015329483402,-0.5297162776033333,-0.632546551198449,-0.10510389060631,-0.420299577871345,-0.6135060294600118,-0.3365566445941464,0.27725167572547926,-0.17441905007072317,0
HI,1988,-0.34596717777600594,-0.44965147101742153,-0.4403184705464524,-0.632546551198449,-0.10510389060631,-0.420299577871345,-0.6135060294600118,-0.3365566445941464,2.29222305831145,-0.17441905007072317,0
HI,1989,-0.34596717777600594,-0.5133640174656106,-0.5073668258391131,-0.632546551198449,-0.10510389060631,-0.3810087864315725,-0.6135060294600118,-0.3365566445941464,0.27725167572547926,-0.17441905007072317,0
HI,1990,-0.34596717777600594,-0.5133640174656106,-0.5073668258391131,-0.632546551198449,-0.10510389060631,-0.420299577871345,-0.6135060294600118,-0.3365566445941464,0.7809945213719719,-0.17441905007072317,0
HI,1991,-0.34596717777600594,-0.5133640174656106,-0.5073668258391131,-0.632546551198449,-0.10510389060631,-0.3810087864315725,-0.6135060294600118,-0.3365566445941464,0.27725167572547926,-0.17441905007072317,0
HI,1992,-0.34596717777600594,-0.4921265019828809,-0.5297162776033333,-0.014718253531496415,-0.10510389060631,-0.3810087864315725,-0.6135060294600118,-0.3365566445941464,0.7809945213719719,-0.17441905007072317,0
HI,1993,-0.34596717777600594,-0.5346015329483402,-0.5520657293675535,-0.3236324023649727,-0.10510389060631,-0.3810087864315725,-0.6135060294600118,-0.3365566445941464,-0.2264911699210134,-0.17441905007072317,0
HI,1994,-0.34596717777600594,-0.4921265019828809,-0.4850173740748928,-0.632546551198449,-0.10510389060631,-0.3810087864315725,-0.6135060294600118,-0.3365566445941464,0.7809945213719719,-0.17441905007072317,0
HI,1995,-0.34596717777600594,-0.3859389245692325,-0.3732701152537918,-0.632546551198449,-0.10510389060631,-0.3810087864315725,-0.6135060294600118,-0.3365566445941464,2.7959659039579425,0.5785104663102237,0
HI,1996,-0.34596717777600594,-0.36470140908650284,-0.35092066348957157,-0.632546551198449,-0.10510389060631,-0.3810087864315725,-0.6135060294600118,-0.3365566445941464,3.803451595250928,-0.17441905007072317,0
HI,1997,-0.34596717777600594,-0.5558390484310699,-0.5520657293675535,-0.632546551198449,-0.10510389060631,-0.420299577871345,-0.6135060294600118,-0.3365566445941464,-0.2264911699210134,-0.17441905007072317,0
HI,1998,-0.34596717777600594,-0.44965147101742153,-0.4626679223106726,-0.3236324023649727,-0.10510389060631,-0.3417179949918,-0.6135060294600118,-0.3365566445941464,1.2847373670184647,-0.17441905007072317,0
HI,1999,-0.34596717777600594,-0.5346015329483402,-0.5297162776033333,-0.632546551198449,-0.10510389060631,-0.3810087864315725,-0.6135060294600118,-0.3365566445941464,-0.2264911699210134,-0.17441905007072317,0
HI,2000,-0.34596717777600594,-0.5133640174656106,-0.5073668258391131,-0.632546551198449,-0.10510389060631,-0.420299577871345,-0.6135060294600118,-0.3365566445941464,0.7809945213719719,-0.17441905007072317,0
HI,2001,-0.34596717777600594,-0.44965147101742153,-0.4403184705464524,-0.632546551198449,-0.10510389060631,-0.3810087864315725,-0.6135060294600118,-0.3365566445941464,1.7884802126649573,-0.17441905007072317,0
HI,2002,-0.34596717777600594,-0.5558390484310699,-0.5520657293675535,-0.632546551198449,-0.10510389060631,-0.420299577871345,-0.6135060294600118,-0.3365566445941464,-0.2264911699210134,-0.17441905007072317,0
HI,2003,-0.34596717777600594,-0.5558390484310699,-0.5520657293675535,-0.632546551198449,-0.10510389060631,-0.420299577871345,-0.6135060294600118,-0.3365566445941464,-0.2264911699210134,-0.17441905007072317,0
HI,2004,-0.34596717777600594,-0.5558390484310699,-0.5520657293675535,-0.632546551198449,-0.10510389060631,-0.420299577871345,-0.6135060294600118,-0.3365566445941464,-0.2264911699210134,-0.17441905007072317,0
HI,2005,-0.34596717777600594,-0.5133640174656106,-0.5520657293675535,-0.014718253531496415,-0.10510389060631,-0.420299577871345,-0.573060437366937,-0.3365566445941464,0.27725167572547926,-0.17441905007072317,0
HI,2006,-0.34596717777600594,-0.5558390484310699,-0.5520657293675535,-0.632546551198449,-0.10510389060631,-0.420299577871345,-0.6135060294600118,-0.3365566445941464,-0.2264911699210134,-0.17441905007072317,0
HI,2007,-0.34596717777600594,-0.5133640174656106,-0.5073668258391131,-0.632546551198449,-0.10510389060631,-0.3810087864315725,-0.6135060294600118,-0.3365566445941464,0.27725167572547926,-0.17441905007072317,0
HI,2008,-0.34596717777600594,-0.5558390484310699,-0.5520657293675535,-0.632546551198449,-0.10510389060631,-0.420299577871345,-0.6135060294600118,-0.3365566445941464,-0.2264911699210134,-0.17441905007072317,0
HI,2009,-0.34596717777600594,-0.5558390484310699,-0.5520657293675535,-0.632546551198449,-0.10510389060631,-0.420299577871345,-0.6135060294600118,-0.3365566445941464,-0.2264911699210134,-0.17441905007072317,0
HI,2010,-0.34596717777600594,-0.5346015329483402,-0.5297162776033333,-0.632546551198449,-0.10510389060631,-0.3810087864315725,-0.6135060294600118,-0.3365566445941464,-0.2264911699210134,-0.17441905007072317,0
HI,2011,-0.34596717777600594,-0.5346015329483402,-0.5297162776033333,-0.632546551198449,-0.10510389060631,-0.420299577871345,-0.6135060294600118,-0.3365566445941464,0.27725167572547926,-0.17441905007072317,0
HI,2012,-0.34596717777600594,-0.5558390484310699,-0.5520657293675535,-0.632546551198449,-0.10510389060631,-0.420299577871345,-0.6135060294600118,-0.3365566445941464,-0.2264911699210134,-0.17441905007072317,0
HI,2013,-0.34596717777600594,-0.5558390484310699,-0.5520657293675535,-0.632546551198449,-0.10510389060631,-0.420299577871345,-0.6135060294600118,-0.3365566445941464,-0.2264911699210134,-0.17441905007072317,0
HI,2014,-0.34596717777600594,-0.5558390484310699,-0.5520657293675535,-0.632546551198449,-0.10510389060631,-0.420299577871345,-0.6135060294600118,-0.3365566445941464,-0.2264911699210134,-0.17441905007072317,0
HI,2015,-0.34596717777600594,-0.5558390484310699,-0.5520657293675535,-0.632546551198449,-0.10510389060631,-0.420299577871345,-0.6135060294600118,-0.3365566445941464,-0.2264911699210134,-0.17441905007072317,0
HI,2016,-0.34596717777600594,-0.5346015329483402,-0.5297162776033333,-0.632546551198449,-0.10510389060631,-0.420299577871345,-0.6135060294600118,-0.3365566445941464,0.27725167572547926,-0.17441905007072317,0
HI,2017,-0.34596717777600594,-0.5133640174656106,-0.5073668258391131,-0.632546551198449,-0.10510389060631,-0.420299577871345,-0.6135060294600118,-0.3365566445941464,0.7809945213719719,-0.17441905007072317,0
IA,1980,-0.34596717777600594,-0.4921265019828809,-0.4850173740748928,-0.632546551198449,-0.10510389060631,-0.3810087864315725,-0.5326148452738624,-0.3365566445941464,-0.2264911699210134,-0.17441905007072317,0
IA,1981,-0.34596717777600594,-0.4708889865001512,-0.4626679223106726,-0.632546551198449,-0.10510389060631,-0.3417179949918,-0.5326148452738624,-0.3365566445941464,-0.2264911699210134,-0.17441905007072317,0
IA,1982,1.438597982164635,-0.4071764400519622,-0.4403184705464524,-0.014718253531496415,-0.10510389060631,-0.1059732463531651,-0.6135060294600118,-0.3365566445941464,-0.2264911699210134,-0.17441905007072317,0
IA,1983,-0.34596717777600594,-0.5133640174656106,-0.5073668258391131,-0.632546551198449,-0.10510389060631,-0.3417179949918,-0.6135060294600118,-0.3365566445941464,-0.2264911699210134,-0.17441905007072317,0
IA,1984,-0.34596717777600594,-0.42841395553469186,-0.4179690187822322,-0.632546551198449,-0.10510389060631,-0.18455482923271008,-0.6135060294600118,-0.3365566445941464,-0.2264911699210134,-0.17441905007072317,0
IA,1985,-0.34596717777600594,-0.4708889865001512,-0.5073668258391131,-0.014718253531496415,-0.10510389060631,-0.3024272035520275,-0.573060437366937,-0.3365566445941464,-0.2264911699210134,-0.17441905007072317,0
IA,1986,-0.34596717777600594,-0.4071764400519622,-0.4179690187822322,-0.3236324023649727,-0.10510389060631,-0.1452640377929376,-0.6135060294600118,-0.3365566445941464,-0.2264911699210134,-0.17441905007072317,0
IA,1987,-0.34596717777600594,-0.5133640174656106,-0.5520657293675535,-0.014718253531496415,-0.10510389060631,-0.3417179949918,-0.6135060294600118,-0.3365566445941464,-0.2264911699210134,-0.17441905007072317,0
IA,1988,-0.34596717777600594,-0.5346015329483402,-0.5297162776033333,-0.632546551198449,-0.10510389060631,-0.3810087864315725,-0.6135060294600118,-0.3365566445941464,-0.2264911699210134,-0.17441905007072317,0
IA,1989,-0.34596717777600594,-0.44965147101742153,-0.4403184705464524,-0.632546551198449,-0.10510389060631,-0.2631364121122551,-0.573060437366937,-0.3365566445941464,-0.2264911699210134,-0.17441905007072317,0
IA,1990,-0.34596717777600594,-0.4921265019828809,-0.4850173740748928,-0.632546551198449,-0.10510389060631,-0.3417179949918,-0.573060437366937,-0.3365566445941464,-0.2264911699210134,-0.17441905007072317,0
IA,1992,-0.34596717777600594,-0.4708889865001512,-0.5073668258391131,-0.014718253531496415,-0.10510389060631,-0.2631364121122551,-0.6135060294600118,-0.3365566445941464,-0.2264911699210134,-0.17441905007072317,0
IA,1993,-0.34596717777600594,-0.23727631619012485,-0.26152285643269074,-0.014718253531496415,-0.10510389060631,-0.06668245491339263,-0.45172366108771317,2.625141827834342,-0.2264911699210134,-0.17441905007072317,0
IA,1994,-0.34596717777600594,-0.2797513471555842,-0.30622175996113116,-0.014718253531496415,-0.10510389060631,0.011899127966152351,-0.5326148452738624,-0.3365566445941464,-0.2264911699210134,-0.17441905007072317,0
IA,1995,-0.34596717777600594,-0.4708889865001512,-0.4626679223106726,-0.632546551198449,-0.10510389060631,-0.2631364121122551,-0.6135060294600118,-0.3365566445941464,-0.2264911699210134,-0.17441905007072317,0
IA,1996,-0.34596717777600594,-0.4071764400519622,-0.4179690187822322,-0.3236324023649727,-0.10510389060631,-0.2631364121122551,-0.4921692531807878,-0.3365566445941464,0.27725167572547926,-0.17441905007072317,0
IA,1997,-0.34596717777600594,-0.5558390484310699,-0.5520657293675535,-0.632546551198449,-0.10510389060631,-0.420299577871345,-0.6135060294600118,-0.3365566445941464,-0.2264911699210134,-0.17441905007072317,0
IA,1998,-0.34596717777600594,-0.36470140908650284,-0.3732701152537918,-0.3236324023649727,-0.10510389060631,-0.1452640377929376,-0.573060437366937,-0.3365566445941464,0.27725167572547926,-0.17441905007072317,0
IA,1999,-0.34596717777600594,-0.4708889865001512,-0.4626679223106726,-0.632546551198449,-0.10510389060631,-0.3024272035520275,-0.5326148452738624,-0.3365566445941464,-0.2264911699210134,-0.17441905007072317,0
IA,2000,-0.34596717777600594,-0.4921265019828809,-0.5073668258391131,-0.3236324023649727,-0.10510389060631,-0.3024272035520275,-0.6135060294600118,-0.3365566445941464,-0.2264911699210134,-0.17441905007072317,0
IA,2001,-0.34596717777600594,-0.4708889865001512,-0.4850173740748928,-0.3236324023649727,-0.10510389060631,-0.2631364121122551,-0.6135060294600118,-0.3365566445941464,-0.2264911699210134,-0.17441905007072317,0
IA,2002,-0.34596717777600594,-0.3434638936037732,-0.4179690187822322,0.6031100441354562,-0.10510389060631,-0.1452640377929376,-0.4921692531807878,-0.3365566445941464,-0.2264911699210134,-0.17441905007072317,0
IA,2003,-0.34596717777600594,-0.5558390484310699,-0.5520657293675535,-0.632546551198449,-0.10510389060631,-0.420299577871345,-0.6135060294600118,-0.3365566445941464,-0.2264911699210134,-0.17441905007072317,0
IA,2004,-0.34596717777600594,-0.42841395553469186,-0.4179690187822322,-0.632546551198449,-0.10510389060631,-0.18455482923271008,-0.6135060294600118,-0.3365566445941464,-0.2264911699210134,-0.17441905007072317,0
IA,2005,-0.34596717777600594,-0.4921265019828809,-0.5520657293675535,0.29419589530197987,-0.10510389060631,-0.3810087864315725,-0.5326148452738624,-0.3365566445941464,-0.2264911699210134,-0.17441905007072317,0
IA,2006,-0.34596717777600594,-0.5133640174656106,-0.5073668258391131,-0.632546551198449,-0.10510389060631,-0.3810087864315725,-0.573060437366937,-0.3365566445941464,-0.2264911699210134,-0.17441905007072317,0
IA,2007,-0.34596717777600594,-0.4921265019828809,-0.5073668258391131,-0.3236324023649727,-0.10510389060631,-0.3810087864315725,-0.5326148452738624,-0.3365566445941464,-0.2264911699210134,-0.17441905007072317,0
IA,2008,-0.34596717777600594,-0.42841395553469186,-0.4403184705464524,-0.3236324023649727,-0.10510389060631,-0.3024272035520275,-0.4921692531807878,-0.3365566445941464,-0.2264911699210134,-0.17441905007072317,0
IA,2009,-0.34596717777600594,-0.4921265019828809,-0.5073668258391131,-0.3236324023649727,-0.10510389060631,-0.420299577871345,-0.5326148452738624,-0.3365566445941464,0.27725167572547926,-0.17441905007072317,0
IA,2010,-0.34596717777600594,-0.42841395553469186,-0.4179690187822322,-0.632546551198449,-0.10510389060631,-0.3417179949918,-0.5326148452738624,1.1442925916200979,-0.2264911699210134,0.5785104663102237,0
IA,2011,-0.34596717777600594,-0.5346015329483402,-0.5520657293675535,-0.3236324023649727,-0.10510389060631,-0.3810087864315725,-0.6135060294600118,-0.3365566445941464,-0.2264911699210134,-0.17441905007072317,0
IA,2012,-0.34596717777600594,-0.44965147101742153,-0.4403184705464524,-0.632546551198449,-0.10510389060631,-0.3810087864315725,-0.45172366108771317,-0.3365566445941464,-0.2264911699210134,-0.17441905007072317,0
IA,2013,-0.34596717777600594,-0.5133640174656106,-0.5520657293675535,-0.014718253531496415,-0.10510389060631,-0.3810087864315725,-0.573060437366937,-0.3365566445941464,-0.2264911699210134,-0.17441905007072317,0
IA,2014,-0.34596717777600594,-0.4708889865001512,-0.4626679223106726,-0.632546551198449,-0.10510389060631,-0.3810087864315725,-0.4921692531807878,-0.3365566445941464,-0.2264911699210134,-0.17441905007072317,0
IA,2015,-0.34596717777600594,-0.36470140908650284,-0.35092066348957157,-0.632546551198449,-0.10510389060631,-0.22384562067248256,-0.45172366108771317,-0.3365566445941464,-0.2264911699210134,-0.17441905007072317,0
IA,2016,-0.34596717777600594,-0.3434638936037732,-0.32857121172535136,-0.632546551198449,-0.10510389060631,-0.3810087864315725,-0.24949570062233994,-0.3365566445941464,-0.2264911699210134,-0.17441905007072317,0
IA,2017,-0.34596717777600594,-0.44965147101742153,-0.4403184705464524,-0.632546551198449,-0.10510389060631,-0.420299577871345,-0.41127806899463853,-0.3365566445941464,-0.2264911699210134,-0.17441905007072317,0
ID,1980,-0.34596717777600594,-0.5558390484310699,-0.5520657293675535,-0.632546551198449,-0.10510389060631,-0.420299577871345,-0.6135060294600118,-0.3365566445941464,-0.2264911699210134,-0.17441905007072317,0
ID,1981,-0.34596717777600594,-0.5346015329483402,-0.5297162776033333,-0.632546551198449,-0.10510389060631,-0.3810087864315725,-0.6135060294600118,-0.3365566445941464,-0.2264911699210134,-0.17441905007072317,0
ID,1982,-0.34596717777600594,-0.44965147101742153,-0.4403184705464524,-0.632546551198449,-0.10510389060631,-0.22384562067248256,-0.6135060294600118,-0.3365566445941464,-0.2264911699210134,-0.17441905007072317,0
ID,1983,-0.34596717777600594,-0.5346015329483402,-0.5297162776033333,-0.632546551198449,-0.10510389060631,-0.3810087864315725,-0.6135060294600118,-0.3365566445941464,-0.2264911699210134,-0.17441905007072317,0
ID,1984,-0.34596717777600594,-0.5346015329483402,-0.5297162776033333,-0.632546551198449,-0.10510389060631,-0.3810087864315725,-0.6135060294600118,-0.3365566445941464,-0.2264911699210134,-0.17441905007072317,0
ID,1985,-0.34596717777600594,-0.5346015329483402,-0.5297162776033333,-0.632546551198449,-0.10510389060631,-0.3810087864315725,-0.6135060294600118,-0.3365566445941464,-0.2264911699210134,-0.17441905007072317,0
ID,1986,-0.34596717777600594,-0.4921265019828809,-0.4850173740748928,-0.632546551198449,-0.10510389060631,-0.3024272035520275,-0.6135060294600118,-0.3365566445941464,-0.2264911699210134,-0.17441905007072317,0
ID,1987,-0.34596717777600594,-0.5558390484310699,-0.5520657293675535,-0.632546551198449,-0.10510389060631,-0.420299577871345,-0.6135060294600118,-0.3365566445941464,-0.2264911699210134,-0.17441905007072317,0
ID,1988,-0.34596717777600594,-0.5558390484310699,-0.5520657293675535,-0.632546551198449,-0.10510389060631,-0.420299577871345,-0.6135060294600118,-0.3365566445941464,-0.2264911699210134,-0.17441905007072317,0
ID,1989,-0.34596717777600594,-0.5133640174656106,-0.5073668258391131,-0.632546551198449,-0.10510389060631,-0.3417179949918,-0.6135060294600118,-0.3365566445941464,-0.2264911699210134,-0.17441905007072317,0
ID,1990,-0.34596717777600594,-0.5346015329483402,-0.5297162776033333,-0.632546551198449,-0.10510389060631,-0.3810087864315725,-0.6135060294600118,-0.3365566445941464,-0.2264911699210134,-0.17441905007072317,0
ID,1991,-0.34596717777600594,-0.5346015329483402,-0.5297162776033333,-0.632546551198449,-0.10510389060631,-0.3810087864315725,-0.6135060294600118,-0.3365566445941464,-0.2264911699210134,-0.17441905007072317,0
ID,1992,-0.34596717777600594,-0.4921265019828809,-0.4850173740748928,-0.632546551198449,-0.10510389060631,-0.3024272035520275,-0.6135060294600118,-0.3365566445941464,-0.2264911699210134,-0.17441905007072317,0
ID,1993,-0.34596717777600594,-0.4708889865001512,-0.4850173740748928,-0.3236324023649727,-0.10510389060631,-0.2631364121122551,-0.6135060294600118,-0.3365566445941464,-0.2264911699210134,-0.17441905007072317,0
ID,1994,-0.34596717777600594,-0.4071764400519622,-0.395619567018012,-0.632546551198449,-0.10510389060631,-0.1452640377929376,-0.6135060294600118,-0.3365566445941464,-0.2264911699210134,-0.17441905007072317,0
ID,1995,-0.34596717777600594,-0.36470140908650284,-0.35092066348957157,-0.632546551198449,-0.10510389060631,-0.06668245491339263,-0.6135060294600118,-0.3365566445941464,-0.2264911699210134,-0.17441905007072317,0
ID,1996,-0.34596717777600594,-0.5133640174656106,-0.5297162776033333,-0.3236324023649727,-0.10510389060631,-0.3417179949918,-0.6135060294600118,-0.3365566445941464,-0.2264911699210134,-0.17441905007072317,0
ID,1997,-0.34596717777600594,-0.42841395553469186,-0.4403184705464524,-0.3236324023649727,-0.10510389060631,-0.18455482923271008,-0.6135060294600118,-0.3365566445941464,-0.2264911699210134,-0.17441905007072317,0
ID,1998,-0.34596717777600594,-0.3859389245692325,-0.395619567018012,-0.3236324023649727,-0.10510389060631,-0.1059732463531651,-0.6135060294600118,-0.3365566445941464,-0.2264911699210134,-0.17441905007072317,0
ID,1999,-0.34596717777600594,-0.5133640174656106,-0.5297162776033333,-0.3236324023649727,-0.10510389060631,-0.3417179949918,-0.6135060294600118,-0.3365566445941464,-0.2264911699210134,-0.17441905007072317,0
ID,2000,-0.34596717777600594,-0.5133640174656106,-0.5073668258391131,-0.632546551198449,-0.10510389060631,-0.3417179949918,-0.6135060294600118,-0.3365566445941464,-0.2264911699210134,-0.17441905007072317,0
ID,2001,-0.34596717777600594,-0.5346015329483402,-0.5297162776033333,-0.632546551198449,-0.10510389060631,-0.3810087864315725,-0.6135060294600118,-0.3365566445941464,-0.2264911699210134,-0.17441905007072317,0
ID,2002,-0.34596717777600594,-0.4921265019828809,-0.4850173740748928,-0.632546551198449,-0.10510389060631,-0.3024272035520275,-0.6135060294600118,-0.3365566445941464,-0.2264911699210134,-0.17441905007072317,0
ID,2003,-0.34596717777600594,-0.5133640174656106,-0.5297162776033333,-0.3236324023649727,-0.10510389060631,-0.3417179949918,-0.6135060294600118,-0.3365566445941464,-0.2264911699210134,-0.17441905007072317,0
ID,2004,-0.34596717777600594,-0.5558390484310699,-0.5520657293675535,-0.632546551198449,-0.10510389060631,-0.420299577871345,-0.6135060294600118,-0.3365566445941464,-0.2264911699210134,-0.17441905007072317,0
ID,2005,-0.34596717777600594,-0.4921265019828809,-0.4850173740748928,-0.632546551198449,-0.10510389060631,-0.3024272035520275,-0.6135060294600118,-0.3365566445941464,-0.2264911699210134,-0.17441905007072317,0
ID,2006,-0.34596717777600594,-0.44965147101742153,-0.4850173740748928,-0.3236324023649727,-0.10510389060631,-0.22384562067248256,-0.6135060294600118,-0.3365566445941464,-0.2264911699210134,-0.17441905007072317,0
ID,2007,-0.34596717777600594,-0.4708889865001512,-0.4626679223106726,-0.632546551198449,-0.10510389060631,-0.2631364121122551,-0.6135060294600118,-0.3365566445941464,-0.2264911699210134,-0.17441905007072317,0
ID,2008,-0.34596717777600594,-0.4708889865001512,-0.4850173740748928,-0.3236324023649727,-0.10510389060631,-0.2631364121122551,-0.6135060294600118,-0.3365566445941464,-0.2264911699210134,-0.17441905007072317,0
ID,2009,-0.34596717777600594,-0.5133640174656106,-0.5297162776033333,-0.3236324023649727,-0.10510389060631,-0.3417179949918,-0.6135060294600118,-0.3365566445941464,-0.2264911699210134,-0.17441905007072317,0
ID,2010,-0.34596717777600594,-0.5558390484310699,-0.5520657293675535,-0.632546551198449,-0.10510389060631,-0.420299577871345,-0.6135060294600118,-0.3365566445941464,-0.2264911699210134,-0.17441905007072317,0
ID,2011,-0.34596717777600594,-0.5558390484310699,-0.5520657293675535,-0.632546551198449,-0.10510389060631,-0.420299577871345,-0.6135060294600118,-0.3365566445941464,-0.2264911699210134,-0.17441905007072317,0
ID,2012,-0.34596717777600594,-0.5346015329483402,-0.5297162776033333,-0.632546551198449,-0.10510389060631,-0.3810087864315725,-0.6135060294600118,-0.3365566445941464,-0.2264911699210134,-0.17441905007072317,0
ID,2013,-0.34596717777600594,-0.5558390484310699,-0.5520657293675535,-0.632546551198449,-0.10510389060631,-0.420299577871345,-0.6135060294600118,-0.3365566445941464,-0.2264911699210134,-0.17441905007072317,0
ID,2014,-0.34596717777600594,-0.5346015329483402,-0.5297162776033333,-0.632546551198449,-0.10510389060631,-0.3810087864315725,-0.6135060294600118,-0.3365566445941464,-0.2264911699210134,-0.17441905007072317,0
ID,2015,-0.34596717777600594,-0.5346015329483402,-0.5297162776033333,-0.632546551198449,-0.10510389060631,-0.3810087864315725,-0.6135060294600118,-0.3365566445941464,-0.2264911699210134,-0.17441905007072317,0
ID,2016,-0.34596717777600594,-0.5558390484310699,-0.5520657293675535,-0.632546551198449,-0.10510389060631,-0.420299577871345,-0.6135060294600118,-0.3365566445941464,-0.2264911699210134,-0.17441905007072317,0
ID,2017,-0.34596717777600594,-0.5558390484310699,-0.5520657293675535,-0.632546551198449,-0.10510389060631,-0.420299577871345,-0.6135060294600118,-0.3365566445941464,-0.2264911699210134,-0.17441905007072317,0
IL,1980,-0.34596717777600594,1.313062314049141,1.1911915082416231,2.456594937136314,-0.10510389060631,1.033459705400237,1.3683279831006456,1.1442925916200979,0.27725167572547926,-0.17441905007072317,3
IL,1981,1.438597982164635,2.3749380881856244,2.3980619035095145,1.8387666394693614,-0.10510389060631,1.1120412882797819,3.431053179847452,-0.3365566445941464,-0.2264911699210134,-0.17441905007072317,1
IL,1982,-0.34596717777600594,1.9714252940137607,2.018121223517771,0.6031100441354562,-0.10510389060631,0.7977149567616021,2.9052604826374817,-0.3365566445941464,0.27725167572547926,-0.17441905007072317,3
IL,1983,-0.34596717777600594,1.631625046290086,1.615831091761807,0.9120241929689324,-0.10510389060631,0.6798425824422846,2.298576601241362,-0.3365566445941464,0.7809945213719719,-0.17441905007072317,3
IL,1986,-0.34596717777600594,1.759050139186464,1.727578350582908,1.8387666394693614,-0.10510389060631,1.0727504968400094,2.298576601241362,-0.3365566445941464,-0.2264911699210134,-0.17441905007072317,3
IL,1988,-0.34596717777600594,1.9926628094964904,1.9734223199893304,1.529852490635885,-0.10510389060631,0.7977149567616021,2.9457060747305563,-0.3365566445941464,0.27725167572547926,-0.17441905007072317,3
IL,1989,-0.34596717777600594,2.353700572702895,2.353362999981074,1.529852490635885,-0.10510389060631,1.0727504968400094,3.3906075877543773,-0.3365566445941464,-0.2264911699210134,-0.17441905007072317,3
IL,1990,-0.34596717777600594,3.054538583632974,3.1132443599645607,1.2209383418024087,-0.10510389060631,1.4656584112377344,4.361301797988169,-0.3365566445941464,-0.2264911699210134,-0.17441905007072317,1
IL,1991,3.223163142105276,5.029627523526833,4.968248856394839,4.927908127804124,-0.10510389060631,1.5049492026775069,8.082296270551035,-0.3365566445941464,0.7809945213719719,-0.17441905007072317,1
IL,1992,-0.34596717777600594,3.819089141011242,3.671980654070066,3.383337383636743,11.352788900266647,1.2299136625990994,5.857788705431931,-0.3365566445941464,-0.2264911699210134,2.8372990154530644,4
IL,1993,1.438597982164635,5.709228018974183,5.772829119906767,3.692251532470219,-0.10510389060631,2.3693466143525015,8.486752191481783,-0.3365566445941464,-0.2264911699210134,-0.17441905007072317,1
IL,1994,8.5768586219272,6.006553235732398,6.286866510483831,1.8387666394693614,-0.10510389060631,2.487218988671819,8.931653704505603,1.1442925916200979,0.7809945213719719,-0.17441905007072317,1
IL,1995,-0.34596717777600594,4.689827275803158,4.767103790516856,2.1476807883028375,-0.10510389060631,1.9371479085150043,6.949819691944946,-0.3365566445941464,-0.2264911699210134,-0.17441905007072317,1
IL,1996,-0.34596717777600594,4.3500270280794835,4.409512562289333,2.1476807883028375,-0.10510389060631,1.3870768283581894,6.626254955200349,-0.3365566445941464,2.7959659039579425,-0.17441905007072317,1
IL,1997,-0.34596717777600594,2.9483510062193257,2.912099294086579,2.456594937136314,-0.10510389060631,1.3870768283581894,4.19951942961587,-0.3365566445941464,-0.2264911699210134,-0.17441905007072317,1
IL,1998,5.007728302045917,1.4192498914627893,1.4370354776480454,1.529852490635885,-0.10510389060631,0.6012609995627396,2.217685417055213,-0.3365566445941464,-0.2264911699210134,-0.17441905007072317,3
IL,1999,-0.34596717777600594,0.803361942463629,0.7889013764856593,0.6031100441354562,-0.10510389060631,0.4833886252434222,0.9638720621698993,-0.3365566445941464,0.27725167572547926,-0.17441905007072317,3
IL,2000,-0.34596717777600594,0.5697492721536026,0.5654068588434571,0.29419589530197987,-0.10510389060631,0.3655162509241047,0.7211985096114515,-0.3365566445941464,-0.2264911699210134,-0.17441905007072317,3
IL,2001,-0.34596717777600594,1.2705872830836817,1.1911915082416231,1.529852490635885,-0.10510389060631,0.7584241653218295,1.651447127752168,-0.3365566445941464,-0.2264911699210134,-0.17441905007072317,3
IL,2002,-0.34596717777600594,0.7821244269808993,0.7665519247214391,0.6031100441354562,-0.10510389060631,0.16906229372524229,1.327882391007571,-0.3365566445941464,-0.2264911699210134,-0.17441905007072317,3
IL,2003,-0.34596717777600594,0.7608869114981697,0.7665519247214391,0.29419589530197987,-0.10510389060631,0.4048070423638772,1.0447632463560486,-0.3365566445941464,-0.2264911699210134,-0.17441905007072317,3
IL,2004,-0.34596717777600594,1.0157370972909257,1.079444249420522,-0.014718253531496415,-0.10510389060631,0.6012609995627396,1.3683279831006456,-0.3365566445941464,-0.2264911699210134,-0.17441905007072317,3
IL,2005,-0.34596717777600594,0.6334618186017916,0.6995035694287783,-0.632546551198449,-0.10510389060631,0.16906229372524229,1.0447632463560486,-0.3365566445941464,-0.2264911699210134,-0.17441905007072317,3
IL,2006,-0.34596717777600594,0.5060367257054136,0.4760090517865762,0.29419589530197987,-0.10510389060631,0.20835308516501477,0.7616441017045261,-0.3365566445941464,-0.2264911699210134,-0.17441905007072317,3
IL,2007,-0.34596717777600594,0.9520245508427367,1.0347453458920817,-0.632546551198449,-0.10510389060631,0.28693466804455975,1.4896647593798695,2.625141827834342,-0.2264911699210134,-0.17441905007072317,3
IL,2008,-0.34596717777600594,0.2724240553953872,0.27486398590859434,-0.3236324023649727,-0.10510389060631,0.16906229372524229,0.3571881807737796,-0.3365566445941464,-0.2264911699210134,-0.17441905007072317,0
IL,2009,-0.34596717777600594,0.6334618186017916,0.6771541176645581,-0.014718253531496415,-0.10510389060631,-0.18455482923271008,1.4087735751937203,-0.3365566445941464,-0.2264911699210134,-0.17441905007072317,3
IL,2010,-0.34596717777600594,0.03881138508536087,0.029020016502172008,-0.014718253531496415,-0.10510389060631,0.051189919405924836,0.03362344402918252,-0.3365566445941464,-0.2264911699210134,-0.17441905007072317,0
IL,2011,-0.34596717777600594,0.3573741173263059,0.4089606964939156,-0.632546551198449,-0.10510389060631,-0.1059732463531651,0.8020896937976008,-0.3365566445941464,-0.2264911699210134,-0.17441905007072317,3
IL,2012,-0.34596717777600594,0.5272742411881433,0.5207079553150167,0.29419589530197987,-0.10510389060631,0.09048071084569732,0.9234264700768247,-0.3365566445941464,-0.2264911699210134,-0.17441905007072317,3
IL,2013,-0.34596717777600594,0.42108666377449494,0.4760090517865762,-0.632546551198449,-0.10510389060631,0.20835308516501477,0.5594161412391528,-0.3365566445941464,-0.2264911699210134,-0.17441905007072317,3
IL,2014,-0.34596717777600594,0.3786116328090356,0.4089606964939156,-0.014718253531496415,-0.10510389060631,-0.1059732463531651,0.8425352858906754,-0.3365566445941464,-0.2264911699210134,-0.17441905007072317,3
IL,2015,-0.34596717777600594,0.08128641605082021,0.11841782355905285,-0.632546551198449,-0.10510389060631,-0.1452640377929376,0.27629699658763035,-0.3365566445941464,-0.2264911699210134,-0.17441905007072317,0
IL,2016,-0.34596717777600594,0.48479921022268396,0.453659600022356,0.6031100441354562,-0.10510389060631,-0.06668245491339263,0.9638720621698993,-0.3365566445941464,0.27725167572547926,-0.17441905007072317,3
IL,2017,1.438597982164635,0.16623647798173888,0.14076727532327307,0.6031100441354562,-0.10510389060631,0.011899127966152351,0.3571881807737796,-0.3365566445941464,-0.2264911699210134,-0.17441905007072317,3
IN,1980,-0.34596717777600594,-0.1948012852246655,-0.1944745011400301,-0.3236324023649727,-0.10510389060631,-0.1059732463531651,-0.2899412927154146,-0.3365566445941464,-0.2264911699210134,-0.17441905007072317,0
IN,1981,1.438597982164635,-0.1948012852246655,-0.17212504937580989,-0.3236324023649727,-0.10510389060631,0.1297715022854698,-0.41127806899463853,-0.3365566445941464,-0.2264911699210134,-0.17441905007072317,0
IN,1982,-0.34596717777600594,-0.04613867684555781,-0.03802833879048863,-0.3236324023649727,-0.10510389060631,-0.22384562067248256,0.07406903612225715,-0.3365566445941464,-0.2264911699210134,0.5785104663102237,0
IN,1983,-0.34596717777600594,-0.15232625425920615,-0.1944745011400301,0.29419589530197987,-0.10510389060631,-0.027391663473620136,-0.24949570062233994,-0.3365566445941464,-0.2264911699210134,-0.17441905007072317,0
IN,1984,1.438597982164635,-0.23727631619012485,-0.2168239529042503,-0.3236324023649727,-0.10510389060631,-0.06668245491339263,-0.3303868848084892,-0.3365566445941464,-0.2264911699210134,-0.17441905007072317,0
IN,1985,-0.34596717777600594,-0.10985122329374682,-0.14977559761158968,-0.014718253531496415,-0.10510389060631,-0.06668245491339263,-0.12815892434311604,-0.3365566445941464,-0.2264911699210134,-0.17441905007072317,0
IN,1986,-0.34596717777600594,-0.15232625425920615,-0.14977559761158968,-0.3236324023649727,-0.10510389060631,0.09048071084569732,-0.37083247690156385,-0.3365566445941464,-0.2264911699210134,-0.17441905007072317,0
IN,1987,-0.34596717777600594,-0.4071764400519622,-0.395619567018012,-0.632546551198449,-0.10510389060631,-0.2631364121122551,-0.4921692531807878,-0.3365566445941464,-0.2264911699210134,-0.17441905007072317,0
IN,1988,-0.34596717777600594,-0.1310887387764765,-0.12742614584736947,-0.3236324023649727,-0.10510389060631,0.20835308516501477,-0.45172366108771317,-0.3365566445941464,-0.2264911699210134,-0.17441905007072317,0
IN,1989,-0.34596717777600594,-0.15232625425920615,-0.14977559761158968,-0.3236324023649727,-0.10510389060631,-0.06668245491339263,-0.24949570062233994,-0.3365566445941464,-0.2264911699210134,-0.17441905007072317,0
IN,1990,1.438597982164635,0.0175738696026312,0.029020016502172008,-0.3236324023649727,2.759369307111929,-0.22384562067248256,0.27629699658763035,-0.3365566445941464,-0.2264911699210134,0.5785104663102237,3
IN,1991,-0.34596717777600594,0.03881138508536087,0.029020016502172008,-0.3236324023649727,-0.10510389060631,-0.1452640377929376,0.23585140449455572,-0.3365566445941464,-0.2264911699210134,-0.17441905007072317,0
IN,1992,-0.34596717777600594,-0.10985122329374682,-0.1944745011400301,0.9120241929689324,-0.10510389060631,-0.06668245491339263,-0.0877133322500414,-0.3365566445941464,-0.2264911699210134,-0.17441905007072317,0
IN,1993,-0.34596717777600594,-0.06737619232828748,-0.060377790554708835,-0.3236324023649727,-0.10510389060631,-0.18455482923271008,0.07406903612225715,-0.3365566445941464,-0.2264911699210134,-0.17441905007072317,0
IN,1994,-0.34596717777600594,0.3786116328090356,0.4089606964939156,-0.3236324023649727,-0.10510389060631,0.16906229372524229,0.5594161412391528,-0.3365566445941464,-0.2264911699210134,-0.17441905007072317,3
IN,1995,1.438597982164635,0.3573741173263059,0.3642617929654752,0.6031100441354562,-0.10510389060631,0.24764387660478726,0.5189705491460782,-0.3365566445941464,-0.2264911699210134,-0.17441905007072317,3
IN,1996,-0.34596717777600594,0.2299490244299279,0.2301650823801539,-0.3236324023649727,-0.10510389060631,-0.027391663473620136,0.4785249570530036,-0.3365566445941464,-0.2264911699210134,-0.17441905007072317,0
IN,1997,-0.34596717777600594,-0.08861370781101716,-0.08272724231892904,-0.3236324023649727,-0.10510389060631,-0.18455482923271008,0.03362344402918252,-0.3365566445941464,-0.2264911699210134,-0.17441905007072317,0
IN,1998,-0.34596717777600594,-0.02490116136282814,-0.060377790554708835,-0.014718253531496415,-0.10510389060631,0.051189919405924836,-0.0877133322500414,-0.3365566445941464,-0.2264911699210134,-0.17441905007072317,0
IN,1999,-0.34596717777600594,0.20871150894719823,0.2301650823801539,-0.3236324023649727,-0.10510389060631,0.011899127966152351,0.3571881807737796,-0.3365566445941464,0.27725167572547926,-0.17441905007072317,0
IN,2000,3.223163142105276,-0.2797513471555842,-0.2168239529042503,-0.632546551198449,-0.10510389060631,-0.3417179949918,-0.12815892434311604,-0.3365566445941464,-0.2264911699210134,0.5785104663102237,3
IN,2001,-0.34596717777600594,-0.30098886263831387,-0.28387230819691095,-0.632546551198449,-0.10510389060631,-0.18455482923271008,-0.3303868848084892,-0.3365566445941464,-0.2264911699210134,-0.17441905007072317,0
IN,2002,-0.34596717777600594,-0.21603880070739517,-0.23917340466847054,-0.014718253531496415,-0.10510389060631,-0.1452640377929376,-0.24949570062233994,-0.3365566445941464,-0.2264911699210134,-0.17441905007072317,0
IN,2003,-0.34596717777600594,-0.30098886263831387,-0.32857121172535136,-0.014718253531496415,-0.10510389060631,-0.1452640377929376,-0.45172366108771317,-0.3365566445941464,-0.2264911699210134,-0.17441905007072317,0
IN,2004,-0.34596717777600594,-0.4708889865001512,-0.4626679223106726,-0.632546551198449,-0.10510389060631,-0.3810087864315725,-0.4921692531807878,-0.3365566445941464,-0.2264911699210134,-0.17441905007072317,0
IN,2005,-0.34596717777600594,-0.30098886263831387,-0.30622175996113116,-0.3236324023649727,-0.10510389060631,-0.2631364121122551,-0.2899412927154146,-0.3365566445941464,-0.2264911699210134,-0.17441905007072317,0
IN,2006,-0.34596717777600594,-0.21603880070739517,-0.2168239529042503,-0.632546551198449,2.759369307111929,-0.3024272035520275,-0.12815892434311604,-0.3365566445941464,-0.2264911699210134,0.5785104663102237,0
IN,2007,-0.34596717777600594,-0.21603880070739517,-0.23917340466847054,-0.3236324023649727,2.759369307111929,-0.2631364121122551,-0.2090501085292653,-0.3365566445941464,-0.2264911699210134,1.3314399826911705,0
IN,2008,-0.34596717777600594,-0.30098886263831387,-0.28387230819691095,-0.632546551198449,-0.10510389060631,-0.22384562067248256,-0.37083247690156385,-0.3365566445941464,-0.2264911699210134,-0.17441905007072317,0
IN,2009,-0.34596717777600594,-0.10985122329374682,-0.10507669408314926,-0.3236324023649727,-0.10510389060631,-0.22384562067248256,-0.006822148063892121,-0.3365566445941464,-0.2264911699210134,0.5785104663102237,0
IN,2010,-0.34596717777600594,-0.1948012852246655,-0.1944745011400301,-0.3236324023649727,-0.10510389060631,-0.3024272035520275,-0.0877133322500414,-0.3365566445941464,-0.2264911699210134,-0.17441905007072317,0
IN,2011,-0.34596717777600594,-0.2585138316728545,-0.23917340466847054,-0.632546551198449,-0.10510389060631,-0.1059732463531651,-0.3303868848084892,-0.3365566445941464,-0.2264911699210134,-0.17441905007072317,0
IN,2012,-0.34596717777600594,0.03881138508536087,-0.015678887026268417,0.29419589530197987,-0.10510389060631,0.011899127966152351,-0.04726774015696676,-0.3365566445941464,-0.2264911699210134,1.3314399826911705,0
IN,2013,-0.34596717777600594,-0.1310887387764765,-0.10507669408314926,-0.632546551198449,-0.10510389060631,-0.1452640377929376,-0.0877133322500414,-0.3365566445941464,-0.2264911699210134,-0.17441905007072317,0
IN,2014,-0.34596717777600594,-0.1948012852246655,-0.17212504937580989,-0.632546551198449,-0.10510389060631,-0.3417179949918,-0.006822148063892121,-0.3365566445941464,-0.2264911699210134,-0.17441905007072317,0
IN,2015,-0.34596717777600594,-0.1310887387764765,-0.12742614584736947,-0.3236324023649727,-0.10510389060631,-0.420299577871345,0.19540581240148108,-0.3365566445941464,-0.2264911699210134,-0.17441905007072317,0
IN,2016,-0.34596717777600594,-0.06737619232828748,-0.08272724231892904,-0.3236324023649727,-0.10510389060631,-0.18455482923271008,0.03362344402918252,-0.3365566445941464,-0.2264911699210134,-0.17441905007072317,0
IN,2017,1.438597982164635,0.0175738696026312,0.029020016502172008,-0.014718253531496415,-0.10510389060631,-0.22384562067248256,0.27629699658763035,-0.3365566445941464,-0.2264911699210134,0.5785104663102237,3
KS,1980,-0.34596717777600594,-0.36470140908650284,-0.35092066348957157,-0.632546551198449,-0.10510389060631,-0.22384562067248256,-0.573060437366937,1.1442925916200979,0.27725167572547926,-0.17441905007072317,0
KS,1981,-0.34596717777600594,-0.42841395553469186,-0.4626679223106726,-0.014718253531496415,-0.10510389060631,-0.420299577871345,-0.41127806899463853,1.1442925916200979,-0.2264911699210134,-0.17441905007072317,0
KS,1982,-0.34596717777600594,-0.4071764400519622,-0.395619567018012,-0.632546551198449,-0.10510389060631,-0.22384562067248256,-0.573060437366937,1.1442925916200979,-0.2264911699210134,-0.17441905007072317,0
KS,1983,-0.34596717777600594,-0.4921265019828809,-0.5073668258391131,-0.3236324023649727,-0.10510389060631,-0.3417179949918,-0.6135060294600118,1.1442925916200979,-0.2264911699210134,-0.17441905007072317,0
KS,1984,-0.34596717777600594,-0.44965147101742153,-0.4626679223106726,-0.3236324023649727,-0.10510389060631,-0.3024272035520275,-0.573060437366937,-0.3365566445941464,0.27725167572547926,-0.17441905007072317,0
KS,1985,-0.34596717777600594,-0.3859389245692325,-0.395619567018012,-0.3236324023649727,-0.10510389060631,-0.22384562067248256,-0.4921692531807878,-0.3365566445941464,-0.2264911699210134,-0.17441905007072317,0
KS,1986,-0.34596717777600594,-0.42841395553469186,-0.4626679223106726,-0.3236324023649727,-0.10510389060631,-0.18455482923271008,-0.6135060294600118,-0.3365566445941464,-0.2264911699210134,-0.17441905007072317,0
KS,1987,-0.34596717777600594,-0.4071764400519622,-0.395619567018012,-0.632546551198449,-0.10510389060631,-0.18455482923271008,-0.6135060294600118,-0.3365566445941464,-0.2264911699210134,0.5785104663102237,0
KS,1989,-0.34596717777600594,-0.30098886263831387,-0.35092066348957157,0.6031100441354562,-0.10510389060631,-0.22384562067248256,-0.3303868848084892,-0.3365566445941464,-0.2264911699210134,-0.17441905007072317,0
KS,1990,-0.34596717777600594,-0.3434638936037732,-0.32857121172535136,-0.632546551198449,-0.10510389060631,-0.2631364121122551,-0.41127806899463853,-0.3365566445941464,-0.2264911699210134,-0.17441905007072317,0
KS,1991,-0.34596717777600594,-0.3434638936037732,-0.35092066348957157,-0.3236324023649727,-0.10510389060631,-0.22384562067248256,-0.41127806899463853,-0.3365566445941464,-0.2264911699210134,-0.17441905007072317,0
KS,1992,-0.34596717777600594,-0.36470140908650284,-0.35092066348957157,-0.632546551198449,-0.10510389060631,-0.2631364121122551,-0.41127806899463853,-0.3365566445941464,-0.2264911699210134,-0.17441905007072317,0
KS,2001,-0.34596717777600594,-0.42841395553469186,-0.4403184705464524,-0.3236324023649727,-0.10510389060631,-0.22384562067248256,-0.6135060294600118,-0.3365566445941464,0.27725167572547926,-0.17441905007072317,0
KS,2002,-0.34596717777600594,-0.42841395553469186,-0.4403184705464524,-0.3236324023649727,-0.10510389060631,-0.18455482923271008,-0.6135060294600118,-0.3365566445941464,-0.2264911699210134,-0.17441905007072317,0
KS,2003,-0.34596717777600594,-0.5346015329483402,-0.5297162776033333,-0.632546551198449,-0.10510389060631,-0.3810087864315725,-0.6135060294600118,-0.3365566445941464,-0.2264911699210134,-0.17441905007072317,0
KS,2004,-0.34596717777600594,-0.4921265019828809,-0.4850173740748928,-0.632546551198449,-0.10510389060631,-0.3024272035520275,-0.6135060294600118,-0.3365566445941464,-0.2264911699210134,-0.17441905007072317,0
KS,2005,1.438597982164635,-0.17356376974193582,-0.1944745011400301,0.29419589530197987,-0.10510389060631,-0.22384562067248256,-0.24949570062233994,-0.3365566445941464,1.7884802126649573,-0.17441905007072317,3
KS,2006,-0.34596717777600594,-0.36470140908650284,-0.3732701152537918,-0.3236324023649727,-0.10510389060631,-0.18455482923271008,-0.4921692531807878,-0.3365566445941464,-0.2264911699210134,-0.17441905007072317,0
KS,2007,-0.34596717777600594,-0.36470140908650284,-0.35092066348957157,-0.632546551198449,-0.10510389060631,-0.18455482923271008,-0.4921692531807878,-0.3365566445941464,-0.2264911699210134,-0.17441905007072317,0
KS,2008,-0.34596717777600594,-0.30098886263831387,-0.28387230819691095,-0.632546551198449,-0.10510389060631,-0.1452640377929376,-0.41127806899463853,-0.3365566445941464,-0.2264911699210134,-0.17441905007072317,0
KS,2009,-0.34596717777600594,-0.2797513471555842,-0.26152285643269074,-0.632546551198449,-0.10510389060631,-0.06668245491339263,-0.45172366108771317,-0.3365566445941464,0.27725167572547926,-0.17441905007072317,0
KS,2010,-0.34596717777600594,-0.4071764400519622,-0.395619567018012,-0.632546551198449,-0.10510389060631,-0.2631364121122551,-0.4921692531807878,-0.3365566445941464,-0.2264911699210134,-0.17441905007072317,0
KS,2011,-0.34596717777600594,-0.30098886263831387,-0.28387230819691095,-0.632546551198449,-0.10510389060631,-0.18455482923271008,-0.37083247690156385,-0.3365566445941464,-0.2264911699210134,-0.17441905007072317,0
KS,2012,-0.34596717777600594,-0.5133640174656106,-0.5073668258391131,-0.632546551198449,-0.10510389060631,-0.3417179949918,-0.6135060294600118,-0.3365566445941464,-0.2264911699210134,-0.17441905007072317,0
KS,2013,-0.34596717777600594,-0.3859389245692325,-0.3732701152537918,-0.632546551198449,-0.10510389060631,-0.3417179949918,-0.37083247690156385,-0.3365566445941464,-0.2264911699210134,-0.17441905007072317,0
KS,2014,-0.34596717777600594,-0.4071764400519622,-0.4179690187822322,-0.3236324023649727,-0.10510389060631,-0.22384562067248256,-0.5326148452738624,-0.3365566445941464,-0.2264911699210134,-0.17441905007072317,0
KS,2015,-0.34596717777600594,-0.4921265019828809,-0.4850173740748928,-0.632546551198449,-0.10510389060631,-0.3417179949918,-0.573060437366937,-0.3365566445941464,-0.2264911699210134,-0.17441905007072317,0
KS,2016,-0.34596717777600594,-0.36470140908650284,-0.35092066348957157,-0.632546551198449,-0.10510389060631,-0.420299577871345,-0.24949570062233994,-0.3365566445941464,-0.2264911699210134,-0.17441905007072317,0
KS,2017,-0.34596717777600594,-0.2585138316728545,-0.28387230819691095,-0.3236324023649727,-0.10510389060631,-0.18455482923271008,-0.3303868848084892,-0.3365566445941464,-0.2264911699210134,-0.17441905007072317,0
KY,1980,-0.34596717777600594,-0.2585138316728545,-0.28387230819691095,-0.014718253531496415,-0.10510389060631,-0.027391663473620136,-0.4921692531807878,-0.3365566445941464,-0.2264911699210134,-0.17441905007072317,0
KY,1981,-0.34596717777600594,-0.30098886263831387,-0.32857121172535136,-0.014718253531496415,-0.10510389060631,-0.1059732463531651,-0.45172366108771317,-0.3365566445941464,-0.2264911699210134,-0.17441905007072317,0
KY,1982,-0.34596717777600594,-0.42841395553469186,-0.4403184705464524,-0.3236324023649727,-0.10510389060631,-0.2631364121122551,-0.4921692531807878,-0.3365566445941464,-0.2264911699210134,-0.17441905007072317,0
KY,1983,-0.34596717777600594,-0.15232625425920615,-0.1944745011400301,0.29419589530197987,-0.10510389060631,0.1297715022854698,-0.41127806899463853,-0.3365566445941464,-0.2264911699210134,-0.17441905007072317,0
KY,1984,-0.34596717777600594,-0.4071764400519622,-0.4403184705464524,-0.014718253531496415,-0.10510389060631,-0.18455482923271008,-0.573060437366937,-0.3365566445941464,-0.2264911699210134,-0.17441905007072317,0
KY,1985,-0.34596717777600594,-0.17356376974193582,-0.2168239529042503,0.29419589530197987,-0.10510389060631,0.1297715022854698,-0.45172366108771317,-0.3365566445941464,-0.2264911699210134,-0.17441905007072317,0
KY,1986,-0.34596717777600594,-0.3434638936037732,-0.35092066348957157,-0.3236324023649727,-0.10510389060631,-0.1059732463531651,-0.5326148452738624,-0.3365566445941464,-0.2264911699210134,-0.17441905007072317,0
KY,1989,-0.34596717777600594,-0.36470140908650284,-0.4403184705464524,0.6031100441354562,-0.10510389060631,-0.1452640377929376,-0.5326148452738624,-0.3365566445941464,-0.2264911699210134,-0.17441905007072317,0
KY,1990,-0.34596717777600594,-0.1948012852246655,-0.2168239529042503,-0.014718253531496415,-0.10510389060631,-0.1059732463531651,-0.2090501085292653,-0.3365566445941464,-0.2264911699210134,-0.17441905007072317,0
KY,1991,-0.34596717777600594,-0.23727631619012485,-0.28387230819691095,0.29419589530197987,-0.10510389060631,-0.1452640377929376,-0.2899412927154146,-0.3365566445941464,-0.2264911699210134,-0.17441905007072317,0
KY,1992,-0.34596717777600594,-0.36470140908650284,-0.35092066348957157,-0.632546551198449,-0.10510389060631,-0.1452640377929376,-0.5326148452738624,-0.3365566445941464,-0.2264911699210134,-0.17441905007072317,0
KY,1993,-0.34596717777600594,-0.08861370781101716,-0.060377790554708835,-0.632546551198449,-0.10510389060631,0.011899127966152351,-0.12815892434311604,-0.3365566445941464,-0.2264911699210134,-0.17441905007072317,0
KY,1995,-0.34596717777600594,-0.10985122329374682,-0.14977559761158968,0.29419589530197987,-0.10510389060631,0.051189919405924836,-0.2090501085292653,-0.3365566445941464,-0.2264911699210134,-0.17441905007072317,0
KY,1996,-0.34596717777600594,-0.1948012852246655,-0.17212504937580989,-0.632546551198449,-0.10510389060631,-0.18455482923271008,-0.37083247690156385,-0.3365566445941464,1.7884802126649573,-0.17441905007072317,0
KY,1997,-0.34596717777600594,0.0175738696026312,0.029020016502172008,-0.3236324023649727,-0.10510389060631,-0.06668245491339263,0.1145146282153318,-0.3365566445941464,-0.2264911699210134,-0.17441905007072317,0
KY,1998,-0.34596717777600594,-0.3859389245692325,-0.3732701152537918,-0.632546551198449,-0.10510389060631,-0.420299577871345,-0.2899412927154146,-0.3365566445941464,-0.2264911699210134,-0.17441905007072317,0
KY,2004,-0.34596717777600594,-0.21603880070739517,-0.23917340466847054,-0.014718253531496415,-0.10510389060631,-0.1059732463531651,-0.24949570062233994,-0.3365566445941464,-0.2264911699210134,-0.17441905007072317,0
KY,2005,-0.34596717777600594,-0.2797513471555842,-0.28387230819691095,-0.3236324023649727,-0.10510389060631,-0.1059732463531651,-0.41127806899463853,-0.3365566445941464,-0.2264911699210134,-0.17441905007072317,0
KY,2006,-0.34596717777600594,-0.32222637812104354,-0.32857121172535136,-0.3236324023649727,-0.10510389060631,-0.2631364121122551,-0.3303868848084892,-0.3365566445941464,-0.2264911699210134,-0.17441905007072317,0
KY,2007,-0.34596717777600594,-0.42841395553469186,-0.4179690187822322,-0.632546551198449,-0.10510389060631,-0.3810087864315725,-0.41127806899463853,-0.3365566445941464,-0.2264911699210134,-0.17441905007072317,0
KY,2008,-0.34596717777600594,-0.30098886263831387,-0.28387230819691095,-0.632546551198449,-0.10510389060631,-0.3024272035520275,-0.24949570062233994,-0.3365566445941464,-0.2264911699210134,-0.17441905007072317,0
KY,2009,-0.34596717777600594,-0.2797513471555842,-0.30622175996113116,-0.014718253531496415,-0.10510389060631,-0.2631364121122551,-0.24949570062233994,-0.3365566445941464,-0.2264911699210134,-0.17441905007072317,0
KY,2010,-0.34596717777600594,-0.4708889865001512,-0.4850173740748928,-0.3236324023649727,-0.10510389060631,-0.3024272035520275,-0.573060437366937,-0.3365566445941464,-0.2264911699210134,-0.17441905007072317,0
KY,2011,-0.34596717777600594,-0.42841395553469186,-0.4403184705464524,-0.3236324023649727,-0.10510389060631,-0.3417179949918,-0.45172366108771317,-0.3365566445941464,-0.2264911699210134,-0.17441905007072317,0
KY,2012,-0.34596717777600594,-0.36470140908650284,-0.3732701152537918,-0.3236324023649727,-0.10510389060631,-0.2631364121122551,-0.41127806899463853,-0.3365566445941464,-0.2264911699210134,-0.17441905007072317,0
KY,2013,-0.34596717777600594,-0.4921265019828809,-0.5297162776033333,-0.014718253531496415,-0.10510389060631,-0.3417179949918,-0.573060437366937,-0.3365566445941464,-0.2264911699210134,-0.17441905007072317,0
KY,2014,-0.34596717777600594,-0.2797513471555842,-0.26152285643269074,-0.632546551198449,-0.10510389060631,-0.2631364121122551,-0.24949570062233994,-0.3365566445941464,-0.2264911699210134,-0.17441905007072317,0
KY,2015,-0.34596717777600594,-0.3434638936037732,-0.32857121172535136,-0.3236324023649727,-0.10510389060631,-0.18455482923271008,-0.45172366108771317,-0.3365566445941464,-0.2264911699210134,0.5785104663102237,0
KY,2016,-0.34596717777600594,-0.06737619232828748,-0.14977559761158968,0.9120241929689324,-0.10510389060631,-0.1059732463531651,-0.006822148063892121,-0.3365566445941464,-0.2264911699210134,-0.17441905007072317,0
KY,2017,-0.34596717777600594,0.08128641605082021,0.029020016502172008,0.6031100441354562,-0.10510389060631,-0.1452640377929376,0.316742588680705,-0.3365566445941464,-0.2264911699210134,-0.17441905007072317,3
LA,1980,-0.34596717777600594,0.12376144701627954,0.16311672708749328,-0.632546551198449,-0.10510389060631,-0.18455482923271008,0.39763377286685425,-0.3365566445941464,-0.2264911699210134,-0.17441905007072317,0
LA,1981,-0.34596717777600594,0.18747399346446855,0.09606837179483264,0.9120241929689324,-0.10510389060631,0.011899127966152351,0.3571881807737796,-0.3365566445941464,-0.2264911699210134,-0.17441905007072317,3
LA,1982,1.438597982164635,-0.06737619232828748,-0.03802833879048863,-0.3236324023649727,-0.10510389060631,-0.18455482923271008,0.15496022030840645,-0.3365566445941464,-0.2264911699210134,-0.17441905007072317,3
LA,1983,-0.34596717777600594,-0.08861370781101716,-0.17212504937580989,0.9120241929689324,-0.10510389060631,-0.18455482923271008,0.03362344402918252,-0.3365566445941464,-0.2264911699210134,-0.17441905007072317,0
LA,1984,-0.34596717777600594,-0.04613867684555781,-0.14977559761158968,1.2209383418024087,-0.10510389060631,-0.06668245491339263,-0.006822148063892121,-0.3365566445941464,-0.2264911699210134,-0.17441905007072317,3
LA,1985,-0.34596717777600594,-0.23727631619012485,-0.23917340466847054,-0.3236324023649727,-0.10510389060631,-0.18455482923271008,-0.24949570062233994,-0.3365566445941464,-0.2264911699210134,-0.17441905007072317,0
LA,1986,-0.34596717777600594,0.18747399346446855,0.2078156306159337,-0.3236324023649727,-0.10510389060631,-0.1452640377929376,0.5189705491460782,-0.3365566445941464,-0.2264911699210134,-0.17441905007072317,0
LA,1987,1.438597982164635,-0.15232625425920615,-0.12742614584736947,-0.3236324023649727,-0.10510389060631,-0.3810087864315725,0.15496022030840645,-0.3365566445941464,-0.2264911699210134,-0.17441905007072317,3
LA,1988,-0.34596717777600594,0.18747399346446855,0.2301650823801539,-0.632546551198449,-0.10510389060631,0.051189919405924836,0.316742588680705,-0.3365566445941464,-0.2264911699210134,-0.17441905007072317,0
LA,1989,3.223163142105276,0.6334618186017916,0.6101057623718975,1.529852490635885,-0.10510389060631,-0.06668245491339263,1.3683279831006456,-0.3365566445941464,-0.2264911699210134,-0.17441905007072317,3
LA,1990,-0.34596717777600594,0.994499581808196,0.9006486353067603,2.1476807883028375,-0.10510389060631,0.1297715022854698,1.8132294961244668,-0.3365566445941464,-0.2264911699210134,-0.17441905007072317,3
LA,1992,1.438597982164635,0.9095495198772774,0.9006486353067603,0.6031100441354562,-0.10510389060631,-0.2631364121122551,2.0154574565898398,-0.3365566445941464,-0.2264911699210134,-0.17441905007072317,3
LA,1993,1.438597982164635,1.0794496437391148,1.0570947976563019,1.2209383418024087,-0.10510389060631,-0.027391663473620136,2.1367942328690637,-0.3365566445941464,-0.2264911699210134,-0.17441905007072317,3
LA,1994,-0.34596717777600594,1.2068747366354928,1.2135409600058433,0.6031100441354562,-0.10510389060631,0.20835308516501477,2.0559030486829144,-0.3365566445941464,0.27725167572547926,-0.17441905007072317,3
LA,1995,-0.34596717777600594,0.8883120043945477,0.8336002800140997,1.2209383418024087,-0.10510389060631,-0.1059732463531651,1.772783904031392,-0.3365566445941464,-0.2264911699210134,0.5785104663102237,3
LA,1996,-0.34596717777600594,0.9095495198772774,0.9229980870709805,0.29419589530197987,-0.10510389060631,-0.22384562067248256,1.8536750882175415,-0.3365566445941464,1.2847373670184647,-0.17441905007072317,3
LA,1997,-0.34596717777600594,0.675936849567251,0.6771541176645581,0.29419589530197987,-0.10510389060631,-0.22384562067248256,1.3683279831006456,-0.3365566445941464,1.2847373670184647,-0.17441905007072317,3
LA,1998,-0.34596717777600594,0.10252393153354988,0.14076727532327307,-0.632546551198449,-0.10510389060631,-0.22384562067248256,0.4380793649599289,-0.3365566445941464,-0.2264911699210134,-0.17441905007072317,0
LA,1999,-0.34596717777600594,-0.1310887387764765,-0.17212504937580989,0.29419589530197987,-0.10510389060631,-0.3417179949918,0.1145146282153318,-0.3365566445941464,-0.2264911699210134,-0.17441905007072317,0
LA,2000,-0.34596717777600594,0.0175738696026312,0.029020016502172008,-0.3236324023649727,-0.10510389060631,-0.22384562067248256,0.27629699658763035,-0.3365566445941464,-0.2264911699210134,-0.17441905007072317,0
LA,2001,-0.34596717777600594,-0.2797513471555842,-0.26152285643269074,-0.632546551198449,-0.10510389060631,-0.3810087864315725,-0.12815892434311604,-0.3365566445941464,-0.2264911699210134,-0.17441905007072317,0
LA,2002,-0.34596717777600594,0.08128641605082021,0.029020016502172008,0.6031100441354562,-0.10510389060631,-0.06668245491339263,0.23585140449455572,-0.3365566445941464,-0.2264911699210134,-0.17441905007072317,3
LA,2003,-0.34596717777600594,-0.06737619232828748,-0.12742614584736947,0.29419589530197987,-0.10510389060631,-0.3810087864315725,0.19540581240148108,-0.3365566445941464,0.27725167572547926,-0.17441905007072317,0
LA,2004,-0.34596717777600594,0.08128641605082021,0.07371892003061242,-0.014718253531496415,-0.10510389060631,-0.3810087864315725,0.5594161412391528,-0.3365566445941464,-0.2264911699210134,-0.17441905007072317,0
LA,2005,-0.34596717777600594,-0.10985122329374682,-0.10507669408314926,-0.3236324023649727,-0.10510389060631,-0.420299577871345,0.23585140449455572,-0.3365566445941464,-0.2264911699210134,-0.17441905007072317,0
LA,2006,-0.34596717777600594,0.675936849567251,0.6995035694287783,-0.3236324023649727,-0.10510389060631,-0.1452640377929376,1.3683279831006456,-0.3365566445941464,0.7809945213719719,-0.17441905007072317,3
LA,2007,-0.34596717777600594,0.33613660184357624,0.3642617929654752,-0.3236324023649727,-0.10510389060631,-0.3417179949918,1.004317654262974,-0.3365566445941464,-0.2264911699210134,-0.17441905007072317,3
LA,2008,-0.34596717777600594,-0.04613867684555781,-0.03802833879048863,-0.3236324023649727,-0.10510389060631,-0.3810087864315725,0.316742588680705,-0.3365566445941464,-0.2264911699210134,-0.17441905007072317,0
LA,2009,-0.34596717777600594,0.2299490244299279,0.2301650823801539,-0.014718253531496415,-0.10510389060631,-0.2631364121122551,0.6807529175183769,-0.3365566445941464,-0.2264911699210134,-0.17441905007072317,3
LA,2010,-0.34596717777600594,0.48479921022268396,0.4983585035507964,-0.014718253531496415,-0.10510389060631,-0.2631364121122551,1.206545614728347,-0.3365566445941464,-0.2264911699210134,-0.17441905007072317,3
LA,2011,-0.34596717777600594,-0.1310887387764765,-0.14977559761158968,-0.014718253531496415,-0.10510389060631,-0.3810087864315725,0.15496022030840645,-0.3365566445941464,-0.2264911699210134,-0.17441905007072317,0
LA,2012,-0.34596717777600594,-0.02490116136282814,0.0066705647379517955,-0.632546551198449,-0.10510389060631,-0.3417179949918,0.316742588680705,-0.3365566445941464,-0.2264911699210134,-0.17441905007072317,0
LA,2013,-0.34596717777600594,-0.06737619232828748,-0.060377790554708835,-0.3236324023649727,-0.10510389060631,-0.3417179949918,0.23585140449455572,-0.3365566445941464,-0.2264911699210134,-0.17441905007072317,0
LA,2014,-0.34596717777600594,-0.0036636458800984703,0.029020016502172008,-0.632546551198449,-0.10510389060631,-0.1452640377929376,0.15496022030840645,-0.3365566445941464,-0.2264911699210134,-0.17441905007072317,0
LA,2015,-0.34596717777600594,-0.02490116136282814,0.0066705647379517955,-0.632546551198449,-0.10510389060631,-0.3417179949918,0.316742588680705,-0.3365566445941464,-0.2264911699210134,-0.17441905007072317,0
LA,2016,-0.34596717777600594,-0.02490116136282814,-0.015678887026268417,-0.3236324023649727,-0.10510389060631,-0.2631364121122551,0.23585140449455572,-0.3365566445941464,-0.2264911699210134,-0.17441905007072317,0
LA,2017,1.438597982164635,0.14499896249900923,0.11841782355905285,0.6031100441354562,-0.10510389060631,-0.3417179949918,0.6807529175183769,-0.3365566445941464,-0.2264911699210134,-0.17441905007072317,3
MA,1980,-0.34596717777600594,-0.17356376974193582,-0.17212504937580989,-0.3236324023649727,-0.10510389060631,0.011899127966152351,-0.3303868848084892,-0.3365566445941464,-0.2264911699210134,-0.17441905007072317,0
MA,1981,-0.34596717777600594,-0.15232625425920615,-0.14977559761158968,-0.3236324023649727,-0.10510389060631,0.09048071084569732,-0.45172366108771317,-0.3365566445941464,0.27725167572547926,-0.17441905007072317,0
MA,1982,-0.34596717777600594,-0.23727631619012485,-0.23917340466847054,-0.3236324023649727,-0.10510389060631,-0.06668245491339263,-0.41127806899463853,-0.3365566445941464,-0.2264911699210134,0.5785104663102237,0
MA,1983,-0.34596717777600594,-0.23727631619012485,-0.26152285643269074,-0.014718253531496415,-0.10510389060631,0.011899127966152351,-0.45172366108771317,-0.3365566445941464,-0.2264911699210134,-0.17441905007072317,0
MA,1984,-0.34596717777600594,-0.30098886263831387,-0.30622175996113116,-0.3236324023649727,-0.10510389060631,-0.1059732463531651,-0.45172366108771317,-0.3365566445941464,-0.2264911699210134,-0.17441905007072317,0
MA,1985,-0.34596717777600594,-0.1310887387764765,-0.17212504937580989,-0.014718253531496415,-0.10510389060631,-0.06668245491339263,-0.16860451643619068,-0.3365566445941464,-0.2264911699210134,-0.17441905007072317,0
MA,1986,-0.34596717777600594,-0.30098886263831387,-0.28387230819691095,-0.632546551198449,-0.10510389060631,-0.22384562067248256,-0.4921692531807878,-0.3365566445941464,1.7884802126649573,-0.17441905007072317,0
MA,1987,-0.34596717777600594,-0.02490116136282814,-0.060377790554708835,0.6031100441354562,-0.10510389060631,0.1297715022854698,-0.2090501085292653,1.1442925916200979,-0.2264911699210134,-0.17441905007072317,0
MA,1988,-0.34596717777600594,-0.10985122329374682,-0.14977559761158968,0.29419589530197987,-0.10510389060631,-0.18455482923271008,-0.006822148063892121,-0.3365566445941464,-0.2264911699210134,-0.17441905007072317,0
MA,1989,-0.34596717777600594,-0.15232625425920615,-0.12742614584736947,-0.632546551198449,-0.10510389060631,-0.1452640377929376,-0.12815892434311604,-0.3365566445941464,-0.2264911699210134,-0.17441905007072317,0
MA,1990,-0.34596717777600594,-0.10985122329374682,-0.08272724231892904,-0.632546551198449,-0.10510389060631,-0.3024272035520275,0.15496022030840645,-0.3365566445941464,-0.2264911699210134,-0.17441905007072317,0
MA,1991,1.438597982164635,-0.21603880070739517,-0.17212504937580989,-0.632546551198449,-0.10510389060631,-0.22384562067248256,-0.2090501085292653,-0.3365566445941464,-0.2264911699210134,1.3314399826911705,0
MA,1992,-0.34596717777600594,0.08128641605082021,0.11841782355905285,-0.632546551198449,-0.10510389060631,0.09048071084569732,0.07406903612225715,-0.3365566445941464,-0.2264911699210134,-0.17441905007072317,0
MA,1993,-0.34596717777600594,-0.08861370781101716,-0.08272724231892904,-0.3236324023649727,-0.10510389060631,-0.1452640377929376,0.03362344402918252,-0.3365566445941464,-0.2264911699210134,-0.17441905007072317,0
MA,1994,1.438597982164635,-0.2797513471555842,-0.23917340466847054,-0.632546551198449,-0.10510389060631,-0.1059732463531651,-0.41127806899463853,-0.3365566445941464,-0.2264911699210134,-0.17441905007072317,0
MA,1995,-0.34596717777600594,-0.2797513471555842,-0.26152285643269074,-0.632546551198449,-0.10510389060631,-0.1452640377929376,-0.37083247690156385,-0.3365566445941464,-0.2264911699210134,-0.17441905007072317,0
MA,1996,-0.34596717777600594,-0.2585138316728545,-0.26152285643269074,-0.3236324023649727,-0.10510389060631,-0.22384562067248256,-0.24949570062233994,-0.3365566445941464,-0.2264911699210134,-0.17441905007072317,0
MA,1997,-0.34596717777600594,-0.04613867684555781,-0.03802833879048863,-0.3236324023649727,-0.10510389060631,0.051189919405924836,-0.45172366108771317,-0.3365566445941464,3.803451595250928,-0.17441905007072317,0
MA,1998,-0.34596717777600594,-0.3434638936037732,-0.35092066348957157,-0.3236324023649727,-0.10510389060631,-0.22384562067248256,-0.45172366108771317,-0.3365566445941464,0.27725167572547926,-0.17441905007072317,0
MA,1999,1.438597982164635,-0.2797513471555842,-0.23917340466847054,-0.632546551198449,-0.10510389060631,-0.1452640377929376,-0.45172366108771317,-0.3365566445941464,0.7809945213719719,0.5785104663102237,0
MA,2000,-0.34596717777600594,-0.3434638936037732,-0.32857121172535136,-0.632546551198449,-0.10510389060631,-0.3417179949918,-0.4921692531807878,-0.3365566445941464,1.7884802126649573,-0.17441905007072317,0
MA,2001,1.438597982164635,-0.2797513471555842,-0.26152285643269074,-0.3236324023649727,-0.10510389060631,0.011899127966152351,-0.5326148452738624,-0.3365566445941464,0.27725167572547926,-0.17441905007072317,0
MA,2002,-0.34596717777600594,-0.44965147101742153,-0.4403184705464524,-0.632546551198449,-0.10510389060631,-0.3417179949918,-0.4921692531807878,-0.3365566445941464,-0.2264911699210134,-0.17441905007072317,0
MA,2003,-0.34596717777600594,-0.3434638936037732,-0.35092066348957157,-0.3236324023649727,-0.10510389060631,-0.2631364121122551,-0.4921692531807878,-0.3365566445941464,1.2847373670184647,-0.17441905007072317,0
MA,2004,-0.34596717777600594,-0.32222637812104354,-0.30622175996113116,-0.632546551198449,-0.10510389060631,-0.1452640377929376,-0.45172366108771317,-0.3365566445941464,-0.2264911699210134,-0.17441905007072317,0
MA,2005,-0.34596717777600594,-0.32222637812104354,-0.32857121172535136,-0.3236324023649727,-0.10510389060631,-0.18455482923271008,-0.45172366108771317,-0.3365566445941464,0.27725167572547926,-0.17441905007072317,0
MA,2006,-0.34596717777600594,-0.3859389245692325,-0.395619567018012,-0.3236324023649727,-0.10510389060631,-0.18455482923271008,-0.573060437366937,-0.3365566445941464,0.27725167572547926,-0.17441905007072317,0
MA,2007,-0.34596717777600594,-0.3434638936037732,-0.32857121172535136,-0.632546551198449,-0.10510389060631,-0.2631364121122551,-0.45172366108771317,-0.3365566445941464,0.7809945213719719,-0.17441905007072317,0
MA,2008,-0.34596717777600594,-0.2585138316728545,-0.28387230819691095,-0.014718253531496415,-0.10510389060631,-0.3024272035520275,-0.24949570062233994,-0.3365566445941464,0.27725167572547926,0.5785104663102237,0
MA,2009,-0.34596717777600594,-0.4071764400519622,-0.395619567018012,-0.632546551198449,-0.10510389060631,-0.2631364121122551,-0.4921692531807878,-0.3365566445941464,-0.2264911699210134,-0.17441905007072317,0
MA,2010,-0.34596717777600594,-0.23727631619012485,-0.23917340466847054,-0.3236324023649727,-0.10510389060631,-0.18455482923271008,-0.37083247690156385,-0.3365566445941464,0.7809945213719719,0.5785104663102237,0
MA,2011,-0.34596717777600594,-0.4071764400519622,-0.395619567018012,-0.632546551198449,-0.10510389060631,-0.2631364121122551,-0.4921692531807878,-0.3365566445941464,-0.2264911699210134,-0.17441905007072317,0
MA,2012,-0.34596717777600594,-0.4708889865001512,-0.4626679223106726,-0.632546551198449,-0.10510389060631,-0.3810087864315725,-0.4921692531807878,-0.3365566445941464,-0.2264911699210134,-0.17441905007072317,0
MA,2013,-0.34596717777600594,-0.44965147101742153,-0.4403184705464524,-0.632546551198449,-0.10510389060631,-0.3417179949918,-0.4921692531807878,-0.3365566445941464,-0.2264911699210134,-0.17441905007072317,0
MA,2014,1.438597982164635,-0.5133640174656106,-0.4850173740748928,-0.632546551198449,-0.10510389060631,-0.3024272035520275,-0.6135060294600118,-0.3365566445941464,-0.2264911699210134,-0.17441905007072317,0
MA,2015,-0.34596717777600594,-0.42841395553469186,-0.4179690187822322,-0.632546551198449,-0.10510389060631,-0.3810087864315725,-0.41127806899463853,-0.3365566445941464,-0.2264911699210134,-0.17441905007072317,0
MA,2016,-0.34596717777600594,-0.3434638936037732,-0.32857121172535136,-0.632546551198449,-0.10510389060631,-0.1059732463531651,-0.5326148452738624,-0.3365566445941464,-0.2264911699210134,-0.17441905007072317,0
MA,2017,-0.34596717777600594,-0.3859389245692325,-0.3732701152537918,-0.632546551198449,-0.10510389060631,-0.2631364121122551,-0.45172366108771317,-0.3365566445941464,-0.2264911699210134,-0.17441905007072317,0
MD,1980,3.223163142105276,-0.23727631619012485,0.09606837179483264,-0.014718253531496415,-0.10510389060631,0.09048071084569732,0.1145146282153318,-0.3365566445941464,-0.2264911699210134,-0.17441905007072317,3
MD,1981,-0.34596717777600594,-0.1948012852246655,0.14076727532327307,0.6031100441354562,-0.10510389060631,-0.06668245491339263,0.39763377286685425,1.1442925916200979,-0.2264911699210134,-0.17441905007072317,3
MD,1982,-0.34596717777600594,-0.1948012852246655,0.0066705647379517955,-0.632546551198449,-0.10510389060631,0.051189919405924836,-0.0877133322500414,-0.3365566445941464,-0.2264911699210134,-0.17441905007072317,0
MD,1983,-0.34596717777600594,-0.32222637812104354,-0.060377790554708835,0.6031100441354562,-0.10510389060631,-0.18455482923271008,0.19540581240148108,-0.3365566445941464,-0.2264911699210134,-0.17441905007072317,0
MD,1984,1.438597982164635,-0.32222637812104354,-0.060377790554708835,-0.3236324023649727,-0.10510389060631,-0.06668245491339263,-0.04726774015696676,-0.3365566445941464,-0.2264911699210134,-0.17441905007072317,0
MD,1985,-0.34596717777600594,-0.21603880070739517,0.051369468266392215,0.29419589530197987,-0.10510389060631,-0.18455482923271008,0.316742588680705,-0.3365566445941464,0.27725167572547926,-0.17441905007072317,0
MD,1986,-0.34596717777600594,-0.4071764400519622,-0.17212504937580989,-0.632546551198449,-0.10510389060631,-0.3810087864315725,-0.006822148063892121,1.1442925916200979,-0.2264911699210134,-0.17441905007072317,0
MD,1987,-0.34596717777600594,-0.23727631619012485,0.0066705647379517955,-0.014718253531496415,-0.10510389060631,-0.1452640377929376,0.19540581240148108,-0.3365566445941464,-0.2264911699210134,-0.17441905007072317,0
MD,1988,-0.34596717777600594,0.0175738696026312,0.4760090517865762,0.6031100441354562,-0.10510389060631,0.16906229372524229,0.7211985096114515,-0.3365566445941464,0.27725167572547926,-0.17441905007072317,3
MD,1989,-0.34596717777600594,-0.15232625425920615,0.14076727532327307,-0.014718253531496415,-0.10510389060631,-0.22384562067248256,0.5189705491460782,-0.3365566445941464,-0.2264911699210134,-0.17441905007072317,0
MD,1990,-0.34596717777600594,-0.0036636458800984703,0.7889013764856593,0.29419589530197987,-0.10510389060631,-0.2631364121122551,1.772783904031392,-0.3365566445941464,-0.2264911699210134,-0.17441905007072317,3
MD,1991,-0.34596717777600594,-0.21603880070739517,0.16311672708749328,-0.014718253531496415,-0.10510389060631,-0.18455482923271008,0.4785249570530036,1.1442925916200979,-0.2264911699210134,-0.17441905007072317,0
MD,1992,-0.34596717777600594,0.10252393153354988,1.280589315298504,-0.632546551198449,-0.10510389060631,-0.22384562067248256,2.4603589696136607,1.1442925916200979,-0.2264911699210134,-0.17441905007072317,3
MD,1993,1.438597982164635,-0.0036636458800984703,1.2582398635342837,-0.3236324023649727,-0.10510389060631,-0.1059732463531651,2.3794677854275115,-0.3365566445941464,-0.2264911699210134,-0.17441905007072317,3
MD,1994,1.438597982164635,-0.15232625425920615,0.3866112447296954,0.9120241929689324,-0.10510389060631,-0.1059732463531651,0.9638720621698993,-0.3365566445941464,-0.2264911699210134,-0.17441905007072317,3
MD,1995,-0.34596717777600594,-0.02490116136282814,0.9006486353067603,0.29419589530197987,-0.10510389060631,-0.06668245491339263,1.7323383119383173,-0.3365566445941464,-0.2264911699210134,-0.17441905007072317,3
MD,1996,-0.34596717777600594,-0.17356376974193582,0.6548046659003379,0.29419589530197987,-0.10510389060631,-0.1452640377929376,1.4087735751937203,-0.3365566445941464,-0.2264911699210134,-0.17441905007072317,3
MD,1997,1.438597982164635,-0.36470140908650284,0.34191234120125497,0.29419589530197987,-0.10510389060631,-0.2631364121122551,0.9638720621698993,-0.3365566445941464,-0.2264911699210134,-0.17441905007072317,3
MD,1998,-0.34596717777600594,-0.4071764400519622,0.3866112447296954,0.29419589530197987,-0.10510389060631,-0.18455482923271008,0.9638720621698993,-0.3365566445941464,-0.2264911699210134,-0.17441905007072317,3
MD,1999,-0.34596717777600594,-0.4921265019828809,0.11841782355905285,-0.014718253531496415,-0.10510389060631,-0.3417179949918,0.5594161412391528,-0.3365566445941464,-0.2264911699210134,0.5785104663102237,0
MD,2000,-0.34596717777600594,-0.44965147101742153,0.0066705647379517955,-0.3236324023649727,-0.10510389060631,-0.3810087864315725,0.39763377286685425,-0.3365566445941464,-0.2264911699210134,-0.17441905007072317,0
MD,2001,-0.34596717777600594,-0.4708889865001512,0.3642617929654752,-0.014718253531496415,-0.10510389060631,-0.027391663473620136,0.7616441017045261,-0.3365566445941464,-0.2264911699210134,-0.17441905007072317,0
MD,2002,-0.34596717777600594,-0.4708889865001512,-0.10507669408314926,-0.3236324023649727,-0.10510389060631,-0.3810087864315725,0.19540581240148108,-0.3365566445941464,-0.2264911699210134,-0.17441905007072317,0
MD,2003,-0.34596717777600594,-0.3434638936037732,-0.015678887026268417,0.29419589530197987,-0.10510389060631,-0.2631364121122551,0.316742588680705,-0.3365566445941464,-0.2264911699210134,-0.17441905007072317,0
MD,2004,-0.34596717777600594,-0.4071764400519622,0.09606837179483264,0.6031100441354562,-0.10510389060631,-0.22384562067248256,0.5189705491460782,-0.3365566445941464,-0.2264911699210134,-0.17441905007072317,3
MD,2005,-0.34596717777600594,-0.36470140908650284,-0.12742614584736947,-0.3236324023649727,-0.10510389060631,-0.22384562067248256,-0.006822148063892121,-0.3365566445941464,-0.2264911699210134,-0.17441905007072317,0
MD,2006,-0.34596717777600594,-0.10985122329374682,0.27486398590859434,-0.3236324023649727,-0.10510389060631,-0.18455482923271008,0.6403073254253021,-0.3365566445941464,-0.2264911699210134,0.5785104663102237,0
MD,2007,-0.34596717777600594,-0.4708889865001512,0.051369468266392215,-0.3236324023649727,-0.10510389060631,-0.22384562067248256,0.316742588680705,-0.3365566445941464,-0.2264911699210134,-0.17441905007072317,0
MD,2008,-0.34596717777600594,-0.36470140908650284,-0.10507669408314926,-0.014718253531496415,-0.10510389060631,-0.1452640377929376,-0.006822148063892121,-0.3365566445941464,-0.2264911699210134,-0.17441905007072317,0
MD,2009,-0.34596717777600594,-0.36470140908650284,0.051369468266392215,-0.632546551198449,-0.10510389060631,-0.1059732463531651,0.1145146282153318,-0.3365566445941464,0.27725167572547926,-0.17441905007072317,0
MD,2010,-0.34596717777600594,-0.42841395553469186,-0.28387230819691095,-0.014718253531496415,-0.10510389060631,-0.3810087864315725,-0.0877133322500414,-0.3365566445941464,-0.2264911699210134,-0.17441905007072317,0
MD,2011,-0.34596717777600594,-0.4708889865001512,-0.28387230819691095,-0.632546551198449,-0.10510389060631,-0.3417179949918,-0.2090501085292653,-0.3365566445941464,-0.2264911699210134,-0.17441905007072317,0
MD,2012,-0.34596717777600594,-0.4708889865001512,-0.2168239529042503,-0.632546551198449,-0.10510389060631,-0.3810087864315725,-0.04726774015696676,-0.3365566445941464,-0.2264911699210134,-0.17441905007072317,0
MD,2013,-0.34596717777600594,-0.5133640174656106,-0.3732701152537918,-0.014718253531496415,-0.10510389060631,-0.3024272035520275,-0.3303868848084892,-0.3365566445941464,-0.2264911699210134,-0.17441905007072317,0
MD,2014,-0.34596717777600594,-0.5346015329483402,-0.17212504937580989,-0.3236324023649727,-0.10510389060631,-0.1059732463531651,-0.2090501085292653,-0.3365566445941464,-0.2264911699210134,-0.17441905007072317,0
MD,2015,-0.34596717777600594,-0.4921265019828809,-0.1944745011400301,-0.632546551198449,-0.10510389060631,-0.1452640377929376,-0.2090501085292653,-0.3365566445941464,-0.2264911699210134,-0.17441905007072317,0
MD,2016,-0.34596717777600594,-0.5558390484310699,-0.28387230819691095,-0.632546551198449,-0.10510389060631,-0.22384562067248256,-0.37083247690156385,-0.3365566445941464,0.27725167572547926,-0.17441905007072317,0
MD,2017,-0.34596717777600594,-0.44965147101742153,-0.23917340466847054,-0.014718253531496415,-0.10510389060631,-0.027391663473620136,-0.37083247690156385,-0.3365566445941464,-0.2264911699210134,-0.17441905007072317,0
ME,1980,-0.34596717777600594,-0.5558390484310699,-0.5520657293675535,-0.632546551198449,-0.10510389060631,-0.420299577871345,-0.6135060294600118,-0.3365566445941464,-0.2264911699210134,-0.17441905007072317,0
ME,1981,-0.34596717777600594,-0.5346015329483402,-0.5297162776033333,-0.632546551198449,-0.10510389060631,-0.3810087864315725,-0.6135060294600118,-0.3365566445941464,-0.2264911699210134,-0.17441905007072317,0
ME,1982,-0.34596717777600594,-0.5133640174656106,-0.5073668258391131,-0.632546551198449,-0.10510389060631,-0.3417179949918,-0.6135060294600118,-0.3365566445941464,-0.2264911699210134,-0.17441905007072317,0
ME,1983,-0.34596717777600594,-0.5346015329483402,-0.5297162776033333,-0.632546551198449,-0.10510389060631,-0.3810087864315725,-0.6135060294600118,-0.3365566445941464,-0.2264911699210134,-0.17441905007072317,0
ME,1984,-0.34596717777600594,-0.4708889865001512,-0.4626679223106726,-0.632546551198449,-0.10510389060631,-0.2631364121122551,-0.6135060294600118,-0.3365566445941464,-0.2264911699210134,-0.17441905007072317,0
ME,1985,-0.34596717777600594,-0.5346015329483402,-0.5520657293675535,-0.3236324023649727,-0.10510389060631,-0.3810087864315725,-0.6135060294600118,-0.3365566445941464,-0.2264911699210134,-0.17441905007072317,0
ME,1986,-0.34596717777600594,-0.5133640174656106,-0.5073668258391131,-0.632546551198449,-0.10510389060631,-0.3417179949918,-0.6135060294600118,-0.3365566445941464,-0.2264911699210134,-0.17441905007072317,0
ME,1987,-0.34596717777600594,-0.5346015329483402,-0.5520657293675535,-0.3236324023649727,-0.10510389060631,-0.3810087864315725,-0.6135060294600118,-0.3365566445941464,-0.2264911699210134,-0.17441905007072317,0
ME,1988,1.438597982164635,-0.4708889865001512,-0.4403184705464524,-0.632546551198449,-0.10510389060631,-0.22384562067248256,-0.6135060294600118,-0.3365566445941464,-0.2264911699210134,-0.17441905007072317,0
ME,1989,1.438597982164635,-0.5346015329483402,-0.5297162776033333,-0.3236324023649727,-0.10510389060631,-0.3417179949918,-0.6135060294600118,-0.3365566445941464,-0.2264911699210134,-0.17441905007072317,0
ME,1990,-0.34596717777600594,-0.5558390484310699,-0.5520657293675535,-0.632546551198449,-0.10510389060631,-0.420299577871345,-0.6135060294600118,-0.3365566445941464,-0.2264911699210134,-0.17441905007072317,0
ME,1994,-0.34596717777600594,-0.5346015329483402,-0.5297162776033333,-0.632546551198449,-0.10510389060631,-0.3810087864315725,-0.6135060294600118,-0.3365566445941464,-0.2264911699210134,-0.17441905007072317,0
ME,1995,-0.34596717777600594,-0.5558390484310699,-0.5520657293675535,-0.632546551198449,-0.10510389060631,-0.420299577871345,-0.6135060294600118,-0.3365566445941464,-0.2264911699210134,-0.17441905007072317,0
ME,1996,-0.34596717777600594,-0.5346015329483402,-0.5297162776033333,-0.632546551198449,-0.10510389060631,-0.3810087864315725,-0.6135060294600118,-0.3365566445941464,-0.2264911699210134,-0.17441905007072317,0
ME,1997,-0.34596717777600594,-0.4921265019828809,-0.4850173740748928,-0.632546551198449,-0.10510389060631,-0.3417179949918,-0.6135060294600118,-0.3365566445941464,0.27725167572547926,-0.17441905007072317,0
ME,1998,-0.34596717777600594,-0.5346015329483402,-0.5297162776033333,-0.632546551198449,-0.10510389060631,-0.420299577871345,-0.6135060294600118,-0.3365566445941464,0.27725167572547926,-0.17441905007072317,0
ME,1999,-0.34596717777600594,-0.5346015329483402,-0.5297162776033333,-0.632546551198449,-0.10510389060631,-0.3810087864315725,-0.6135060294600118,-0.3365566445941464,-0.2264911699210134,-0.17441905007072317,0
ME,2000,-0.34596717777600594,-0.5346015329483402,-0.5520657293675535,-0.3236324023649727,-0.10510389060631,-0.3810087864315725,-0.6135060294600118,-0.3365566445941464,-0.2264911699210134,-0.17441905007072317,0
ME,2001,-0.34596717777600594,-0.5558390484310699,-0.5520657293675535,-0.632546551198449,-0.10510389060631,-0.420299577871345,-0.6135060294600118,-0.3365566445941464,-0.2264911699210134,-0.17441905007072317,0
ME,2002,-0.34596717777600594,-0.5558390484310699,-0.5520657293675535,-0.632546551198449,-0.10510389060631,-0.420299577871345,-0.6135060294600118,-0.3365566445941464,-0.2264911699210134,-0.17441905007072317,0
ME,2003,-0.34596717777600594,-0.5558390484310699,-0.5520657293675535,-0.632546551198449,-0.10510389060631,-0.420299577871345,-0.6135060294600118,-0.3365566445941464,-0.2264911699210134,-0.17441905007072317,0
ME,2004,-0.34596717777600594,-0.5558390484310699,-0.5520657293675535,-0.632546551198449,-0.10510389060631,-0.420299577871345,-0.6135060294600118,-0.3365566445941464,-0.2264911699210134,-0.17441905007072317,0
ME,2005,-0.34596717777600594,-0.5346015329483402,-0.5297162776033333,-0.632546551198449,-0.10510389060631,-0.3810087864315725,-0.6135060294600118,-0.3365566445941464,-0.2264911699210134,-0.17441905007072317,0
ME,2006,-0.34596717777600594,-0.5558390484310699,-0.5520657293675535,-0.632546551198449,-0.10510389060631,-0.420299577871345,-0.6135060294600118,-0.3365566445941464,-0.2264911699210134,-0.17441905007072317,0
ME,2007,-0.34596717777600594,-0.5558390484310699,-0.5520657293675535,-0.632546551198449,-0.10510389060631,-0.420299577871345,-0.6135060294600118,-0.3365566445941464,-0.2264911699210134,-0.17441905007072317,0
ME,2008,-0.34596717777600594,-0.5558390484310699,-0.5520657293675535,-0.632546551198449,-0.10510389060631,-0.420299577871345,-0.6135060294600118,-0.3365566445941464,-0.2264911699210134,-0.17441905007072317,0
ME,2009,-0.34596717777600594,-0.5346015329483402,-0.5297162776033333,-0.632546551198449,-0.10510389060631,-0.3810087864315725,-0.6135060294600118,-0.3365566445941464,-0.2264911699210134,-0.17441905007072317,0
ME,2010,-0.34596717777600594,-0.5558390484310699,-0.5520657293675535,-0.632546551198449,-0.10510389060631,-0.420299577871345,-0.6135060294600118,-0.3365566445941464,-0.2264911699210134,-0.17441905007072317,0
ME,2011,-0.34596717777600594,-0.5558390484310699,-0.5520657293675535,-0.632546551198449,-0.10510389060631,-0.420299577871345,-0.6135060294600118,-0.3365566445941464,-0.2264911699210134,-0.17441905007072317,0
ME,2012,1.438597982164635,-0.5558390484310699,-0.5520657293675535,-0.3236324023649727,-0.10510389060631,-0.3810087864315725,-0.6135060294600118,-0.3365566445941464,-0.2264911699210134,-0.17441905007072317,0
ME,2013,-0.34596717777600594,-0.5558390484310699,-0.5520657293675535,-0.632546551198449,-0.10510389060631,-0.420299577871345,-0.6135060294600118,-0.3365566445941464,-0.2264911699210134,-0.17441905007072317,0
ME,2014,-0.34596717777600594,-0.5558390484310699,-0.5520657293675535,-0.632546551198449,-0.10510389060631,-0.420299577871345,-0.6135060294600118,-0.3365566445941464,-0.2264911699210134,-0.17441905007072317,0
ME,2015,-0.34596717777600594,-0.5133640174656106,-0.5073668258391131,-0.632546551198449,-0.10510389060631,-0.3417179949918,-0.6135060294600118,-0.3365566445941464,-0.2264911699210134,-0.17441905007072317,0
ME,2016,-0.34596717777600594,-0.5346015329483402,-0.5297162776033333,-0.632546551198449,-0.10510389060631,-0.3810087864315725,-0.6135060294600118,-0.3365566445941464,-0.2264911699210134,-0.17441905007072317,0
ME,2017,-0.34596717777600594,-0.5346015329483402,-0.5297162776033333,-0.632546551198449,-0.10510389060631,-0.3810087864315725,-0.6135060294600118,-0.3365566445941464,-0.2264911699210134,-0.17441905007072317,0
MI,1980,1.438597982164635,0.675936849567251,0.6995035694287783,0.29419589530197987,-0.10510389060631,0.4440978338036497,0.88298087798375,-0.3365566445941464,-0.2264911699210134,-0.17441905007072317,3
MI,1981,1.438597982164635,0.675936849567251,0.6324552141361177,1.2209383418024087,-0.10510389060631,0.24764387660478726,1.0852088384491232,-0.3365566445941464,-0.2264911699210134,-0.17441905007072317,3
MI,1982,-0.34596717777600594,0.12376144701627954,0.09606837179483264,0.29419589530197987,-0.10510389060631,0.051189919405924836,0.19540581240148108,-0.3365566445941464,-0.2264911699210134,0.5785104663102237,3
MI,1983,3.223163142105276,0.20871150894719823,0.1854661788517135,0.9120241929689324,-0.10510389060631,0.20835308516501477,0.27629699658763035,-0.3365566445941464,-0.2264911699210134,-0.17441905007072317,3
MI,1984,1.438597982164635,0.675936849567251,0.6548046659003379,0.9120241929689324,-0.10510389060631,0.011899127966152351,1.327882391007571,-0.3365566445941464,-0.2264911699210134,-0.17441905007072317,3
MI,1985,3.223163142105276,0.9095495198772774,0.9900464423636411,-0.014718253531496415,-0.10510389060631,0.16906229372524229,1.651447127752168,-0.3365566445941464,-0.2264911699210134,-0.17441905007072317,3
MI,1986,5.007728302045917,1.4192498914627893,1.3252882188269444,3.0744232348032665,-0.10510389060631,0.3655162509241047,2.4603589696136607,-0.3365566445941464,-0.2264911699210134,-0.17441905007072317,1
MI,1987,3.223163142105276,2.2899880262547057,2.1969168376315324,3.383337383636743,-0.10510389060631,0.4048070423638772,4.037737061243572,-0.3365566445941464,-0.2264911699210134,-0.17441905007072317,1
MI,1988,-0.34596717777600594,1.567912499841897,1.504083832940706,1.8387666394693614,-0.10510389060631,0.32622545948433224,2.662586930079034,-0.3365566445941464,-0.2264911699210134,-0.17441905007072317,3
MI,1989,-0.34596717777600594,1.9077127475655717,1.92872341646089,0.6031100441354562,-0.10510389060631,0.28693466804455975,3.228825219382079,-0.3365566445941464,0.27725167572547926,0.5785104663102237,3
MI,1990,-0.34596717777600594,2.162562933358328,2.129868482338872,1.8387666394693614,-0.10510389060631,0.3655162509241047,3.754617916592049,-0.3365566445941464,-0.2264911699210134,-0.17441905007072317,3
MI,1991,-0.34596717777600594,1.9926628094964904,2.062820127046211,0.29419589530197987,-0.10510389060631,0.5226794166831947,3.1479340351959295,2.625141827834342,-0.2264911699210134,0.5785104663102237,3
MI,1992,-0.34596717777600594,1.5466749843591674,1.5934816399975869,0.29419589530197987,-0.10510389060631,0.32622545948433224,2.6221413379859593,-0.3365566445941464,-0.2264911699210134,-0.17441905007072317,3
MI,1993,1.438597982164635,1.5891500153246267,1.5487827364691464,1.8387666394693614,-0.10510389060631,0.20835308516501477,2.8243692984513324,-0.3365566445941464,-0.2264911699210134,0.5785104663102237,3
MI,1994,1.438597982164635,1.4829624379109783,1.4146860258838252,1.8387666394693614,-0.10510389060631,0.4440978338036497,2.3794677854275115,-0.3365566445941464,0.27725167572547926,-0.17441905007072317,3
MI,1995,3.223163142105276,1.1643997056700335,1.1911915082416231,0.9120241929689324,-0.10510389060631,0.28693466804455975,1.894120680310616,1.1442925916200979,-0.2264911699210134,0.5785104663102237,3
MI,1996,1.438597982164635,0.6334618186017916,0.6995035694287783,-0.3236324023649727,-0.10510389060631,0.011899127966152351,1.206545614728347,-0.3365566445941464,-0.2264911699210134,0.5785104663102237,3
MI,1997,-0.34596717777600594,0.9520245508427367,0.9229980870709805,0.9120241929689324,-0.10510389060631,0.4440978338036497,1.3683279831006456,-0.3365566445941464,-0.2264911699210134,-0.17441905007072317,3
MI,1998,1.438597982164635,0.4635616947399543,0.4983585035507964,-0.014718253531496415,-0.10510389060631,0.20835308516501477,0.5998617333322275,1.1442925916200979,0.7809945213719719,-0.17441905007072317,3
MI,1999,-0.34596717777600594,0.18747399346446855,0.16311672708749328,0.29419589530197987,-0.10510389060631,0.1297715022854698,0.1145146282153318,-0.3365566445941464,-0.2264911699210134,2.0843694990721175,3
MI,2000,-0.34596717777600594,0.06004890056809054,0.09606837179483264,-0.632546551198449,-0.10510389060631,-0.22384562067248256,0.3571881807737796,-0.3365566445941464,-0.2264911699210134,-0.17441905007072317,0
MI,2001,-0.34596717777600594,0.10252393153354988,0.051369468266392215,0.6031100441354562,-0.10510389060631,-0.1452640377929376,0.27629699658763035,1.1442925916200979,-0.2264911699210134,0.5785104663102237,3
MI,2002,6.792293461986558,0.08128641605082021,0.09606837179483264,0.6031100441354562,2.759369307111929,-0.1452640377929376,0.39763377286685425,-0.3365566445941464,0.27725167572547926,0.5785104663102237,3
MI,2003,-0.34596717777600594,-0.08861370781101716,-0.1944745011400301,1.2209383418024087,-0.10510389060631,-0.18455482923271008,-0.006822148063892121,-0.3365566445941464,-0.2264911699210134,0.5785104663102237,3
MI,2004,-0.34596717777600594,-0.04613867684555781,-0.12742614584736947,0.9120241929689324,-0.10510389060631,-0.06668245491339263,-0.006822148063892121,-0.3365566445941464,-0.2264911699210134,-0.17441905007072317,0
MI,2005,-0.34596717777600594,0.20871150894719823,0.16311672708749328,0.6031100441354562,-0.10510389060631,-0.06668245491339263,0.5189705491460782,-0.3365566445941464,-0.2264911699210134,-0.17441905007072317,3
MI,2006,1.438597982164635,0.6334618186017916,0.6548046659003379,0.29419589530197987,-0.10510389060631,-0.06668245491339263,1.2874367989144964,-0.3365566445941464,-0.2264911699210134,0.5785104663102237,3
MI,2007,-0.34596717777600594,0.31489908636084657,0.25251453414437414,0.6031100441354562,2.759369307111929,0.011899127966152351,0.5594161412391528,-0.3365566445941464,-0.2264911699210134,0.5785104663102237,3
MI,2008,-0.34596717777600594,0.03881138508536087,0.0066705647379517955,0.6031100441354562,-0.10510389060631,-0.2631364121122551,0.39763377286685425,-0.3365566445941464,-0.2264911699210134,-0.17441905007072317,3
MI,2009,-0.34596717777600594,0.25118653991265755,0.25251453414437414,-0.014718253531496415,-0.10510389060631,-0.2631364121122551,0.7211985096114515,-0.3365566445941464,-0.2264911699210134,0.5785104663102237,3
MI,2010,-0.34596717777600594,0.10252393153354988,0.051369468266392215,0.6031100441354562,-0.10510389060631,0.011899127966152351,0.19540581240148108,-0.3365566445941464,-0.2264911699210134,0.5785104663102237,3
MI,2011,-0.34596717777600594,-0.02490116136282814,-0.08272724231892904,0.6031100441354562,-0.10510389060631,-0.1452640377929376,0.1145146282153318,-0.3365566445941464,-0.2264911699210134,-0.17441905007072317,0
MI,2012,-0.34596717777600594,0.10252393153354988,0.07371892003061242,0.29419589530197987,-0.10510389060631,-0.1452640377929376,0.23585140449455572,-0.3365566445941464,-0.2264911699210134,2.0843694990721175,3
MI,2013,-0.34596717777600594,-0.17356376974193582,-0.14977559761158968,-0.632546551198449,-0.10510389060631,-0.3417179949918,0.03362344402918252,-0.3365566445941464,-0.2264911699210134,-0.17441905007072317,0
MI,2014,-0.34596717777600594,0.42108666377449494,0.1854661788517135,1.2209383418024087,19.946208493421366,-0.22384562067248256,0.6403073254253021,-0.3365566445941464,-0.2264911699210134,8.107805630119692,4
MI,2015,3.223163142105276,0.0175738696026312,0.09606837179483264,-0.632546551198449,-0.10510389060631,-0.22384562067248256,0.3571881807737796,-0.3365566445941464,-0.2264911699210134,0.5785104663102237,3
MI,2016,-0.34596717777600594,0.06004890056809054,0.029020016502172008,0.29419589530197987,-0.10510389060631,-0.1059732463531651,0.19540581240148108,-0.3365566445941464,-0.2264911699210134,0.5785104663102237,0
MI,2017,-0.34596717777600594,0.14499896249900923,0.14076727532327307,-0.014718253531496415,-0.10510389060631,0.09048071084569732,0.19540581240148108,-0.3365566445941464,-0.2264911699210134,-0.17441905007072317,0
MN,1980,3.223163142105276,-0.3859389245692325,-0.3732701152537918,-0.014718253531496415,-0.10510389060631,-0.22384562067248256,-0.41127806899463853,-0.3365566445941464,-0.2264911699210134,-0.17441905007072317,3
MN,1981,-0.34596717777600594,-0.5133640174656106,-0.5073668258391131,-0.632546551198449,-0.10510389060631,-0.3417179949918,-0.6135060294600118,-0.3365566445941464,-0.2264911699210134,-0.17441905007072317,0
MN,1982,-0.34596717777600594,-0.44965147101742153,-0.4850173740748928,-0.014718253531496415,-0.10510389060631,-0.3024272035520275,-0.6135060294600118,2.625141827834342,-0.2264911699210134,-0.17441905007072317,0
MN,1983,-0.34596717777600594,-0.5133640174656106,-0.5297162776033333,-0.3236324023649727,-0.10510389060631,-0.3417179949918,-0.6135060294600118,-0.3365566445941464,-0.2264911699210134,-0.17441905007072317,0
MN,1984,-0.34596717777600594,-0.5346015329483402,-0.5297162776033333,-0.632546551198449,-0.10510389060631,-0.3810087864315725,-0.6135060294600118,-0.3365566445941464,-0.2264911699210134,-0.17441905007072317,0
MN,1985,-0.34596717777600594,-0.4708889865001512,-0.4626679223106726,-0.632546551198449,-0.10510389060631,-0.3810087864315725,-0.4921692531807878,-0.3365566445941464,-0.2264911699210134,-0.17441905007072317,0
MN,1986,-0.34596717777600594,-0.3434638936037732,-0.32857121172535136,-0.632546551198449,-0.10510389060631,-0.2631364121122551,-0.45172366108771317,1.1442925916200979,-0.2264911699210134,-0.17441905007072317,0
MN,1987,-0.34596717777600594,-0.36470140908650284,-0.3732701152537918,-0.3236324023649727,-0.10510389060631,-0.22384562067248256,-0.573060437366937,1.1442925916200979,-0.2264911699210134,0.5785104663102237,0
MN,1988,-0.34596717777600594,-0.06737619232828748,-0.03802833879048863,-0.632546551198449,-0.10510389060631,0.051189919405924836,-0.41127806899463853,4.105991064048586,0.7809945213719719,-0.17441905007072317,0
MN,1989,-0.34596717777600594,-0.42841395553469186,-0.4179690187822322,-0.632546551198449,-0.10510389060631,-0.22384562067248256,-0.573060437366937,-0.3365566445941464,-0.2264911699210134,-0.17441905007072317,0
MN,1990,-0.34596717777600594,-0.42841395553469186,-0.4626679223106726,-0.014718253531496415,-0.10510389060631,-0.3417179949918,-0.45172366108771317,-0.3365566445941464,-0.2264911699210134,-0.17441905007072317,0
MN,1991,-0.34596717777600594,-0.1310887387764765,-0.10507669408314926,-0.632546551198449,-0.10510389060631,-0.18455482923271008,-0.2090501085292653,7.067689536477075,-0.2264911699210134,-0.17441905007072317,0
MN,1992,-0.34596717777600594,-0.02490116136282814,0.0066705647379517955,-0.632546551198449,-0.10510389060631,-0.22384562067248256,-0.2090501085292653,1.1442925916200979,4.30719444089742,-0.17441905007072317,0
MN,1993,-0.34596717777600594,-0.08861370781101716,-0.17212504937580989,0.9120241929689324,-0.10510389060631,-0.1059732463531651,-0.16860451643619068,1.1442925916200979,0.27725167572547926,-0.17441905007072317,0
MN,1994,-0.34596717777600594,0.06004890056809054,0.09606837179483264,-0.632546551198449,-0.10510389060631,-0.027391663473620136,0.07406903612225715,1.1442925916200979,0.27725167572547926,-0.17441905007072317,0
MN,1995,-0.34596717777600594,0.03881138508536087,0.0066705647379517955,0.29419589530197987,-0.10510389060631,-0.18455482923271008,-0.006822148063892121,1.1442925916200979,1.7884802126649573,1.3314399826911705,0
MN,1996,-0.34596717777600594,-0.30098886263831387,-0.30622175996113116,-0.3236324023649727,-0.10510389060631,-0.2631364121122551,-0.41127806899463853,2.625141827834342,-0.2264911699210134,-0.17441905007072317,0
MN,1997,-0.34596717777600594,-0.04613867684555781,-0.08272724231892904,0.29419589530197987,-0.10510389060631,0.1297715022854698,-0.5326148452738624,4.105991064048586,-0.2264911699210134,3.590228531834011,0
MN,1998,-0.34596717777600594,-0.2585138316728545,-0.23917340466847054,-0.632546551198449,-0.10510389060631,-0.3417179949918,-0.24949570062233994,4.105991064048586,-0.2264911699210134,-0.17441905007072317,0
MN,1999,-0.34596717777600594,-0.3859389245692325,-0.4403184705464524,0.29419589530197987,-0.10510389060631,-0.2631364121122551,-0.4921692531807878,1.1442925916200979,-0.2264911699210134,-0.17441905007072317,0
MN,2000,-0.34596717777600594,-0.32222637812104354,-0.30622175996113116,-0.632546551198449,-0.10510389060631,-0.3024272035520275,-0.45172366108771317,-0.3365566445941464,1.7884802126649573,-0.17441905007072317,0
MN,2001,-0.34596717777600594,-0.36470140908650284,-0.35092066348957157,-0.632546551198449,-0.10510389060631,-0.3417179949918,-0.573060437366937,2.625141827834342,1.7884802126649573,-0.17441905007072317,0
MN,2002,-0.34596717777600594,-0.2797513471555842,-0.26152285643269074,-0.632546551198449,-0.10510389060631,-0.22384562067248256,-0.5326148452738624,5.586840300262831,-0.2264911699210134,1.3314399826911705,0
MN,2003,-0.34596717777600594,-0.3434638936037732,-0.3732701152537918,-0.3236324023649727,-0.10510389060631,-0.3417179949918,-0.41127806899463853,1.1442925916200979,-0.2264911699210134,0.5785104663102237,0
MN,2004,-0.34596717777600594,-0.30098886263831387,-0.28387230819691095,-0.632546551198449,-0.10510389060631,-0.3810087864315725,-0.3303868848084892,5.586840300262831,-0.2264911699210134,-0.17441905007072317,0
MN,2005,-0.34596717777600594,-0.1948012852246655,-0.17212504937580989,-0.632546551198449,-0.10510389060631,-0.2631364121122551,-0.16860451643619068,2.625141827834342,-0.2264911699210134,-0.17441905007072317,0
MN,2006,-0.34596717777600594,-0.32222637812104354,-0.30622175996113116,-0.632546551198449,-0.10510389060631,-0.3810087864315725,-0.3303868848084892,1.1442925916200979,-0.2264911699210134,0.5785104663102237,0
MN,2007,-0.34596717777600594,-0.4071764400519622,-0.4403184705464524,-0.3236324023649727,-0.10510389060631,-0.3024272035520275,-0.5326148452738624,1.1442925916200979,-0.2264911699210134,-0.17441905007072317,0
MN,2008,-0.34596717777600594,-0.2797513471555842,-0.30622175996113116,-0.014718253531496415,-0.10510389060631,-0.3417179949918,-0.2090501085292653,-0.3365566445941464,-0.2264911699210134,0.5785104663102237,0
MN,2009,-0.34596717777600594,-0.5346015329483402,-0.5297162776033333,-0.632546551198449,-0.10510389060631,-0.420299577871345,-0.6135060294600118,1.1442925916200979,-0.2264911699210134,-0.17441905007072317,0
MN,2010,-0.34596717777600594,-0.36470140908650284,-0.35092066348957157,-0.632546551198449,-0.10510389060631,-0.3417179949918,-0.3303868848084892,-0.3365566445941464,-0.2264911699210134,-0.17441905007072317,0
MN,2011,-0.34596717777600594,-0.4071764400519622,-0.4179690187822322,-0.3236324023649727,-0.10510389060631,-0.3417179949918,-0.41127806899463853,-0.3365566445941464,-0.2264911699210134,-0.17441905007072317,0
MN,2012,-0.34596717777600594,-0.3859389245692325,-0.3732701152537918,-0.632546551198449,-0.10510389060631,-0.420299577871345,-0.3303868848084892,1.1442925916200979,-0.2264911699210134,-0.17441905007072317,0
MN,2013,-0.34596717777600594,-0.42841395553469186,-0.4179690187822322,-0.632546551198449,-0.10510389060631,-0.2631364121122551,-0.5326148452738624,-0.3365566445941464,-0.2264911699210134,-0.17441905007072317,0
MN,2014,-0.34596717777600594,-0.5133640174656106,-0.5073668258391131,-0.632546551198449,-0.10510389060631,-0.420299577871345,-0.573060437366937,1.1442925916200979,-0.2264911699210134,-0.17441905007072317,0
MN,2015,-0.34596717777600594,-0.4071764400519622,-0.395619567018012,-0.632546551198449,-0.10510389060631,-0.3810087864315725,-0.45172366108771317,1.1442925916200979,-0.2264911699210134,0.5785104663102237,0
MN,2016,-0.34596717777600594,-0.5133640174656106,-0.5073668258391131,-0.632546551198449,-0.10510389060631,-0.420299577871345,-0.5326148452738624,-0.3365566445941464,-0.2264911699210134,-0.17441905007072317,0
MN,2017,-0.34596717777600594,-0.4071764400519622,-0.4179690187822322,-0.3236324023649727,-0.10510389060631,-0.3810087864315725,-0.37083247690156385,-0.3365566445941464,-0.2264911699210134,-0.17441905007072317,0
MO,1980,-0.34596717777600594,0.03881138508536087,0.029020016502172008,-0.014718253531496415,-0.10510389060631,0.051189919405924836,0.03362344402918252,-0.3365566445941464,-0.2264911699210134,-0.17441905007072317,0
MO,1981,1.438597982164635,-0.17356376974193582,-0.26152285643269074,0.9120241929689324,-0.10510389060631,-0.22384562067248256,-0.0877133322500414,-0.3365566445941464,-0.2264911699210134,-0.17441905007072317,3
MO,1982,1.438597982164635,-0.04613867684555781,-0.015678887026268417,-0.3236324023649727,-0.10510389060631,-0.06668245491339263,0.03362344402918252,-0.3365566445941464,-0.2264911699210134,-0.17441905007072317,3
MO,1983,-0.34596717777600594,-0.04613867684555781,-0.08272724231892904,0.29419589530197987,-0.10510389060631,0.011899127966152351,-0.04726774015696676,-0.3365566445941464,-0.2264911699210134,-0.17441905007072317,0
MO,1984,-0.34596717777600594,-0.17356376974193582,-0.1944745011400301,-0.014718253531496415,-0.10510389060631,0.16906229372524229,-0.4921692531807878,-0.3365566445941464,-0.2264911699210134,-0.17441905007072317,0
MO,1985,1.438597982164635,-0.23727631619012485,-0.30622175996113116,0.9120241929689324,-0.10510389060631,-0.1059732463531651,-0.24949570062233994,-0.3365566445941464,-0.2264911699210134,-0.17441905007072317,3
MO,1986,1.438597982164635,-0.2585138316728545,-0.23917340466847054,-0.3236324023649727,-0.10510389060631,-0.1059732463531651,-0.2899412927154146,-0.3365566445941464,-0.2264911699210134,-0.17441905007072317,0
MO,1987,-0.34596717777600594,-0.21603880070739517,-0.1944745011400301,-0.632546551198449,-0.10510389060631,-0.1059732463531651,-0.2899412927154146,-0.3365566445941464,-0.2264911699210134,-0.17441905007072317,0
MO,1988,1.438597982164635,-0.1310887387764765,-0.10507669408314926,-0.3236324023649727,-0.10510389060631,-0.1452640377929376,-0.0877133322500414,1.1442925916200979,-0.2264911699210134,-0.17441905007072317,0
MO,1989,-0.34596717777600594,0.12376144701627954,0.11841782355905285,-0.3236324023649727,2.759369307111929,-0.3024272035520275,0.5189705491460782,-0.3365566445941464,-0.2264911699210134,0.5785104663102237,3
MO,1990,-0.34596717777600594,0.18747399346446855,0.14076727532327307,0.6031100441354562,-0.10510389060631,0.20835308516501477,0.15496022030840645,-0.3365566445941464,-0.2264911699210134,-0.17441905007072317,3
MO,1991,1.438597982164635,0.48479921022268396,0.5207079553150167,-0.014718253531496415,-0.10510389060631,-0.027391663473620136,1.004317654262974,-0.3365566445941464,-0.2264911699210134,-0.17441905007072317,3
MO,1992,-0.34596717777600594,0.3573741173263059,0.34191234120125497,-0.014718253531496415,-0.10510389060631,-0.1059732463531651,0.7616441017045261,-0.3365566445941464,0.27725167572547926,-0.17441905007072317,3
MO,1993,-0.34596717777600594,1.5254374688764376,1.5487827364691464,0.6031100441354562,-0.10510389060631,0.011899127966152351,2.9457060747305563,-0.3365566445941464,-0.2264911699210134,-0.17441905007072317,3
MO,1994,-0.34596717777600594,0.9732620663254663,1.0123958941278615,-0.014718253531496415,-0.10510389060631,0.011899127966152351,1.8132294961244668,-0.3365566445941464,-0.2264911699210134,-0.17441905007072317,3
MO,1995,-0.34596717777600594,0.6546993340845213,0.6548046659003379,0.29419589530197987,-0.10510389060631,0.011899127966152351,1.2469912068214217,-0.3365566445941464,-0.2264911699210134,-0.17441905007072317,3
MO,1996,1.438597982164635,0.25118653991265755,0.29721343767281455,-0.3236324023649727,-0.10510389060631,-0.1452640377929376,0.7211985096114515,-0.3365566445941464,-0.2264911699210134,-0.17441905007072317,3
MO,1997,-0.34596717777600594,0.10252393153354988,0.09606837179483264,-0.014718253531496415,-0.10510389060631,-0.06668245491339263,0.27629699658763035,-0.3365566445941464,-0.2264911699210134,-0.17441905007072317,0
MO,1998,1.438597982164635,0.0175738696026312,0.029020016502172008,-0.014718253531496415,-0.10510389060631,-0.027391663473620136,0.1145146282153318,-0.3365566445941464,-0.2264911699210134,-0.17441905007072317,3
MO,1999,-0.34596717777600594,-0.17356376974193582,-0.23917340466847054,0.29419589530197987,-0.10510389060631,-0.1059732463531651,-0.2090501085292653,-0.3365566445941464,-0.2264911699210134,-0.17441905007072317,0
MO,2000,1.438597982164635,-0.04613867684555781,-0.08272724231892904,0.6031100441354562,-0.10510389060631,-0.2631364121122551,0.23585140449455572,-0.3365566445941464,-0.2264911699210134,-0.17441905007072317,3
MO,2001,-0.34596717777600594,-0.32222637812104354,-0.30622175996113116,-0.632546551198449,-0.10510389060631,-0.3417179949918,-0.24949570062233994,-0.3365566445941464,-0.2264911699210134,-0.17441905007072317,0
MO,2002,-0.34596717777600594,-0.21603880070739517,-0.1944745011400301,-0.632546551198449,-0.10510389060631,-0.18455482923271008,-0.2090501085292653,-0.3365566445941464,-0.2264911699210134,-0.17441905007072317,0
MO,2003,-0.34596717777600594,-0.3859389245692325,-0.4179690187822322,-0.014718253531496415,-0.10510389060631,-0.3024272035520275,-0.41127806899463853,-0.3365566445941464,-0.2264911699210134,-0.17441905007072317,0
MO,2004,-0.34596717777600594,0.10252393153354988,0.029020016502172008,0.9120241929689324,-0.10510389060631,-0.18455482923271008,0.39763377286685425,-0.3365566445941464,-0.2264911699210134,-0.17441905007072317,3
MO,2005,-0.34596717777600594,0.12376144701627954,0.09606837179483264,0.29419589530197987,-0.10510389060631,-0.18455482923271008,0.4380793649599289,-0.3365566445941464,-0.2264911699210134,-0.17441905007072317,3
MO,2006,-0.34596717777600594,-0.10985122329374682,-0.12742614584736947,-0.014718253531496415,-0.10510389060631,-0.027391663473620136,-0.16860451643619068,-0.3365566445941464,-0.2264911699210134,-0.17441905007072317,0
MO,2007,-0.34596717777600594,-0.10985122329374682,-0.08272724231892904,-0.632546551198449,-0.10510389060631,-0.2631364121122551,0.07406903612225715,-0.3365566445941464,-0.2264911699210134,-0.17441905007072317,0
MO,2008,-0.34596717777600594,-0.04613867684555781,-0.03802833879048863,-0.3236324023649727,-0.10510389060631,-0.1452640377929376,0.07406903612225715,-0.3365566445941464,-0.2264911699210134,-0.17441905007072317,0
MO,2009,-0.34596717777600594,0.20871150894719823,0.16311672708749328,0.6031100441354562,-0.10510389060631,0.051189919405924836,0.39763377286685425,-0.3365566445941464,-0.2264911699210134,-0.17441905007072317,3
MO,2010,3.223163142105276,-0.1310887387764765,-0.08272724231892904,-0.3236324023649727,-0.10510389060631,-0.1452640377929376,-0.006822148063892121,-0.3365566445941464,-0.2264911699210134,-0.17441905007072317,3
MO,2011,-0.34596717777600594,-0.02490116136282814,0.0066705647379517955,-0.632546551198449,-0.10510389060631,-0.3417179949918,0.316742588680705,-0.3365566445941464,-0.2264911699210134,-0.17441905007072317,0
MO,2012,-0.34596717777600594,-0.08861370781101716,-0.060377790554708835,-0.632546551198449,-0.10510389060631,-0.2631364121122551,0.1145146282153318,-0.3365566445941464,-0.2264911699210134,-0.17441905007072317,0
MO,2013,-0.34596717777600594,-0.1948012852246655,-0.1944745011400301,-0.3236324023649727,-0.10510389060631,-0.18455482923271008,-0.16860451643619068,-0.3365566445941464,-0.2264911699210134,-0.17441905007072317,0
MO,2014,-0.34596717777600594,-0.06737619232828748,-0.08272724231892904,-0.014718253531496415,-0.10510389060631,-0.1059732463531651,-0.006822148063892121,-0.3365566445941464,-0.2264911699210134,-0.17441905007072317,0
MO,2015,1.438597982164635,-0.04613867684555781,-0.060377790554708835,0.29419589530197987,-0.10510389060631,0.011899127966152351,-0.04726774015696676,-0.3365566445941464,-0.2264911699210134,-0.17441905007072317,3
MO,2016,-0.34596717777600594,0.03881138508536087,0.051369468266392215,-0.3236324023649727,-0.10510389060631,-0.1452640377929376,0.23585140449455572,-0.3365566445941464,-0.2264911699210134,-0.17441905007072317,0
MO,2017,-0.34596717777600594,0.08128641605082021,0.051369468266392215,0.29419589530197987,-0.10510389060631,-0.18455482923271008,0.3571881807737796,-0.3365566445941464,-0.2264911699210134,-0.17441905007072317,0
MS,1980,-0.34596717777600594,-0.15232625425920615,-0.23917340466847054,0.9120241929689324,-0.10510389060631,-0.1452640377929376,-0.12815892434311604,-0.3365566445941464,-0.2264911699210134,-0.17441905007072317,0
MS,1981,-0.34596717777600594,-0.3434638936037732,-0.395619567018012,0.29419589530197987,-0.10510389060631,-0.3810087864315725,-0.2899412927154146,-0.3365566445941464,-0.2264911699210134,-0.17441905007072317,0
MS,1982,-0.34596717777600594,-0.2585138316728545,-0.23917340466847054,-0.632546551198449,-0.10510389060631,-0.3417179949918,-0.0877133322500414,-0.3365566445941464,-0.2264911699210134,-0.17441905007072317,0
MS,1983,-0.34596717777600594,-0.32222637812104354,-0.4403184705464524,1.2209383418024087,-0.10510389060631,-0.22384562067248256,-0.37083247690156385,-0.3365566445941464,-0.2264911699210134,-0.17441905007072317,0
MS,1984,-0.34596717777600594,-0.3859389245692325,-0.4179690187822322,-0.014718253531496415,-0.10510389060631,-0.420299577871345,-0.37083247690156385,-0.3365566445941464,0.7809945213719719,-0.17441905007072317,0
MS,1985,-0.34596717777600594,-0.2797513471555842,-0.30622175996113116,-0.014718253531496415,-0.10510389060631,-0.22384562067248256,-0.2899412927154146,-0.3365566445941464,-0.2264911699210134,-0.17441905007072317,0
MS,1986,-0.34596717777600594,-0.17356376974193582,-0.14977559761158968,-0.632546551198449,-0.10510389060631,-0.06668245491339263,-0.24949570062233994,-0.3365566445941464,-0.2264911699210134,-0.17441905007072317,0
MS,1987,-0.34596717777600594,-0.2797513471555842,-0.35092066348957157,0.29419589530197987,-0.10510389060631,-0.3417179949918,-0.16860451643619068,-0.3365566445941464,-0.2264911699210134,-0.17441905007072317,0
MS,1988,-0.34596717777600594,-0.32222637812104354,-0.3732701152537918,0.29419589530197987,-0.10510389060631,-0.3024272035520275,-0.2899412927154146,-0.3365566445941464,-0.2264911699210134,-0.17441905007072317,0
MS,1989,-0.34596717777600594,-0.36470140908650284,-0.35092066348957157,-0.632546551198449,-0.10510389060631,-0.3024272035520275,-0.37083247690156385,-0.3365566445941464,-0.2264911699210134,-0.17441905007072317,0
MS,1990,-0.34596717777600594,-0.21603880070739517,-0.1944745011400301,-0.632546551198449,-0.10510389060631,-0.2631364121122551,-0.0877133322500414,-0.3365566445941464,-0.2264911699210134,-0.17441905007072317,0
MS,1991,-0.34596717777600594,0.5272742411881433,0.4983585035507964,0.9120241929689324,-0.10510389060631,-0.1059732463531651,1.1256544305421978,-0.3365566445941464,-0.2264911699210134,-0.17441905007072317,3
MS,1992,-0.34596717777600594,0.42108666377449494,0.3642617929654752,0.9120241929689324,-0.10510389060631,-0.1059732463531651,0.7211985096114515,-0.3365566445941464,2.29222305831145,-0.17441905007072317,3
MS,1993,-0.34596717777600594,0.5272742411881433,0.4760090517865762,0.9120241929689324,-0.10510389060631,-0.22384562067248256,1.1661000226352725,-0.3365566445941464,-0.2264911699210134,1.3314399826911705,3
MS,1994,-0.34596717777600594,0.8883120043945477,0.5654068588434571,4.927908127804124,-0.10510389060631,-0.2631364121122551,1.9750118644967654,-0.3365566445941464,-0.2264911699210134,-0.17441905007072317,3
MS,1995,-0.34596717777600594,0.3786116328090356,0.4313101482581358,-0.632546551198449,-0.10510389060631,-0.22384562067248256,0.9234264700768247,-0.3365566445941464,-0.2264911699210134,-0.17441905007072317,3
MS,1996,-0.34596717777600594,0.06004890056809054,0.0066705647379517955,0.9120241929689324,-0.10510389060631,-0.3024272035520275,0.4380793649599289,-0.3365566445941464,-0.2264911699210134,-0.17441905007072317,3
MS,1997,-0.34596717777600594,-0.02490116136282814,-0.03802833879048863,-0.014718253531496415,-0.10510389060631,-0.3417179949918,0.316742588680705,-0.3365566445941464,-0.2264911699210134,-0.17441905007072317,0
MS,1998,-0.34596717777600594,-0.0036636458800984703,0.029020016502172008,-0.632546551198449,-0.10510389060631,-0.3024272035520275,0.316742588680705,-0.3365566445941464,-0.2264911699210134,-0.17441905007072317,0
MS,1999,-0.34596717777600594,-0.04613867684555781,-0.1944745011400301,2.1476807883028375,-0.10510389060631,-0.420299577871345,0.3571881807737796,-0.3365566445941464,-0.2264911699210134,-0.17441905007072317,3
MS,2000,-0.34596717777600594,-0.23727631619012485,-0.30622175996113116,0.9120241929689324,-0.10510389060631,-0.420299577871345,-0.006822148063892121,-0.3365566445941464,-0.2264911699210134,-0.17441905007072317,0
MS,2001,-0.34596717777600594,-0.2585138316728545,-0.28387230819691095,-0.014718253531496415,-0.10510389060631,-0.3417179949918,-0.12815892434311604,-0.3365566445941464,-0.2264911699210134,-0.17441905007072317,0
MS,2002,-0.34596717777600594,-0.21603880070739517,-0.23917340466847054,-0.3236324023649727,-0.10510389060631,-0.3810087864315725,-0.04726774015696676,-0.3365566445941464,-0.2264911699210134,-0.17441905007072317,0
MS,2003,1.438597982164635,-0.1948012852246655,-0.12742614584736947,-0.632546551198449,-0.10510389060631,-0.3024272035520275,0.03362344402918252,-0.3365566445941464,-0.2264911699210134,-0.17441905007072317,0
MS,2004,-0.34596717777600594,-0.3434638936037732,-0.32857121172535136,-0.632546551198449,-0.10510389060631,-0.3810087864315725,-0.24949570062233994,-0.3365566445941464,-0.2264911699210134,-0.17441905007072317,0
MS,2005,-0.34596717777600594,-0.4071764400519622,-0.395619567018012,-0.632546551198449,-0.10510389060631,-0.420299577871345,-0.3303868848084892,-0.3365566445941464,-0.2264911699210134,-0.17441905007072317,0
MS,2006,-0.34596717777600594,-0.23727631619012485,-0.26152285643269074,0.29419589530197987,-0.10510389060631,-0.3810087864315725,-0.04726774015696676,-0.3365566445941464,-0.2264911699210134,-0.17441905007072317,0
MS,2007,-0.34596717777600594,-0.2585138316728545,-0.23917340466847054,-0.632546551198449,-0.10510389060631,-0.3810087864315725,-0.12815892434311604,-0.3365566445941464,-0.2264911699210134,-0.17441905007072317,0
MS,2008,-0.34596717777600594,-0.2585138316728545,-0.28387230819691095,0.29419589530197987,-0.10510389060631,-0.2631364121122551,-0.2090501085292653,-0.3365566445941464,-0.2264911699210134,-0.17441905007072317,0
MS,2009,-0.34596717777600594,-0.3434638936037732,-0.35092066348957157,-0.3236324023649727,-0.10510389060631,-0.3810087864315725,-0.24949570062233994,-0.3365566445941464,-0.2264911699210134,-0.17441905007072317,0
MS,2010,-0.34596717777600594,-0.32222637812104354,-0.30622175996113116,-0.632546551198449,-0.10510389060631,-0.3810087864315725,-0.2090501085292653,-0.3365566445941464,-0.2264911699210134,-0.17441905007072317,0
MS,2011,-0.34596717777600594,-0.42841395553469186,-0.4403184705464524,-0.3236324023649727,-0.10510389060631,-0.3810087864315725,-0.41127806899463853,-0.3365566445941464,-0.2264911699210134,-0.17441905007072317,0
MS,2012,-0.34596717777600594,-0.32222637812104354,-0.32857121172535136,-0.3236324023649727,-0.10510389060631,-0.3024272035520275,-0.24949570062233994,-0.3365566445941464,-0.2264911699210134,-0.17441905007072317,0
MS,2013,-0.34596717777600594,-0.04613867684555781,-0.03802833879048863,-0.3236324023649727,-0.10510389060631,-0.420299577871345,0.3571881807737796,-0.3365566445941464,-0.2264911699210134,-0.17441905007072317,0
MS,2014,-0.34596717777600594,-0.36470140908650284,-0.35092066348957157,-0.632546551198449,-0.10510389060631,-0.3024272035520275,-0.41127806899463853,-0.3365566445941464,-0.2264911699210134,1.3314399826911705,0
MS,2015,-0.34596717777600594,-0.32222637812104354,-0.30622175996113116,-0.632546551198449,-0.10510389060631,-0.420299577871345,-0.16860451643619068,-0.3365566445941464,-0.2264911699210134,-0.17441905007072317,0
MS,2016,-0.34596717777600594,-0.32222637812104354,-0.30622175996113116,-0.632546551198449,-0.10510389060631,-0.420299577871345,-0.16860451643619068,-0.3365566445941464,-0.2264911699210134,-0.17441905007072317,0
MS,2017,-0.34596717777600594,-0.23727631619012485,-0.2168239529042503,-0.632546551198449,-0.10510389060631,-0.420299577871345,-0.006822148063892121,-0.3365566445941464,-0.2264911699210134,-0.17441905007072317,0
MT,1980,-0.34596717777600594,-0.5346015329483402,-0.5297162776033333,-0.632546551198449,-0.10510389060631,-0.3810087864315725,-0.6135060294600118,-0.3365566445941464,-0.2264911699210134,-0.17441905007072317,0
MT,1981,-0.34596717777600594,-0.5558390484310699,-0.5520657293675535,-0.632546551198449,-0.10510389060631,-0.420299577871345,-0.6135060294600118,-0.3365566445941464,-0.2264911699210134,-0.17441905007072317,0
MT,1983,-0.34596717777600594,-0.4921265019828809,-0.4850173740748928,-0.632546551198449,-0.10510389060631,-0.3024272035520275,-0.6135060294600118,-0.3365566445941464,-0.2264911699210134,-0.17441905007072317,0
MT,1984,-0.34596717777600594,-0.4921265019828809,-0.4850173740748928,-0.632546551198449,-0.10510389060631,-0.3417179949918,-0.6135060294600118,1.1442925916200979,-0.2264911699210134,-0.17441905007072317,0
MT,1985,-0.34596717777600594,-0.5558390484310699,-0.5520657293675535,-0.632546551198449,-0.10510389060631,-0.420299577871345,-0.6135060294600118,-0.3365566445941464,-0.2264911699210134,-0.17441905007072317,0
MT,1988,-0.34596717777600594,-0.5133640174656106,-0.5073668258391131,-0.632546551198449,-0.10510389060631,-0.3417179949918,-0.6135060294600118,-0.3365566445941464,-0.2264911699210134,-0.17441905007072317,0
MT,1989,-0.34596717777600594,-0.5558390484310699,-0.5520657293675535,-0.632546551198449,-0.10510389060631,-0.420299577871345,-0.6135060294600118,-0.3365566445941464,-0.2264911699210134,-0.17441905007072317,0
MT,1991,-0.34596717777600594,-0.5558390484310699,-0.5520657293675535,-0.632546551198449,-0.10510389060631,-0.420299577871345,-0.6135060294600118,-0.3365566445941464,-0.2264911699210134,-0.17441905007072317,0
MT,1992,-0.34596717777600594,-0.5346015329483402,-0.5297162776033333,-0.632546551198449,-0.10510389060631,-0.3810087864315725,-0.6135060294600118,-0.3365566445941464,-0.2264911699210134,-0.17441905007072317,0
MT,1995,-0.34596717777600594,-0.4921265019828809,-0.5073668258391131,-0.014718253531496415,-0.10510389060631,-0.3024272035520275,-0.6135060294600118,-0.3365566445941464,-0.2264911699210134,-0.17441905007072317,0
MT,2000,-0.34596717777600594,-0.5133640174656106,-0.5073668258391131,-0.632546551198449,-0.10510389060631,-0.420299577871345,-0.6135060294600118,2.625141827834342,-0.2264911699210134,-0.17441905007072317,0
MT,2003,-0.34596717777600594,-0.4071764400519622,-0.395619567018012,-0.632546551198449,-0.10510389060631,-0.1452640377929376,-0.6135060294600118,-0.3365566445941464,-0.2264911699210134,-0.17441905007072317,0
MT,2004,-0.34596717777600594,-0.4921265019828809,-0.5297162776033333,-0.3236324023649727,-0.10510389060631,-0.3024272035520275,-0.6135060294600118,-0.3365566445941464,-0.2264911699210134,-0.17441905007072317,0
MT,2005,-0.34596717777600594,-0.5558390484310699,-0.5520657293675535,-0.632546551198449,-0.10510389060631,-0.420299577871345,-0.6135060294600118,-0.3365566445941464,-0.2264911699210134,-0.17441905007072317,0
MT,2006,-0.34596717777600594,-0.5558390484310699,-0.5520657293675535,-0.632546551198449,-0.10510389060631,-0.420299577871345,-0.6135060294600118,-0.3365566445941464,-0.2264911699210134,-0.17441905007072317,0
MT,2007,-0.34596717777600594,-0.5558390484310699,-0.5520657293675535,-0.632546551198449,-0.10510389060631,-0.420299577871345,-0.6135060294600118,-0.3365566445941464,-0.2264911699210134,-0.17441905007072317,0
MT,2008,-0.34596717777600594,-0.5346015329483402,-0.5297162776033333,-0.632546551198449,-0.10510389060631,-0.3810087864315725,-0.6135060294600118,-0.3365566445941464,-0.2264911699210134,-0.17441905007072317,0
MT,2009,1.438597982164635,-0.4921265019828809,-0.4850173740748928,-0.3236324023649727,-0.10510389060631,-0.2631364121122551,-0.6135060294600118,-0.3365566445941464,-0.2264911699210134,-0.17441905007072317,0
MT,2010,-0.34596717777600594,-0.5558390484310699,-0.5520657293675535,-0.632546551198449,-0.10510389060631,-0.420299577871345,-0.6135060294600118,-0.3365566445941464,-0.2264911699210134,-0.17441905007072317,0
MT,2011,-0.34596717777600594,-0.5558390484310699,-0.5520657293675535,-0.632546551198449,-0.10510389060631,-0.420299577871345,-0.6135060294600118,-0.3365566445941464,-0.2264911699210134,-0.17441905007072317,0
MT,2012,-0.34596717777600594,-0.5346015329483402,-0.5297162776033333,-0.632546551198449,-0.10510389060631,-0.420299577871345,-0.6135060294600118,1.1442925916200979,-0.2264911699210134,-0.17441905007072317,0
MT,2013,-0.34596717777600594,-0.5558390484310699,-0.5520657293675535,-0.632546551198449,-0.10510389060631,-0.420299577871345,-0.6135060294600118,-0.3365566445941464,-0.2264911699210134,-0.17441905007072317,0
MT,2014,-0.34596717777600594,-0.5558390484310699,-0.5520657293675535,-0.632546551198449,-0.10510389060631,-0.420299577871345,-0.6135060294600118,-0.3365566445941464,-0.2264911699210134,-0.17441905007072317,0
MT,2015,-0.34596717777600594,-0.5133640174656106,-0.5073668258391131,-0.632546551198449,-0.10510389060631,-0.3810087864315725,-0.6135060294600118,1.1442925916200979,-0.2264911699210134,-0.17441905007072317,0
MT,2016,-0.34596717777600594,-0.5558390484310699,-0.5520657293675535,-0.632546551198449,-0.10510389060631,-0.420299577871345,-0.6135060294600118,-0.3365566445941464,-0.2264911699210134,-0.17441905007072317,0
MT,2017,-0.34596717777600594,-0.5558390484310699,-0.5520657293675535,-0.632546551198449,-0.10510389060631,-0.420299577871345,-0.6135060294600118,-0.3365566445941464,-0.2264911699210134,-0.17441905007072317,0
NC,1980,1.438597982164635,-0.0036636458800984703,0.029020016502172008,-0.3236324023649727,-0.10510389060631,0.32622545948433224,-0.2899412927154146,-0.3365566445941464,-0.2264911699210134,-0.17441905007072317,3
NC,1981,-0.34596717777600594,-0.08861370781101716,-0.08272724231892904,-0.3236324023649727,-0.10510389060631,-0.06668245491339263,-0.12815892434311604,1.1442925916200979,-0.2264911699210134,-0.17441905007072317,0
NC,1982,1.438597982164635,-0.0036636458800984703,0.0066705647379517955,-0.014718253531496415,-0.10510389060631,-0.1059732463531651,0.07406903612225715,1.1442925916200979,-0.2264911699210134,0.5785104663102237,3
NC,1983,-0.34596717777600594,-0.15232625425920615,-0.17212504937580989,-0.014718253531496415,-0.10510389060631,-0.18455482923271008,-0.12815892434311604,-0.3365566445941464,0.27725167572547926,-0.17441905007072317,0
NC,1984,-0.34596717777600594,-0.21603880070739517,-0.26152285643269074,0.29419589530197987,-0.10510389060631,0.051189919405924836,-0.41127806899463853,-0.3365566445941464,-0.2264911699210134,-0.17441905007072317,0
NC,1985,-0.34596717777600594,0.0175738696026312,-0.060377790554708835,0.6031100441354562,-0.10510389060631,-0.1059732463531651,0.07406903612225715,1.1442925916200979,-0.2264911699210134,-0.17441905007072317,0
NC,1986,-0.34596717777600594,-0.04613867684555781,-0.08272724231892904,0.29419589530197987,-0.10510389060631,-0.027391663473620136,-0.0877133322500414,-0.3365566445941464,-0.2264911699210134,-0.17441905007072317,0
NC,1987,3.223163142105276,-0.23727631619012485,-0.2168239529042503,-0.014718253531496415,-0.10510389060631,-0.18455482923271008,-0.2090501085292653,1.1442925916200979,-0.2264911699210134,-0.17441905007072317,3
NC,1988,1.438597982164635,-0.0036636458800984703,-0.08272724231892904,1.2209383418024087,-0.10510389060631,0.16906229372524229,-0.16860451643619068,1.1442925916200979,-0.2264911699210134,-0.17441905007072317,3
NC,1989,-0.34596717777600594,0.20871150894719823,0.1854661788517135,0.29419589530197987,-0.10510389060631,-0.1452640377929376,0.4785249570530036,1.1442925916200979,0.27725167572547926,-0.17441905007072317,3
NC,1990,-0.34596717777600594,0.3786116328090356,0.27486398590859434,1.2209383418024087,-0.10510389060631,0.051189919405924836,0.6403073254253021,-0.3365566445941464,-0.2264911699210134,-0.17441905007072317,3
NC,1991,-0.34596717777600594,0.612224303119062,0.6101057623718975,0.29419589530197987,-0.10510389060631,0.011899127966152351,1.0447632463560486,2.625141827834342,-0.2264911699210134,-0.17441905007072317,3
NC,1992,-0.34596717777600594,0.994499581808196,0.9900464423636411,0.6031100441354562,-0.10510389060631,-0.1452640377929376,1.9750118644967654,1.1442925916200979,-0.2264911699210134,-0.17441905007072317,3
NC,1993,-0.34596717777600594,0.9307870353600071,0.9229980870709805,0.6031100441354562,-0.10510389060631,-0.027391663473620136,1.6918927198452427,4.105991064048586,-0.2264911699210134,-0.17441905007072317,3
NC,1994,-0.34596717777600594,1.185637221152763,0.9900464423636411,3.0744232348032665,-0.10510389060631,0.011899127966152351,2.1367942328690637,-0.3365566445941464,0.7809945213719719,-0.17441905007072317,3
NC,1995,-0.34596717777600594,0.6971743650499806,0.6995035694287783,0.29419589530197987,-0.10510389060631,-0.1452640377929376,1.327882391007571,2.625141827834342,0.7809945213719719,-0.17441905007072317,3
NC,1996,-0.34596717777600594,0.3786116328090356,0.4089606964939156,-0.3236324023649727,-0.10510389060631,0.011899127966152351,0.6807529175183769,1.1442925916200979,-0.2264911699210134,-0.17441905007072317,3
NC,1997,1.438597982164635,0.612224303119062,0.6324552141361177,0.29419589530197987,-0.10510389060631,0.32622545948433224,0.7616441017045261,-0.3365566445941464,1.2847373670184647,-0.17441905007072317,3
NC,1998,1.438597982164635,0.42108666377449494,0.3642617929654752,1.2209383418024087,-0.10510389060631,0.011899127966152351,0.8425352858906754,-0.3365566445941464,-0.2264911699210134,-0.17441905007072317,3
NC,1999,5.007728302045917,0.2936615708781169,0.31956288943703476,0.6031100441354562,-0.10510389060631,0.1297715022854698,0.4785249570530036,2.625141827834342,-0.2264911699210134,-0.17441905007072317,3
NC,2000,1.438597982164635,0.14499896249900923,0.11841782355905285,0.6031100441354562,-0.10510389060631,-0.06668245491339263,0.39763377286685425,-0.3365566445941464,-0.2264911699210134,-0.17441905007072317,3
NC,2001,-0.34596717777600594,0.2299490244299279,0.14076727532327307,0.6031100441354562,5.6238425048301695,0.011899127966152351,0.3571881807737796,-0.3365566445941464,-0.2264911699210134,1.3314399826911705,3
NC,2002,5.007728302045917,0.12376144701627954,0.14076727532327307,0.6031100441354562,-0.10510389060631,-0.027391663473620136,0.23585140449455572,1.1442925916200979,-0.2264911699210134,1.3314399826911705,3
NC,2003,-0.34596717777600594,0.2299490244299279,0.09606837179483264,1.8387666394693614,-0.10510389060631,0.011899127966152351,0.4380793649599289,-0.3365566445941464,-0.2264911699210134,-0.17441905007072317,3
NC,2004,-0.34596717777600594,-0.0036636458800984703,-0.03802833879048863,-0.014718253531496415,-0.10510389060631,-0.18455482923271008,0.19540581240148108,-0.3365566445941464,-0.2264911699210134,-0.17441905007072317,0
NC,2005,1.438597982164635,0.3573741173263059,0.3642617929654752,0.29419589530197987,-0.10510389060631,0.051189919405924836,0.5998617333322275,1.1442925916200979,-0.2264911699210134,0.5785104663102237,3
NC,2006,-0.34596717777600594,0.33613660184357624,0.25251453414437414,1.2209383418024087,-0.10510389060631,-0.1452640377929376,0.8020896937976008,-0.3365566445941464,-0.2264911699210134,-0.17441905007072317,3
NC,2007,-0.34596717777600594,0.18747399346446855,0.14076727532327307,0.6031100441354562,-0.10510389060631,-0.18455482923271008,0.4785249570530036,-0.3365566445941464,-0.2264911699210134,0.5785104663102237,3
NC,2008,-0.34596717777600594,0.3786116328090356,0.3866112447296954,-0.014718253531496415,-0.10510389060631,0.1297715022854698,0.5998617333322275,-0.3365566445941464,-0.2264911699210134,-0.17441905007072317,3
NC,2009,-0.34596717777600594,-0.02490116136282814,-0.015678887026268417,-0.3236324023649727,-0.10510389060631,-0.06668245491339263,-0.006822148063892121,-0.3365566445941464,-0.2264911699210134,-0.17441905007072317,0
NC,2010,-0.34596717777600594,0.5272742411881433,0.4089606964939156,2.1476807883028375,-0.10510389060631,0.09048071084569732,0.8020896937976008,1.1442925916200979,0.7809945213719719,-0.17441905007072317,3
NC,2011,-0.34596717777600594,0.2299490244299279,0.16311672708749328,0.9120241929689324,-0.10510389060631,-0.1059732463531651,0.5594161412391528,-0.3365566445941464,-0.2264911699210134,-0.17441905007072317,3
NC,2012,-0.34596717777600594,0.06004890056809054,0.029020016502172008,-0.014718253531496415,-0.10510389060631,-0.1452640377929376,0.19540581240148108,1.1442925916200979,-0.2264911699210134,-0.17441905007072317,0
NC,2013,-0.34596717777600594,-0.04613867684555781,-0.03802833879048863,-0.3236324023649727,-0.10510389060631,-0.3024272035520275,0.19540581240148108,1.1442925916200979,-0.2264911699210134,-0.17441905007072317,0
NC,2014,1.438597982164635,0.14499896249900923,0.16311672708749328,-0.014718253531496415,-0.10510389060631,-0.2631364121122551,0.5594161412391528,-0.3365566445941464,-0.2264911699210134,-0.17441905007072317,3
NC,2015,-0.34596717777600594,0.18747399346446855,0.051369468266392215,1.8387666394693614,-0.10510389060631,-0.22384562067248256,0.5998617333322275,-0.3365566445941464,-0.2264911699210134,-0.17441905007072317,3
NC,2016,-0.34596717777600594,-0.02490116136282814,-0.060377790554708835,0.29419589530197987,-0.10510389060631,-0.18455482923271008,0.1145146282153318,1.1442925916200979,-0.2264911699210134,-0.17441905007072317,0
NC,2017,1.438597982164635,0.20871150894719823,0.27486398590859434,-0.632546551198449,-0.10510389060631,-0.06668245491339263,0.5189705491460782,-0.3365566445941464,-0.2264911699210134,-0.17441905007072317,3
ND,1980,-0.34596717777600594,-0.4708889865001512,-0.4626679223106726,-0.632546551198449,-0.10510389060631,-0.3417179949918,-0.6135060294600118,2.625141827834342,-0.2264911699210134,-0.17441905007072317,0
ND,1981,-0.34596717777600594,-0.5346015329483402,-0.5297162776033333,-0.632546551198449,-0.10510389060631,-0.420299577871345,-0.6135060294600118,1.1442925916200979,-0.2264911699210134,-0.17441905007072317,0
ND,1982,-0.34596717777600594,-0.5558390484310699,-0.5520657293675535,-0.632546551198449,-0.10510389060631,-0.420299577871345,-0.6135060294600118,-0.3365566445941464,-0.2264911699210134,-0.17441905007072317,0
ND,1983,-0.34596717777600594,-0.5558390484310699,-0.5520657293675535,-0.632546551198449,-0.10510389060631,-0.420299577871345,-0.6135060294600118,-0.3365566445941464,-0.2264911699210134,-0.17441905007072317,0
ND,1984,-0.34596717777600594,-0.5346015329483402,-0.5297162776033333,-0.632546551198449,-0.10510389060631,-0.3810087864315725,-0.6135060294600118,-0.3365566445941464,-0.2264911699210134,-0.17441905007072317,0
ND,1985,-0.34596717777600594,-0.5558390484310699,-0.5520657293675535,-0.632546551198449,-0.10510389060631,-0.420299577871345,-0.6135060294600118,-0.3365566445941464,-0.2264911699210134,-0.17441905007072317,0
ND,1986,-0.34596717777600594,-0.5558390484310699,-0.5520657293675535,-0.632546551198449,-0.10510389060631,-0.420299577871345,-0.6135060294600118,-0.3365566445941464,-0.2264911699210134,-0.17441905007072317,0
ND,1987,-0.34596717777600594,-0.5133640174656106,-0.5073668258391131,-0.632546551198449,-0.10510389060631,-0.3417179949918,-0.6135060294600118,-0.3365566445941464,-0.2264911699210134,-0.17441905007072317,0
ND,1988,-0.34596717777600594,-0.5558390484310699,-0.5520657293675535,-0.632546551198449,-0.10510389060631,-0.420299577871345,-0.6135060294600118,-0.3365566445941464,-0.2264911699210134,-0.17441905007072317,0
ND,1989,-0.34596717777600594,-0.5558390484310699,-0.5520657293675535,-0.632546551198449,-0.10510389060631,-0.420299577871345,-0.6135060294600118,-0.3365566445941464,-0.2264911699210134,-0.17441905007072317,0
ND,1990,-0.34596717777600594,-0.5558390484310699,-0.5520657293675535,-0.632546551198449,-0.10510389060631,-0.420299577871345,-0.6135060294600118,-0.3365566445941464,-0.2264911699210134,-0.17441905007072317,0
ND,1992,-0.34596717777600594,-0.5346015329483402,-0.5297162776033333,-0.632546551198449,-0.10510389060631,-0.3810087864315725,-0.6135060294600118,-0.3365566445941464,-0.2264911699210134,-0.17441905007072317,0
ND,1993,1.438597982164635,-0.5346015329483402,-0.5297162776033333,-0.3236324023649727,-0.10510389060631,-0.3810087864315725,-0.6135060294600118,1.1442925916200979,-0.2264911699210134,-0.17441905007072317,0
ND,1994,-0.34596717777600594,-0.5558390484310699,-0.5520657293675535,-0.632546551198449,-0.10510389060631,-0.420299577871345,-0.6135060294600118,-0.3365566445941464,-0.2264911699210134,-0.17441905007072317,0
ND,1995,-0.34596717777600594,-0.32222637812104354,-0.30622175996113116,-0.632546551198449,-0.10510389060631,-0.18455482923271008,-0.6135060294600118,7.067689536477075,-0.2264911699210134,-0.17441905007072317,0
ND,1996,-0.34596717777600594,-0.5346015329483402,-0.5297162776033333,-0.632546551198449,-0.10510389060631,-0.3810087864315725,-0.6135060294600118,-0.3365566445941464,-0.2264911699210134,-0.17441905007072317,0
ND,1997,-0.34596717777600594,-0.5558390484310699,-0.5520657293675535,-0.632546551198449,-0.10510389060631,-0.420299577871345,-0.6135060294600118,-0.3365566445941464,-0.2264911699210134,-0.17441905007072317,0
ND,1998,-0.34596717777600594,-0.5346015329483402,-0.5520657293675535,-0.3236324023649727,-0.10510389060631,-0.3810087864315725,-0.6135060294600118,-0.3365566445941464,-0.2264911699210134,-0.17441905007072317,0
ND,1999,-0.34596717777600594,-0.5558390484310699,-0.5520657293675535,-0.632546551198449,-0.10510389060631,-0.420299577871345,-0.6135060294600118,-0.3365566445941464,-0.2264911699210134,-0.17441905007072317,0
ND,2000,-0.34596717777600594,-0.5558390484310699,-0.5520657293675535,-0.632546551198449,-0.10510389060631,-0.420299577871345,-0.6135060294600118,-0.3365566445941464,-0.2264911699210134,-0.17441905007072317,0
ND,2001,-0.34596717777600594,-0.5558390484310699,-0.5520657293675535,-0.632546551198449,-0.10510389060631,-0.420299577871345,-0.6135060294600118,-0.3365566445941464,-0.2264911699210134,-0.17441905007072317,0
ND,2002,-0.34596717777600594,-0.5558390484310699,-0.5520657293675535,-0.632546551198449,-0.10510389060631,-0.420299577871345,-0.6135060294600118,-0.3365566445941464,-0.2264911699210134,-0.17441905007072317,0
ND,2003,-0.34596717777600594,-0.5558390484310699,-0.5520657293675535,-0.632546551198449,-0.10510389060631,-0.420299577871345,-0.6135060294600118,-0.3365566445941464,-0.2264911699210134,-0.17441905007072317,0
ND,2004,-0.34596717777600594,-0.5558390484310699,-0.5520657293675535,-0.632546551198449,-0.10510389060631,-0.420299577871345,-0.6135060294600118,-0.3365566445941464,-0.2264911699210134,-0.17441905007072317,0
ND,2005,-0.34596717777600594,-0.5558390484310699,-0.5520657293675535,-0.632546551198449,-0.10510389060631,-0.420299577871345,-0.6135060294600118,-0.3365566445941464,-0.2264911699210134,-0.17441905007072317,0
ND,2006,-0.34596717777600594,-0.5558390484310699,-0.5520657293675535,-0.632546551198449,-0.10510389060631,-0.420299577871345,-0.6135060294600118,-0.3365566445941464,-0.2264911699210134,-0.17441905007072317,0
ND,2007,-0.34596717777600594,-0.5133640174656106,-0.5073668258391131,-0.632546551198449,-0.10510389060631,-0.3810087864315725,-0.6135060294600118,1.1442925916200979,-0.2264911699210134,-0.17441905007072317,0
ND,2008,-0.34596717777600594,-0.5558390484310699,-0.5520657293675535,-0.632546551198449,-0.10510389060631,-0.420299577871345,-0.6135060294600118,-0.3365566445941464,-0.2264911699210134,-0.17441905007072317,0
ND,2009,-0.34596717777600594,-0.5558390484310699,-0.5520657293675535,-0.632546551198449,-0.10510389060631,-0.420299577871345,-0.6135060294600118,-0.3365566445941464,-0.2264911699210134,-0.17441905007072317,0
ND,2010,-0.34596717777600594,-0.5558390484310699,-0.5520657293675535,-0.632546551198449,-0.10510389060631,-0.420299577871345,-0.6135060294600118,-0.3365566445941464,-0.2264911699210134,-0.17441905007072317,0
ND,2011,-0.34596717777600594,-0.5558390484310699,-0.5520657293675535,-0.632546551198449,-0.10510389060631,-0.420299577871345,-0.6135060294600118,-0.3365566445941464,-0.2264911699210134,-0.17441905007072317,0
ND,2013,-0.34596717777600594,-0.5558390484310699,-0.5520657293675535,-0.632546551198449,-0.10510389060631,-0.420299577871345,-0.6135060294600118,-0.3365566445941464,-0.2264911699210134,-0.17441905007072317,0
ND,2014,-0.34596717777600594,-0.5558390484310699,-0.5520657293675535,-0.632546551198449,-0.10510389060631,-0.420299577871345,-0.6135060294600118,-0.3365566445941464,-0.2264911699210134,-0.17441905007072317,0
ND,2015,-0.34596717777600594,-0.5558390484310699,-0.5520657293675535,-0.632546551198449,-0.10510389060631,-0.420299577871345,-0.6135060294600118,-0.3365566445941464,-0.2264911699210134,-0.17441905007072317,0
ND,2016,-0.34596717777600594,-0.5558390484310699,-0.5520657293675535,-0.632546551198449,-0.10510389060631,-0.420299577871345,-0.6135060294600118,-0.3365566445941464,-0.2264911699210134,-0.17441905007072317,0
ND,2017,-0.34596717777600594,-0.5558390484310699,-0.5520657293675535,-0.632546551198449,-0.10510389060631,-0.420299577871345,-0.6135060294600118,-0.3365566445941464,-0.2264911699210134,-0.17441905007072317,0
NE,1980,-0.34596717777600594,-0.42841395553469186,-0.4179690187822322,-0.632546551198449,-0.10510389060631,-0.3417179949918,-0.45172366108771317,-0.3365566445941464,-0.2264911699210134,-0.17441905007072317,0
NE,1981,-0.34596717777600594,-0.4921265019828809,-0.4850173740748928,-0.632546551198449,-0.10510389060631,-0.3810087864315725,-0.5326148452738624,-0.3365566445941464,-0.2264911699210134,-0.17441905007072317,0
NE,1982,-0.34596717777600594,-0.5346015329483402,-0.5297162776033333,-0.632546551198449,-0.10510389060631,-0.3810087864315725,-0.6135060294600118,-0.3365566445941464,-0.2264911699210134,-0.17441905007072317,0
NE,1983,-0.34596717777600594,-0.5133640174656106,-0.5073668258391131,-0.632546551198449,-0.10510389060631,-0.3417179949918,-0.6135060294600118,-0.3365566445941464,-0.2264911699210134,-0.17441905007072317,0
NE,1984,-0.34596717777600594,-0.4921265019828809,-0.5073668258391131,-0.3236324023649727,-0.10510389060631,-0.3810087864315725,-0.573060437366937,1.1442925916200979,-0.2264911699210134,-0.17441905007072317,0
NE,1985,-0.34596717777600594,-0.4708889865001512,-0.4626679223106726,-0.632546551198449,-0.10510389060631,-0.2631364121122551,-0.6135060294600118,-0.3365566445941464,-0.2264911699210134,-0.17441905007072317,0
NE,1986,-0.34596717777600594,-0.44965147101742153,-0.4403184705464524,-0.632546551198449,-0.10510389060631,-0.3810087864315725,-0.45172366108771317,-0.3365566445941464,-0.2264911699210134,-0.17441905007072317,0
NE,1988,-0.34596717777600594,-0.32222637812104354,-0.35092066348957157,-0.3236324023649727,-0.10510389060631,-0.22384562067248256,-0.41127806899463853,-0.3365566445941464,-0.2264911699210134,-0.17441905007072317,0
NE,1989,-0.34596717777600594,-0.4071764400519622,-0.395619567018012,-0.632546551198449,-0.10510389060631,-0.3024272035520275,-0.45172366108771317,-0.3365566445941464,-0.2264911699210134,-0.17441905007072317,0
NE,1990,-0.34596717777600594,-0.44965147101742153,-0.4403184705464524,-0.632546551198449,-0.10510389060631,-0.2631364121122551,-0.573060437366937,-0.3365566445941464,-0.2264911699210134,-0.17441905007072317,0
NE,1991,-0.34596717777600594,-0.44965147101742153,-0.4403184705464524,-0.632546551198449,-0.10510389060631,-0.420299577871345,-0.41127806899463853,-0.3365566445941464,-0.2264911699210134,-0.17441905007072317,0
NE,1992,-0.34596717777600594,-0.4921265019828809,-0.4850173740748928,-0.632546551198449,-0.10510389060631,-0.3024272035520275,-0.6135060294600118,-0.3365566445941464,-0.2264911699210134,-0.17441905007072317,0
NE,2004,-0.34596717777600594,-0.42841395553469186,-0.4179690187822322,-0.632546551198449,-0.10510389060631,-0.18455482923271008,-0.6135060294600118,-0.3365566445941464,-0.2264911699210134,-0.17441905007072317,0
NE,2009,-0.34596717777600594,-0.42841395553469186,-0.4403184705464524,-0.3236324023649727,-0.10510389060631,-0.22384562067248256,-0.573060437366937,-0.3365566445941464,-0.2264911699210134,-0.17441905007072317,0
NE,2010,-0.34596717777600594,-0.4708889865001512,-0.4626679223106726,-0.632546551198449,-0.10510389060631,-0.3810087864315725,-0.4921692531807878,-0.3365566445941464,-0.2264911699210134,-0.17441905007072317,0
NE,2011,-0.34596717777600594,-0.3859389245692325,-0.395619567018012,-0.3236324023649727,-0.10510389060631,-0.18455482923271008,-0.5326148452738624,-0.3365566445941464,-0.2264911699210134,-0.17441905007072317,0
NE,2012,-0.34596717777600594,-0.5133640174656106,-0.5073668258391131,-0.632546551198449,-0.10510389060631,-0.3417179949918,-0.6135060294600118,-0.3365566445941464,-0.2264911699210134,-0.17441905007072317,0
NE,2013,-0.34596717777600594,-0.5133640174656106,-0.5073668258391131,-0.632546551198449,-0.10510389060631,-0.3810087864315725,-0.573060437366937,-0.3365566445941464,-0.2264911699210134,-0.17441905007072317,0
NE,2014,-0.34596717777600594,-0.42841395553469186,-0.4179690187822322,-0.632546551198449,-0.10510389060631,-0.3810087864315725,-0.41127806899463853,-0.3365566445941464,-0.2264911699210134,-0.17441905007072317,0
NE,2015,-0.34596717777600594,-0.42841395553469186,-0.4403184705464524,-0.3236324023649727,-0.10510389060631,-0.3417179949918,-0.45172366108771317,-0.3365566445941464,-0.2264911699210134,-0.17441905007072317,0
NE,2016,-0.34596717777600594,-0.5346015329483402,-0.5297162776033333,-0.632546551198449,-0.10510389060631,-0.3810087864315725,-0.6135060294600118,-0.3365566445941464,-0.2264911699210134,-0.17441905007072317,0
NE,2017,-0.34596717777600594,-0.5133640174656106,-0.5297162776033333,-0.3236324023649727,-0.10510389060631,-0.420299577871345,-0.5326148452738624,-0.3365566445941464,-0.2264911699210134,-0.17441905007072317,0
NH,1980,-0.34596717777600594,-0.5133640174656106,-0.5073668258391131,-0.632546551198449,-0.10510389060631,-0.3417179949918,-0.6135060294600118,-0.3365566445941464,-0.2264911699210134,-0.17441905007072317,0
NH,1981,-0.34596717777600594,-0.5558390484310699,-0.5520657293675535,-0.632546551198449,-0.10510389060631,-0.420299577871345,-0.6135060294600118,-0.3365566445941464,-0.2264911699210134,-0.17441905007072317,0
NH,1982,-0.34596717777600594,-0.5558390484310699,-0.5520657293675535,-0.632546551198449,-0.10510389060631,-0.420299577871345,-0.6135060294600118,-0.3365566445941464,-0.2264911699210134,-0.17441905007072317,0
NH,1983,-0.34596717777600594,-0.5346015329483402,-0.5297162776033333,-0.632546551198449,-0.10510389060631,-0.3810087864315725,-0.6135060294600118,-0.3365566445941464,-0.2264911699210134,-0.17441905007072317,0
NH,1984,-0.34596717777600594,-0.5558390484310699,-0.5520657293675535,-0.632546551198449,-0.10510389060631,-0.420299577871345,-0.6135060294600118,-0.3365566445941464,-0.2264911699210134,-0.17441905007072317,0
NH,1985,-0.34596717777600594,-0.5558390484310699,-0.5520657293675535,-0.632546551198449,-0.10510389060631,-0.420299577871345,-0.6135060294600118,-0.3365566445941464,-0.2264911699210134,-0.17441905007072317,0
NH,1986,-0.34596717777600594,-0.5346015329483402,-0.5297162776033333,-0.632546551198449,-0.10510389060631,-0.3810087864315725,-0.6135060294600118,-0.3365566445941464,-0.2264911699210134,-0.17441905007072317,0
NH,1987,-0.34596717777600594,-0.44965147101742153,-0.4403184705464524,-0.632546551198449,-0.10510389060631,-0.22384562067248256,-0.6135060294600118,-0.3365566445941464,-0.2264911699210134,-0.17441905007072317,0
NH,1988,-0.34596717777600594,-0.4921265019828809,-0.4850173740748928,-0.632546551198449,-0.10510389060631,-0.3417179949918,-0.573060437366937,-0.3365566445941464,-0.2264911699210134,-0.17441905007072317,0
NH,1989,-0.34596717777600594,-0.5346015329483402,-0.5520657293675535,-0.3236324023649727,-0.10510389060631,-0.3810087864315725,-0.6135060294600118,-0.3365566445941464,-0.2264911699210134,-0.17441905007072317,0
NH,1990,-0.34596717777600594,-0.4921265019828809,-0.4850173740748928,-0.632546551198449,-0.10510389060631,-0.3024272035520275,-0.6135060294600118,-0.3365566445941464,-0.2264911699210134,-0.17441905007072317,0
NH,1991,1.438597982164635,-0.5346015329483402,-0.5073668258391131,-0.632546551198449,-0.10510389060631,-0.3417179949918,-0.6135060294600118,-0.3365566445941464,-0.2264911699210134,-0.17441905007072317,0
NH,1992,-0.34596717777600594,-0.5558390484310699,-0.5520657293675535,-0.632546551198449,-0.10510389060631,-0.420299577871345,-0.6135060294600118,-0.3365566445941464,-0.2264911699210134,-0.17441905007072317,0
NH,1993,-0.34596717777600594,-0.5346015329483402,-0.5297162776033333,-0.632546551198449,-0.10510389060631,-0.3810087864315725,-0.6135060294600118,-0.3365566445941464,-0.2264911699210134,-0.17441905007072317,0
NH,1994,-0.34596717777600594,-0.5558390484310699,-0.5520657293675535,-0.632546551198449,-0.10510389060631,-0.420299577871345,-0.6135060294600118,-0.3365566445941464,-0.2264911699210134,-0.17441905007072317,0
NH,1995,-0.34596717777600594,-0.5133640174656106,-0.5073668258391131,-0.632546551198449,-0.10510389060631,-0.3810087864315725,-0.6135060294600118,-0.3365566445941464,-0.2264911699210134,0.5785104663102237,0
NH,1996,-0.34596717777600594,-0.4921265019828809,-0.4850173740748928,-0.632546551198449,-0.10510389060631,-0.3024272035520275,-0.6135060294600118,-0.3365566445941464,-0.2264911699210134,-0.17441905007072317,0
NH,1998,-0.34596717777600594,-0.5558390484310699,-0.5520657293675535,-0.632546551198449,-0.10510389060631,-0.420299577871345,-0.6135060294600118,-0.3365566445941464,-0.2264911699210134,-0.17441905007072317,0
NH,1999,-0.34596717777600594,-0.5558390484310699,-0.5520657293675535,-0.632546551198449,-0.10510389060631,-0.420299577871345,-0.6135060294600118,-0.3365566445941464,-0.2264911699210134,-0.17441905007072317,0
NH,2000,-0.34596717777600594,-0.5558390484310699,-0.5520657293675535,-0.632546551198449,-0.10510389060631,-0.420299577871345,-0.6135060294600118,-0.3365566445941464,-0.2264911699210134,-0.17441905007072317,0
NH,2001,-0.34596717777600594,-0.4921265019828809,-0.4850173740748928,-0.632546551198449,-0.10510389060631,-0.3024272035520275,-0.6135060294600118,-0.3365566445941464,-0.2264911699210134,-0.17441905007072317,0
NH,2002,-0.34596717777600594,-0.5558390484310699,-0.5520657293675535,-0.632546551198449,-0.10510389060631,-0.420299577871345,-0.6135060294600118,-0.3365566445941464,-0.2264911699210134,-0.17441905007072317,0
NH,2003,-0.34596717777600594,-0.5558390484310699,-0.5520657293675535,-0.632546551198449,-0.10510389060631,-0.420299577871345,-0.6135060294600118,-0.3365566445941464,-0.2264911699210134,-0.17441905007072317,0
NH,2004,-0.34596717777600594,-0.5558390484310699,-0.5520657293675535,-0.632546551198449,-0.10510389060631,-0.420299577871345,-0.6135060294600118,-0.3365566445941464,-0.2264911699210134,-0.17441905007072317,0
NH,2005,-0.34596717777600594,-0.5558390484310699,-0.5520657293675535,-0.632546551198449,-0.10510389060631,-0.420299577871345,-0.6135060294600118,-0.3365566445941464,-0.2264911699210134,-0.17441905007072317,0
NH,2006,-0.34596717777600594,-0.5558390484310699,-0.5520657293675535,-0.632546551198449,-0.10510389060631,-0.420299577871345,-0.6135060294600118,-0.3365566445941464,-0.2264911699210134,-0.17441905007072317,0
NH,2007,-0.34596717777600594,-0.5558390484310699,-0.5520657293675535,-0.632546551198449,-0.10510389060631,-0.420299577871345,-0.6135060294600118,-0.3365566445941464,-0.2264911699210134,-0.17441905007072317,0
NH,2008,-0.34596717777600594,-0.5133640174656106,-0.5297162776033333,-0.3236324023649727,-0.10510389060631,-0.3417179949918,-0.6135060294600118,-0.3365566445941464,-0.2264911699210134,-0.17441905007072317,0
NH,2009,-0.34596717777600594,-0.5133640174656106,-0.5073668258391131,-0.632546551198449,-0.10510389060631,-0.3417179949918,-0.6135060294600118,-0.3365566445941464,-0.2264911699210134,-0.17441905007072317,0
NH,2010,-0.34596717777600594,-0.5558390484310699,-0.5520657293675535,-0.632546551198449,-0.10510389060631,-0.420299577871345,-0.6135060294600118,-0.3365566445941464,-0.2264911699210134,-0.17441905007072317,0
NH,2011,-0.34596717777600594,-0.5558390484310699,-0.5520657293675535,-0.632546551198449,-0.10510389060631,-0.420299577871345,-0.6135060294600118,-0.3365566445941464,-0.2264911699210134,-0.17441905007072317,0
NH,2012,-0.34596717777600594,-0.5558390484310699,-0.5520657293675535,-0.632546551198449,-0.10510389060631,-0.420299577871345,-0.6135060294600118,-0.3365566445941464,-0.2264911699210134,-0.17441905007072317,0
NH,2013,-0.34596717777600594,-0.5558390484310699,-0.5520657293675535,-0.632546551198449,-0.10510389060631,-0.420299577871345,-0.6135060294600118,-0.3365566445941464,-0.2264911699210134,-0.17441905007072317,0
NH,2014,-0.34596717777600594,-0.5558390484310699,-0.5520657293675535,-0.632546551198449,-0.10510389060631,-0.420299577871345,-0.6135060294600118,-0.3365566445941464,-0.2264911699210134,-0.17441905007072317,0
NH,2015,-0.34596717777600594,-0.5346015329483402,-0.5297162776033333,-0.632546551198449,-0.10510389060631,-0.3810087864315725,-0.6135060294600118,-0.3365566445941464,-0.2264911699210134,-0.17441905007072317,0
NH,2016,-0.34596717777600594,-0.4708889865001512,-0.4626679223106726,-0.632546551198449,-0.10510389060631,-0.2631364121122551,-0.6135060294600118,-0.3365566445941464,-0.2264911699210134,-0.17441905007072317,0
NH,2017,-0.34596717777600594,-0.5133640174656106,-0.5073668258391131,-0.632546551198449,-0.10510389060631,-0.3417179949918,-0.6135060294600118,-0.3365566445941464,-0.2264911699210134,-0.17441905007072317,0
NJ,1980,-0.34596717777600594,0.6334618186017916,0.6548046659003379,-0.014718253531496415,-0.10510389060631,0.6798425824422846,0.5594161412391528,-0.3365566445941464,-0.2264911699210134,-0.17441905007072317,3
NJ,1981,1.438597982164635,0.4423241792572246,0.4983585035507964,-0.3236324023649727,-0.10510389060631,0.1297715022854698,0.7616441017045261,-0.3365566445941464,-0.2264911699210134,-0.17441905007072317,3
NJ,1982,-0.34596717777600594,0.612224303119062,0.5877563106076773,0.6031100441354562,-0.10510389060631,0.32622545948433224,0.8425352858906754,-0.3365566445941464,-0.2264911699210134,-0.17441905007072317,3
NJ,1983,-0.34596717777600594,0.16623647798173888,0.16311672708749328,-0.014718253531496415,-0.10510389060631,0.011899127966152351,0.316742588680705,-0.3365566445941464,-0.2264911699210134,-0.17441905007072317,0
NJ,1984,-0.34596717777600594,-0.0036636458800984703,-0.03802833879048863,0.29419589530197987,-0.10510389060631,-0.22384562067248256,0.15496022030840645,-0.3365566445941464,-0.2264911699210134,1.3314399826911705,0
NJ,1985,1.438597982164635,0.2299490244299279,0.25251453414437414,-0.014718253531496415,-0.10510389060631,-0.1059732463531651,0.5998617333322275,-0.3365566445941464,-0.2264911699210134,-0.17441905007072317,3
NJ,1986,-0.34596717777600594,0.16623647798173888,0.1854661788517135,-0.3236324023649727,-0.10510389060631,-0.027391663473620136,0.316742588680705,-0.3365566445941464,-0.2264911699210134,-0.17441905007072317,0
NJ,1987,3.223163142105276,0.20871150894719823,0.2301650823801539,0.29419589530197987,-0.10510389060631,0.051189919405924836,0.39763377286685425,1.1442925916200979,-0.2264911699210134,-0.17441905007072317,3
NJ,1988,-0.34596717777600594,0.2936615708781169,0.31956288943703476,-0.3236324023649727,-0.10510389060631,0.051189919405924836,0.5594161412391528,-0.3365566445941464,-0.2264911699210134,-0.17441905007072317,3
NJ,1989,-0.34596717777600594,0.16623647798173888,0.1854661788517135,-0.3236324023649727,-0.10510389060631,0.1297715022854698,0.19540581240148108,-0.3365566445941464,-0.2264911699210134,-0.17441905007072317,0
NJ,1990,-0.34596717777600594,0.33613660184357624,0.29721343767281455,0.29419589530197987,2.759369307111929,0.28693466804455975,0.3571881807737796,-0.3365566445941464,-0.2264911699210134,-0.17441905007072317,3
NJ,1991,-0.34596717777600594,0.48479921022268396,0.4983585035507964,-0.014718253531496415,-0.10510389060631,0.051189919405924836,0.88298087798375,-0.3365566445941464,-0.2264911699210134,-0.17441905007072317,3
NJ,1992,-0.34596717777600594,0.5060367257054136,0.5207079553150167,0.29419589530197987,-0.10510389060631,0.20835308516501477,0.8020896937976008,-0.3365566445941464,-0.2264911699210134,-0.17441905007072317,3
NJ,1993,-0.34596717777600594,0.5485117566708729,0.5430574070792369,0.29419589530197987,-0.10510389060631,-0.1452640377929376,1.0852088384491232,-0.3365566445941464,-0.2264911699210134,2.0843694990721175,3
NJ,1994,1.438597982164635,0.2299490244299279,0.25251453414437414,-0.014718253531496415,-0.10510389060631,-0.027391663473620136,0.4785249570530036,-0.3365566445941464,0.27725167572547926,-0.17441905007072317,3
NJ,1995,-0.34596717777600594,0.39984914829176527,0.4089606964939156,-0.014718253531496415,-0.10510389060631,0.051189919405924836,0.7211985096114515,-0.3365566445941464,-0.2264911699210134,-0.17441905007072317,3
NJ,1996,1.438597982164635,0.25118653991265755,0.27486398590859434,-0.014718253531496415,-0.10510389060631,-0.22384562067248256,0.6807529175183769,-0.3365566445941464,0.27725167572547926,-0.17441905007072317,3
NJ,1997,-0.34596717777600594,0.2724240553953872,0.25251453414437414,0.29419589530197987,-0.10510389060631,0.24764387660478726,0.27629699658763035,-0.3365566445941464,-0.2264911699210134,0.5785104663102237,3
NJ,1998,1.438597982164635,-0.04613867684555781,-0.03802833879048863,-0.014718253531496415,-0.10510389060631,-0.06668245491339263,0.03362344402918252,-0.3365566445941464,-0.2264911699210134,-0.17441905007072317,3
NJ,1999,-0.34596717777600594,-0.1948012852246655,-0.23917340466847054,0.29419589530197987,-0.10510389060631,-0.2631364121122551,-0.0877133322500414,-0.3365566445941464,-0.2264911699210134,-0.17441905007072317,0
NJ,2000,1.438597982164635,-0.23727631619012485,-0.30622175996113116,0.9120241929689324,-0.10510389060631,-0.22384562067248256,-0.16860451643619068,-0.3365566445941464,-0.2264911699210134,-0.17441905007072317,3
NJ,2001,-0.34596717777600594,0.0175738696026312,-0.03802833879048863,0.6031100441354562,-0.10510389060631,-0.18455482923271008,0.23585140449455572,-0.3365566445941464,-0.2264911699210134,-0.17441905007072317,3
NJ,2002,-0.34596717777600594,-0.21603880070739517,-0.2168239529042503,-0.3236324023649727,-0.10510389060631,-0.2631364121122551,-0.12815892434311604,-0.3365566445941464,-0.2264911699210134,-0.17441905007072317,0
NJ,2003,1.438597982164635,-0.02490116136282814,-0.015678887026268417,-0.014718253531496415,-0.10510389060631,-0.1059732463531651,0.1145146282153318,-0.3365566445941464,-0.2264911699210134,-0.17441905007072317,3
NJ,2004,-0.34596717777600594,-0.02490116136282814,0.0066705647379517955,-0.632546551198449,-0.10510389060631,-0.027391663473620136,-0.006822148063892121,-0.3365566445941464,-0.2264911699210134,-0.17441905007072317,0
NJ,2005,-0.34596717777600594,-0.02490116136282814,-0.015678887026268417,-0.3236324023649727,-0.10510389060631,-0.1452640377929376,0.1145146282153318,-0.3365566445941464,-0.2264911699210134,-0.17441905007072317,0
NJ,2006,-0.34596717777600594,-0.0036636458800984703,-0.03802833879048863,-0.014718253531496415,2.759369307111929,-0.22384562067248256,0.19540581240148108,-0.3365566445941464,-0.2264911699210134,0.5785104663102237,0
NJ,2007,-0.34596717777600594,0.2299490244299279,0.25251453414437414,-0.3236324023649727,-0.10510389060631,-0.1059732463531651,0.5594161412391528,-0.3365566445941464,-0.2264911699210134,-0.17441905007072317,0
NJ,2008,-0.34596717777600594,-0.06737619232828748,-0.10507669408314926,0.29419589530197987,-0.10510389060631,-0.06668245491339263,-0.04726774015696676,-0.3365566445941464,-0.2264911699210134,-0.17441905007072317,0
NJ,2009,-0.34596717777600594,-0.0036636458800984703,0.0066705647379517955,-0.3236324023649727,-0.10510389060631,-0.2631364121122551,0.27629699658763035,-0.3365566445941464,-0.2264911699210134,-0.17441905007072317,0
NJ,2010,-0.34596717777600594,-0.10985122329374682,-0.10507669408314926,-0.3236324023649727,-0.10510389060631,-0.22384562067248256,0.03362344402918252,-0.3365566445941464,-0.2264911699210134,-0.17441905007072317,0
NJ,2011,-0.34596717777600594,-0.21603880070739517,-0.1944745011400301,-0.632546551198449,-0.10510389060631,-0.3024272035520275,-0.0877133322500414,-0.3365566445941464,-0.2264911699210134,-0.17441905007072317,0
NJ,2012,-0.34596717777600594,-0.15232625425920615,-0.14977559761158968,-0.3236324023649727,-0.10510389060631,-0.1452640377929376,-0.12815892434311604,-0.3365566445941464,-0.2264911699210134,-0.17441905007072317,0
NJ,2013,-0.34596717777600594,-0.17356376974193582,-0.14977559761158968,-0.632546551198449,-0.10510389060631,-0.420299577871345,0.07406903612225715,-0.3365566445941464,0.27725167572547926,-0.17441905007072317,0
NJ,2014,-0.34596717777600594,-0.42841395553469186,-0.4403184705464524,-0.3236324023649727,-0.10510389060631,-0.3417179949918,-0.45172366108771317,-0.3365566445941464,-0.2264911699210134,-0.17441905007072317,0
NJ,2015,-0.34596717777600594,-0.30098886263831387,-0.30622175996113116,-0.3236324023649727,-0.10510389060631,-0.2631364121122551,-0.2899412927154146,-0.3365566445941464,-0.2264911699210134,-0.17441905007072317,0
NJ,2016,-0.34596717777600594,-0.2585138316728545,-0.26152285643269074,-0.3236324023649727,-0.10510389060631,-0.3024272035520275,-0.16860451643619068,-0.3365566445941464,-0.2264911699210134,-0.17441905007072317,0
NJ,2017,-0.34596717777600594,-0.30098886263831387,-0.28387230819691095,-0.632546551198449,-0.10510389060631,-0.18455482923271008,-0.37083247690156385,-0.3365566445941464,-0.2264911699210134,-0.17441905007072317,0
NM,1980,-0.34596717777600594,-0.42841395553469186,-0.4179690187822322,-0.632546551198449,-0.10510389060631,-0.22384562067248256,-0.573060437366937,-0.3365566445941464,-0.2264911699210134,-0.17441905007072317,0
NM,1982,-0.34596717777600594,-0.4708889865001512,-0.4626679223106726,-0.632546551198449,-0.10510389060631,-0.2631364121122551,-0.6135060294600118,-0.3365566445941464,-0.2264911699210134,-0.17441905007072317,0
NM,1983,-0.34596717777600594,-0.5133640174656106,-0.5073668258391131,-0.632546551198449,-0.10510389060631,-0.3417179949918,-0.6135060294600118,-0.3365566445941464,-0.2264911699210134,-0.17441905007072317,0
NM,1984,-0.34596717777600594,-0.4708889865001512,-0.4626679223106726,-0.632546551198449,-0.10510389060631,-0.2631364121122551,-0.6135060294600118,-0.3365566445941464,-0.2264911699210134,-0.17441905007072317,0
NM,1985,-0.34596717777600594,-0.42841395553469186,-0.4403184705464524,-0.3236324023649727,-0.10510389060631,-0.22384562067248256,-0.573060437366937,-0.3365566445941464,-0.2264911699210134,-0.17441905007072317,0
NM,1986,-0.34596717777600594,-0.1310887387764765,-0.14977559761158968,-0.3236324023649727,-0.10510389060631,0.24764387660478726,-0.6135060294600118,1.1442925916200979,0.27725167572547926,-0.17441905007072317,0
NM,1987,-0.34596717777600594,-0.36470140908650284,-0.35092066348957157,-0.632546551198449,-0.10510389060631,-0.1452640377929376,-0.6135060294600118,1.1442925916200979,-0.2264911699210134,-0.17441905007072317,0
NM,1988,-0.34596717777600594,-0.2797513471555842,-0.26152285643269074,-0.632546551198449,-0.10510389060631,-0.06668245491339263,-0.573060437366937,4.105991064048586,-0.2264911699210134,-0.17441905007072317,0
NM,1989,-0.34596717777600594,-0.4071764400519622,-0.395619567018012,-0.632546551198449,-0.10510389060631,-0.22384562067248256,-0.6135060294600118,1.1442925916200979,-0.2264911699210134,-0.17441905007072317,0
NM,1990,-0.34596717777600594,-0.42841395553469186,-0.4179690187822322,-0.632546551198449,-0.10510389060631,-0.18455482923271008,-0.6135060294600118,-0.3365566445941464,-0.2264911699210134,-0.17441905007072317,0
NM,1991,-0.34596717777600594,-0.36470140908650284,-0.3732701152537918,-0.014718253531496415,-0.10510389060631,-0.06668245491339263,-0.6135060294600118,-0.3365566445941464,-0.2264911699210134,-0.17441905007072317,0
NM,1992,-0.34596717777600594,-0.3859389245692325,-0.3732701152537918,-0.632546551198449,-0.10510389060631,-0.1059732463531651,-0.6135060294600118,-0.3365566445941464,-0.2264911699210134,-0.17441905007072317,0
NM,1993,-0.34596717777600594,-0.4071764400519622,-0.395619567018012,-0.632546551198449,-0.10510389060631,-0.1452640377929376,-0.6135060294600118,-0.3365566445941464,-0.2264911699210134,-0.17441905007072317,0
NM,1994,-0.34596717777600594,-0.06737619232828748,-0.060377790554708835,-0.014718253531496415,-0.10510389060631,0.4833886252434222,-0.6135060294600118,-0.3365566445941464,-0.2264911699210134,-0.17441905007072317,0
NM,1995,-0.34596717777600594,-0.06737619232828748,-0.12742614584736947,0.6031100441354562,-0.10510389060631,0.32622545948433224,-0.573060437366937,1.1442925916200979,-0.2264911699210134,0.5785104663102237,0
NM,1996,-0.34596717777600594,-0.1948012852246655,-0.17212504937580989,-0.632546551198449,-0.10510389060631,0.1297715022854698,-0.573060437366937,1.1442925916200979,-0.2264911699210134,-0.17441905007072317,0
NM,1997,-0.34596717777600594,-0.2585138316728545,-0.23917340466847054,-0.632546551198449,-0.10510389060631,0.1297715022854698,-0.6135060294600118,-0.3365566445941464,-0.2264911699210134,-0.17441905007072317,0
NM,1998,-0.34596717777600594,-0.4071764400519622,-0.395619567018012,-0.632546551198449,-0.10510389060631,-0.22384562067248256,-0.6135060294600118,-0.3365566445941464,0.27725167572547926,-0.17441905007072317,0
NM,1999,1.438597982164635,-0.3434638936037732,-0.32857121172535136,-0.3236324023649727,-0.10510389060631,-0.027391663473620136,-0.6135060294600118,1.1442925916200979,-0.2264911699210134,-0.17441905007072317,0
NM,2000,-0.34596717777600594,-0.4071764400519622,-0.4179690187822322,-0.3236324023649727,-0.10510389060631,-0.18455482923271008,-0.6135060294600118,1.1442925916200979,-0.2264911699210134,-0.17441905007072317,0
NM,2001,-0.34596717777600594,-0.42841395553469186,-0.4403184705464524,-0.3236324023649727,-0.10510389060631,-0.22384562067248256,-0.573060437366937,-0.3365566445941464,-0.2264911699210134,-0.17441905007072317,0
NM,2002,-0.34596717777600594,-0.2797513471555842,-0.26152285643269074,-0.632546551198449,-0.10510389060631,0.051189919405924836,-0.6135060294600118,1.1442925916200979,-0.2264911699210134,-0.17441905007072317,0
NM,2003,-0.34596717777600594,-0.42841395553469186,-0.4179690187822322,-0.632546551198449,-0.10510389060631,-0.2631364121122551,-0.6135060294600118,2.625141827834342,-0.2264911699210134,-0.17441905007072317,0
NM,2004,-0.34596717777600594,-0.30098886263831387,-0.32857121172535136,-0.014718253531496415,-0.10510389060631,0.051189919405924836,-0.6135060294600118,-0.3365566445941464,-0.2264911699210134,-0.17441905007072317,0
NM,2005,-0.34596717777600594,-0.32222637812104354,-0.30622175996113116,-0.632546551198449,-0.10510389060631,-0.027391663473620136,-0.6135060294600118,1.1442925916200979,-0.2264911699210134,-0.17441905007072317,0
NM,2006,-0.34596717777600594,-0.3859389245692325,-0.3732701152537918,-0.632546551198449,-0.10510389060631,-0.1452640377929376,-0.6135060294600118,1.1442925916200979,-0.2264911699210134,-0.17441905007072317,0
NM,2007,-0.34596717777600594,-0.21603880070739517,-0.23917340466847054,-0.014718253531496415,-0.10510389060631,0.20835308516501477,-0.6135060294600118,-0.3365566445941464,-0.2264911699210134,-0.17441905007072317,0
NM,2008,-0.34596717777600594,-0.3859389245692325,-0.3732701152537918,-0.632546551198449,-0.10510389060631,-0.1452640377929376,-0.573060437366937,-0.3365566445941464,-0.2264911699210134,-0.17441905007072317,0
NM,2009,1.438597982164635,-0.32222637812104354,-0.28387230819691095,-0.632546551198449,-0.10510389060631,0.011899127966152351,-0.6135060294600118,1.1442925916200979,-0.2264911699210134,-0.17441905007072317,0
NM,2010,-0.34596717777600594,-0.32222637812104354,-0.32857121172535136,-0.3236324023649727,-0.10510389060631,-0.1059732463531651,-0.5326148452738624,-0.3365566445941464,-0.2264911699210134,-0.17441905007072317,0
NM,2011,-0.34596717777600594,-0.23727631619012485,-0.28387230819691095,0.6031100441354562,-0.10510389060631,0.09048071084569732,-0.6135060294600118,1.1442925916200979,-0.2264911699210134,0.5785104663102237,0
NM,2012,-0.34596717777600594,-0.36470140908650284,-0.4179690187822322,-0.014718253531496415,-0.10510389060631,-0.22384562067248256,-0.6135060294600118,1.1442925916200979,-0.2264911699210134,1.3314399826911705,0
NM,2013,-0.34596717777600594,-0.4921265019828809,-0.5073668258391131,-0.3236324023649727,-0.10510389060631,-0.3024272035520275,-0.6135060294600118,-0.3365566445941464,-0.2264911699210134,-0.17441905007072317,0
NM,2014,-0.34596717777600594,-0.42841395553469186,-0.4626679223106726,-0.014718253531496415,-0.10510389060631,-0.18455482923271008,-0.6135060294600118,-0.3365566445941464,-0.2264911699210134,-0.17441905007072317,0
NM,2015,-0.34596717777600594,-0.23727631619012485,-0.2168239529042503,-0.632546551198449,-0.10510389060631,0.051189919405924836,-0.6135060294600118,2.625141827834342,-0.2264911699210134,-0.17441905007072317,0
NM,2016,-0.34596717777600594,-0.44965147101742153,-0.4626679223106726,-0.3236324023649727,-0.10510389060631,-0.3024272035520275,-0.4921692531807878,-0.3365566445941464,-0.2264911699210134,-0.17441905007072317,0
NM,2017,-0.34596717777600594,-0.5133640174656106,-0.5297162776033333,-0.3236324023649727,-0.10510389060631,-0.3810087864315725,-0.6135060294600118,1.1442925916200979,-0.2264911699210134,-0.17441905007072317,0
NV,1980,-0.34596717777600594,-0.3434638936037732,-0.32857121172535136,-0.632546551198449,-0.10510389060631,-0.06668245491339263,-0.573060437366937,-0.3365566445941464,-0.2264911699210134,-0.17441905007072317,0
NV,1981,-0.34596717777600594,-0.44965147101742153,-0.4626679223106726,-0.3236324023649727,-0.10510389060631,-0.3810087864315725,-0.45172366108771317,-0.3365566445941464,-0.2264911699210134,-0.17441905007072317,0
NV,1982,-0.34596717777600594,-0.42841395553469186,-0.4403184705464524,-0.3236324023649727,-0.10510389060631,-0.3024272035520275,-0.4921692531807878,-0.3365566445941464,-0.2264911699210134,-0.17441905007072317,0
NV,1983,-0.34596717777600594,-0.4708889865001512,-0.4626679223106726,-0.632546551198449,-0.10510389060631,-0.3417179949918,-0.5326148452738624,-0.3365566445941464,-0.2264911699210134,-0.17441905007072317,0
NV,1984,-0.34596717777600594,-0.44965147101742153,-0.4403184705464524,-0.632546551198449,-0.10510389060631,-0.3024272035520275,-0.5326148452738624,-0.3365566445941464,-0.2264911699210134,-0.17441905007072317,0
NV,1985,-0.34596717777600594,-0.3859389245692325,-0.395619567018012,-0.3236324023649727,-0.10510389060631,-0.2631364121122551,-0.45172366108771317,-0.3365566445941464,-0.2264911699210134,-0.17441905007072317,0
NV,1986,-0.34596717777600594,-0.4071764400519622,-0.4179690187822322,-0.3236324023649727,-0.10510389060631,-0.22384562067248256,-0.6135060294600118,1.1442925916200979,0.27725167572547926,-0.17441905007072317,0
NV,1987,-0.34596717777600594,-0.4921265019828809,-0.4850173740748928,-0.632546551198449,-0.10510389060631,-0.3024272035520275,-0.6135060294600118,-0.3365566445941464,-0.2264911699210134,-0.17441905007072317,0
NV,1988,-0.34596717777600594,-0.30098886263831387,-0.28387230819691095,-0.632546551198449,-0.10510389060631,-0.06668245491339263,-0.5326148452738624,-0.3365566445941464,-0.2264911699210134,-0.17441905007072317,0
NV,1989,-0.34596717777600594,-0.4071764400519622,-0.4179690187822322,-0.3236324023649727,-0.10510389060631,-0.2631364121122551,-0.4921692531807878,-0.3365566445941464,-0.2264911699210134,-0.17441905007072317,0
NV,1990,-0.34596717777600594,-0.3859389245692325,-0.395619567018012,-0.3236324023649727,-0.10510389060631,-0.3024272035520275,-0.41127806899463853,-0.3365566445941464,-0.2264911699210134,-0.17441905007072317,0
NV,1991,-0.34596717777600594,-0.4071764400519622,-0.395619567018012,-0.632546551198449,-0.10510389060631,-0.18455482923271008,-0.573060437366937,-0.3365566445941464,-0.2264911699210134,-0.17441905007072317,0
NV,1992,-0.34596717777600594,-0.3859389245692325,-0.395619567018012,-0.3236324023649727,-0.10510389060631,-0.1059732463531651,-0.6135060294600118,-0.3365566445941464,-0.2264911699210134,-0.17441905007072317,0
NV,1993,-0.34596717777600594,-0.3859389245692325,-0.3732701152537918,-0.632546551198449,-0.10510389060631,-0.3024272035520275,-0.4921692531807878,-0.3365566445941464,0.27725167572547926,-0.17441905007072317,0
NV,1994,-0.34596717777600594,-0.23727631619012485,-0.23917340466847054,-0.3236324023649727,-0.10510389060631,-0.027391663473620136,-0.41127806899463853,-0.3365566445941464,-0.2264911699210134,-0.17441905007072317,0
NV,1995,-0.34596717777600594,-0.36470140908650284,-0.3732701152537918,-0.3236324023649727,-0.10510389060631,-0.3810087864315725,-0.3303868848084892,1.1442925916200979,-0.2264911699210134,-0.17441905007072317,0
NV,1996,-0.34596717777600594,-0.10985122329374682,-0.17212504937580989,0.6031100441354562,-0.10510389060631,0.09048071084569732,-0.2899412927154146,-0.3365566445941464,-0.2264911699210134,-0.17441905007072317,0
NV,1997,-0.34596717777600594,-0.3859389245692325,-0.3732701152537918,-0.632546551198449,-0.10510389060631,-0.18455482923271008,-0.5326148452738624,-0.3365566445941464,-0.2264911699210134,-0.17441905007072317,0
NV,1998,-0.34596717777600594,-0.08861370781101716,-0.12742614584736947,0.29419589530197987,-0.10510389060631,-0.1452640377929376,-0.2090501085292653,7.067689536477075,-0.2264911699210134,-0.17441905007072317,0
NV,1999,-0.34596717777600594,-0.3434638936037732,-0.32857121172535136,-0.632546551198449,-0.10510389060631,-0.06668245491339263,-0.573060437366937,-0.3365566445941464,-0.2264911699210134,-0.17441905007072317,0
NV,2000,-0.34596717777600594,-0.32222637812104354,-0.32857121172535136,-0.3236324023649727,-0.10510389060631,-0.1059732463531651,-0.4921692531807878,-0.3365566445941464,-0.2264911699210134,-0.17441905007072317,0
NV,2001,-0.34596717777600594,-0.3859389245692325,-0.395619567018012,-0.3236324023649727,-0.10510389060631,-0.3024272035520275,-0.41127806899463853,-0.3365566445941464,-0.2264911699210134,-0.17441905007072317,0
NV,2002,-0.34596717777600594,-0.36470140908650284,-0.35092066348957157,-0.632546551198449,-0.10510389060631,-0.1452640377929376,-0.573060437366937,-0.3365566445941464,0.27725167572547926,-0.17441905007072317,0
NV,2003,-0.34596717777600594,-0.44965147101742153,-0.4626679223106726,-0.3236324023649727,-0.10510389060631,-0.3024272035520275,-0.5326148452738624,-0.3365566445941464,-0.2264911699210134,-0.17441905007072317,0
NV,2004,-0.34596717777600594,-0.42841395553469186,-0.4179690187822322,-0.632546551198449,-0.10510389060631,-0.3024272035520275,-0.4921692531807878,-0.3365566445941464,-0.2264911699210134,-0.17441905007072317,0
NV,2005,-0.34596717777600594,-0.3434638936037732,-0.3732701152537918,-0.014718253531496415,-0.10510389060631,-0.3024272035520275,-0.37083247690156385,-0.3365566445941464,0.27725167572547926,-0.17441905007072317,0
NV,2006,-0.34596717777600594,-0.42841395553469186,-0.4179690187822322,-0.632546551198449,-0.10510389060631,-0.3024272035520275,-0.4921692531807878,-0.3365566445941464,-0.2264911699210134,-0.17441905007072317,0
NV,2007,-0.34596717777600594,-0.30098886263831387,-0.30622175996113116,-0.3236324023649727,-0.10510389060631,-0.18455482923271008,-0.37083247690156385,-0.3365566445941464,-0.2264911699210134,-0.17441905007072317,0
NV,2008,-0.34596717777600594,-0.3859389245692325,-0.3732701152537918,-0.632546551198449,-0.10510389060631,-0.18455482923271008,-0.5326148452738624,-0.3365566445941464,-0.2264911699210134,-0.17441905007072317,0
NV,2009,-0.34596717777600594,-0.2585138316728545,-0.28387230819691095,-0.014718253531496415,-0.10510389060631,-0.1059732463531651,-0.45172366108771317,-0.3365566445941464,0.7809945213719719,-0.17441905007072317,0
NV,2010,-0.34596717777600594,-0.4921265019828809,-0.4850173740748928,-0.632546551198449,-0.10510389060631,-0.3024272035520275,-0.6135060294600118,-0.3365566445941464,-0.2264911699210134,-0.17441905007072317,0
NV,2011,-0.34596717777600594,-0.4708889865001512,-0.4626679223106726,-0.632546551198449,-0.10510389060631,-0.3024272035520275,-0.573060437366937,-0.3365566445941464,-0.2264911699210134,-0.17441905007072317,0
NV,2012,-0.34596717777600594,-0.42841395553469186,-0.4403184705464524,-0.3236324023649727,-0.10510389060631,-0.2631364121122551,-0.5326148452738624,-0.3365566445941464,-0.2264911699210134,-0.17441905007072317,0
NV,2013,-0.34596717777600594,-0.4708889865001512,-0.4626679223106726,-0.632546551198449,-0.10510389060631,-0.3024272035520275,-0.6135060294600118,-0.3365566445941464,-0.2264911699210134,0.5785104663102237,0
NV,2014,-0.34596717777600594,-0.32222637812104354,-0.30622175996113116,-0.632546551198449,-0.10510389060631,-0.1452640377929376,-0.45172366108771317,-0.3365566445941464,-0.2264911699210134,-0.17441905007072317,0
NV,2015,-0.34596717777600594,-0.42841395553469186,-0.4179690187822322,-0.632546551198449,-0.10510389060631,-0.3024272035520275,-0.5326148452738624,1.1442925916200979,-0.2264911699210134,-0.17441905007072317,0
NV,2016,-0.34596717777600594,-0.44965147101742153,-0.4403184705464524,-0.632546551198449,-0.10510389060631,-0.3024272035520275,-0.6135060294600118,-0.3365566445941464,0.7809945213719719,-0.17441905007072317,0
NV,2017,-0.34596717777600594,-0.4071764400519622,-0.395619567018012,-0.632546551198449,-0.10510389060631,-0.22384562067248256,-0.5326148452738624,-0.3365566445941464,-0.2264911699210134,-0.17441905007072317,0
NY,1980,3.223163142105276,2.6297882739783804,2.4874597105663954,4.310079830137171,-0.10510389060631,0.6012609995627396,2.8243692984513324,-0.3365566445941464,-0.2264911699210134,30.695691121548098,4
NY,1981,-0.34596717777600594,2.523600696564732,2.442760807037955,2.76550908596979,-0.10510389060631,1.8978571170752316,2.6221413379859593,-0.3365566445941464,-0.2264911699210134,4.343158048214957,1
NY,1982,6.792293461986558,2.608550758495651,2.532158614094836,4.0011656813036955,-0.10510389060631,2.683672945870681,2.217685417055213,-0.3365566445941464,1.7884802126649573,-0.17441905007072317,1
NY,1983,5.007728302045917,2.523600696564732,2.3310135482168537,5.236822276637601,-0.10510389060631,2.2121834485934118,2.54125015379981,-0.3365566445941464,1.2847373670184647,-0.17441905007072317,1
NY,1984,1.438597982164635,1.504199953393708,1.5264332847049262,0.9120241929689324,-0.10510389060631,1.347786036918417,1.5301103514729442,-0.3365566445941464,0.27725167572547926,-0.17441905007072317,3
NY,1985,-0.34596717777600594,1.37677486049733,1.392336574119605,0.6031100441354562,-0.10510389060631,1.2692044540388718,1.327882391007571,-0.3365566445941464,-0.2264911699210134,-0.17441905007072317,3
NY,1986,1.438597982164635,2.1413254178755983,1.9957717717535506,3.383337383636743,2.759369307111929,1.5835307855570517,2.2581310091482876,-0.3365566445941464,2.29222305831145,0.5785104663102237,1
NY,1987,5.007728302045917,2.0988503869101387,2.129868482338872,1.8387666394693614,2.759369307111929,1.7014031598763693,2.217685417055213,-0.3365566445941464,1.7884802126649573,-0.17441905007072317,1
NY,1988,-0.34596717777600594,2.5873132430129213,2.576857517623276,1.8387666394693614,-0.10510389060631,1.5049492026775069,3.309716403568228,-0.3365566445941464,0.27725167572547926,0.5785104663102237,1
NY,1989,1.438597982164635,2.1838004488410574,2.1745673858673125,1.8387666394693614,-0.10510389060631,1.2692044540388718,2.662586930079034,-0.3365566445941464,1.7884802126649573,1.3314399826911705,1
NY,1990,1.438597982164635,3.9677517493903496,3.962523527004929,3.0744232348032665,-0.10510389060631,1.9764386999547767,5.372441600315035,-0.3365566445941464,0.7809945213719719,1.3314399826911705,1
NY,1991,-0.34596717777600594,2.5448382120474617,2.4204113552737345,3.383337383636743,-0.10510389060631,1.1513320797195545,3.431053179847452,-0.3365566445941464,1.7884802126649573,1.3314399826911705,1
NY,1992,3.223163142105276,2.3749380881856244,2.5098091623306154,0.29419589530197987,-0.10510389060631,1.2692044540388718,2.8243692984513324,1.1442925916200979,4.30719444089742,1.3314399826911705,1
NY,1993,1.438597982164635,2.162562933358328,2.129868482338872,2.1476807883028375,-0.10510389060631,1.2692044540388718,2.743478114265183,2.625141827834342,0.27725167572547926,-0.17441905007072317,1
NY,1994,-0.34596717777600594,1.759050139186464,1.816976157639789,0.29419589530197987,-0.10510389060631,0.954878122520692,2.3794677854275115,-0.3365566445941464,-0.2264911699210134,-0.17441905007072317,3
NY,1995,-0.34596717777600594,1.1431621901873037,1.1017937011847423,1.2209383418024087,-0.10510389060631,0.6012609995627396,1.449219167286795,1.1442925916200979,-0.2264911699210134,1.3314399826911705,3
NY,1996,1.438597982164635,1.1006871592218443,1.079444249420522,0.9120241929689324,-0.10510389060631,0.7584241653218295,1.327882391007571,-0.3365566445941464,0.27725167572547926,-0.17441905007072317,3
NY,1997,1.438597982164635,0.7821244269808993,0.7665519247214391,0.9120241929689324,-0.10510389060631,0.4440978338036497,0.9234264700768247,-0.3365566445941464,-0.2264911699210134,2.0843694990721175,3
NY,1998,-0.34596717777600594,0.5909867876363323,0.5207079553150167,0.9120241929689324,-0.10510389060631,0.09048071084569732,0.7616441017045261,-0.3365566445941464,0.7809945213719719,2.8372990154530644,3
NY,1999,1.438597982164635,0.6971743650499806,0.6995035694287783,0.6031100441354562,-0.10510389060631,0.4833886252434222,0.7211985096114515,2.625141827834342,-0.2264911699210134,1.3314399826911705,3
NY,2000,-0.34596717777600594,0.7184118805327103,0.6324552141361177,1.2209383418024087,-0.10510389060631,0.28693466804455975,1.004317654262974,-0.3365566445941464,-0.2264911699210134,0.5785104663102237,3
NY,2001,-0.34596717777600594,0.4423241792572246,0.27486398590859434,2.1476807883028375,-0.10510389060631,0.28693466804455975,0.5594161412391528,-0.3365566445941464,-0.2264911699210134,-0.17441905007072317,3
NY,2002,1.438597982164635,0.4635616947399543,0.4760090517865762,0.29419589530197987,-0.10510389060631,0.5619702081229672,0.19540581240148108,-0.3365566445941464,0.27725167572547926,2.0843694990721175,3
NY,2003,-0.34596717777600594,0.25118653991265755,0.2301650823801539,0.29419589530197987,-0.10510389060631,-0.027391663473620136,0.5594161412391528,-0.3365566445941464,-0.2264911699210134,-0.17441905007072317,3
NY,2004,-0.34596717777600594,0.6334618186017916,0.5430574070792369,1.529852490635885,-0.10510389060631,0.5226794166831947,0.6807529175183769,-0.3365566445941464,-0.2264911699210134,0.5785104663102237,3
NY,2005,-0.34596717777600594,0.3786116328090356,0.34191234120125497,0.6031100441354562,-0.10510389060631,0.011899127966152351,0.7211985096114515,-0.3365566445941464,-0.2264911699210134,-0.17441905007072317,3
NY,2006,-0.34596717777600594,1.37677486049733,1.3699871223553848,0.9120241929689324,-0.10510389060631,0.8762965396411471,1.5301103514729442,-0.3365566445941464,1.7884802126649573,0.5785104663102237,3
NY,2007,-0.34596717777600594,0.5909867876363323,0.5654068588434571,0.6031100441354562,-0.10510389060631,-0.06668245491339263,1.206545614728347,-0.3365566445941464,-0.2264911699210134,-0.17441905007072317,3
NY,2008,-0.34596717777600594,0.6334618186017916,0.5430574070792369,1.529852490635885,-0.10510389060631,0.16906229372524229,1.0447632463560486,-0.3365566445941464,-0.2264911699210134,-0.17441905007072317,3
NY,2009,-0.34596717777600594,0.3573741173263059,0.31956288943703476,0.6031100441354562,-0.10510389060631,0.1297715022854698,0.5189705491460782,-0.3365566445941464,0.27725167572547926,-0.17441905007072317,3
NY,2010,-0.34596717777600594,0.31489908636084657,0.25251453414437414,0.9120241929689324,-0.10510389060631,0.24764387660478726,0.3571881807737796,-0.3365566445941464,-0.2264911699210134,-0.17441905007072317,3
NY,2011,-0.34596717777600594,0.5485117566708729,0.4313101482581358,0.9120241929689324,8.488315702548407,0.32622545948433224,0.4785249570530036,-0.3365566445941464,0.7809945213719719,2.8372990154530644,4
NY,2012,-0.34596717777600594,0.16623647798173888,0.051369468266392215,0.29419589530197987,11.352788900266647,-0.027391663473620136,0.19540581240148108,-0.3365566445941464,-0.2264911699210134,2.8372990154530644,4
NY,2013,5.007728302045917,0.08128641605082021,0.09606837179483264,-0.014718253531496415,5.6238425048301695,-0.18455482923271008,0.39763377286685425,-0.3365566445941464,-0.2264911699210134,1.3314399826911705,3
NY,2014,-0.34596717777600594,0.06004890056809054,0.0066705647379517955,0.29419589530197987,2.759369307111929,-0.1059732463531651,0.1145146282153318,-0.3365566445941464,0.27725167572547926,1.3314399826911705,3
NY,2015,-0.34596717777600594,0.14499896249900923,0.07371892003061242,0.9120241929689324,-0.10510389060631,-0.1059732463531651,0.3571881807737796,-0.3365566445941464,-0.2264911699210134,0.5785104663102237,3
NY,2016,-0.34596717777600594,-0.10985122329374682,-0.08272724231892904,-0.632546551198449,-0.10510389060631,-0.1452640377929376,-0.04726774015696676,-0.3365566445941464,-0.2264911699210134,-0.17441905007072317,0
NY,2017,-0.34596717777600594,-0.04613867684555781,-0.08272724231892904,0.29419589530197987,-0.10510389060631,-0.1452640377929376,0.03362344402918252,-0.3365566445941464,-0.2264911699210134,-0.17441905007072317,0
OH,1980,1.438597982164635,0.5060367257054136,0.4760090517865762,0.9120241929689324,-0.10510389060631,0.9155873310809195,0.07406903612225715,-0.3365566445941464,-0.2264911699210134,-0.17441905007072317,3
OH,1981,-0.34596717777600594,0.14499896249900923,-0.03802833879048863,2.456594937136314,-0.10510389060631,0.3655162509241047,-0.0877133322500414,-0.3365566445941464,-0.2264911699210134,-0.17441905007072317,3
OH,1982,3.223163142105276,0.08128641605082021,0.051369468266392215,0.9120241929689324,-0.10510389060631,0.32622545948433224,-0.04726774015696676,-0.3365566445941464,-0.2264911699210134,-0.17441905007072317,3
OH,1983,-0.34596717777600594,-0.04613867684555781,-0.12742614584736947,0.6031100441354562,-0.10510389060631,0.1297715022854698,-0.2090501085292653,-0.3365566445941464,-0.2264911699210134,-0.17441905007072317,0
OH,1984,-0.34596717777600594,-0.04613867684555781,-0.03802833879048863,-0.3236324023649727,-0.10510389060631,0.1297715022854698,-0.2899412927154146,-0.3365566445941464,0.7809945213719719,-0.17441905007072317,0
OH,1985,-0.34596717777600594,0.06004890056809054,0.0066705647379517955,0.6031100441354562,-0.10510389060631,0.1297715022854698,-0.006822148063892121,-0.3365566445941464,-0.2264911699210134,-0.17441905007072317,0
OH,1986,-0.34596717777600594,0.16623647798173888,0.07371892003061242,1.2209383418024087,-0.10510389060631,0.32622545948433224,-0.006822148063892121,-0.3365566445941464,-0.2264911699210134,-0.17441905007072317,3
OH,1987,1.438597982164635,0.14499896249900923,0.11841782355905285,0.29419589530197987,-0.10510389060631,0.09048071084569732,0.23585140449455572,-0.3365566445941464,-0.2264911699210134,-0.17441905007072317,3
OH,1988,1.438597982164635,0.10252393153354988,-0.03802833879048863,2.1476807883028375,-0.10510389060631,-0.027391663473620136,0.27629699658763035,-0.3365566445941464,-0.2264911699210134,-0.17441905007072317,3
OH,1989,1.438597982164635,0.14499896249900923,0.14076727532327307,0.29419589530197987,-0.10510389060631,0.09048071084569732,0.23585140449455572,-0.3365566445941464,-0.2264911699210134,-0.17441905007072317,3
OH,1990,1.438597982164635,0.39984914829176527,0.34191234120125497,0.9120241929689324,-0.10510389060631,0.16906229372524229,0.5594161412391528,1.1442925916200979,-0.2264911699210134,-0.17441905007072317,3
OH,1991,1.438597982164635,0.6971743650499806,0.6995035694287783,0.6031100441354562,-0.10510389060631,-0.027391663473620136,1.4087735751937203,-0.3365566445941464,-0.2264911699210134,-0.17441905007072317,3
OH,1992,1.438597982164635,1.2493497676009522,1.1464926047131827,2.456594937136314,-0.10510389060631,0.011899127966152351,2.298576601241362,-0.3365566445941464,-0.2264911699210134,2.0843694990721175,3
OH,1993,-0.34596717777600594,1.1431621901873037,1.1911915082416231,-0.014718253531496415,-0.10510389060631,0.051189919405924836,2.1367942328690637,-0.3365566445941464,-0.2264911699210134,-0.17441905007072317,3
OH,1994,1.438597982164635,1.2281122521182224,1.168842056477403,1.8387666394693614,-0.10510389060631,0.24764387660478726,2.0559030486829144,-0.3365566445941464,-0.2264911699210134,1.3314399826911705,3
OH,1995,-0.34596717777600594,0.994499581808196,0.9900464423636411,0.29419589530197987,-0.10510389060631,0.011899127966152351,1.894120680310616,-0.3365566445941464,-0.2264911699210134,-0.17441905007072317,3
OH,1996,-0.34596717777600594,0.867074488911818,0.8112508282498795,1.2209383418024087,-0.10510389060631,0.051189919405924836,1.5705559435660188,-0.3365566445941464,0.27725167572547926,-0.17441905007072317,3
OH,1997,1.438597982164635,0.5272742411881433,0.5654068588434571,0.29419589530197987,-0.10510389060631,0.7584241653218295,0.316742588680705,-0.3365566445941464,-0.2264911699210134,-0.17441905007072317,3
OH,1998,1.438597982164635,0.18747399346446855,0.14076727532327307,0.9120241929689324,-0.10510389060631,-0.1452640377929376,0.4785249570530036,-0.3365566445941464,-0.2264911699210134,0.5785104663102237,3
OH,1999,-0.34596717777600594,-0.23727631619012485,-0.2168239529042503,-0.632546551198449,-0.10510389060631,-0.22384562067248256,-0.2090501085292653,-0.3365566445941464,-0.2264911699210134,-0.17441905007072317,0
OH,2000,-0.34596717777600594,-0.02490116136282814,-0.08272724231892904,0.9120241929689324,-0.10510389060631,0.16906229372524229,-0.2090501085292653,-0.3365566445941464,-0.2264911699210134,-0.17441905007072317,0
OH,2001,1.438597982164635,0.08128641605082021,0.029020016502172008,0.9120241929689324,-0.10510389060631,-0.18455482923271008,0.39763377286685425,-0.3365566445941464,-0.2264911699210134,-0.17441905007072317,3
OH,2002,-0.34596717777600594,-0.04613867684555781,-0.10507669408314926,0.29419589530197987,-0.10510389060631,0.1297715022854698,-0.2090501085292653,-0.3365566445941464,-0.2264911699210134,-0.17441905007072317,0
OH,2003,-0.34596717777600594,0.06004890056809054,-0.015678887026268417,0.9120241929689324,-0.10510389060631,0.1297715022854698,-0.006822148063892121,-0.3365566445941464,-0.2264911699210134,-0.17441905007072317,3
OH,2004,1.438597982164635,0.06004890056809054,0.07371892003061242,-0.014718253531496415,-0.10510389060631,-0.18455482923271008,0.316742588680705,-0.3365566445941464,-0.2264911699210134,0.5785104663102237,3
OH,2005,1.438597982164635,0.2936615708781169,0.29721343767281455,0.29419589530197987,-0.10510389060631,-0.06668245491339263,0.6403073254253021,-0.3365566445941464,-0.2264911699210134,-0.17441905007072317,3
OH,2006,-0.34596717777600594,0.25118653991265755,0.2301650823801539,0.29419589530197987,-0.10510389060631,-0.1059732463531651,0.5189705491460782,-0.3365566445941464,-0.2264911699210134,0.5785104663102237,3
OH,2007,1.438597982164635,0.5485117566708729,0.4983585035507964,0.9120241929689324,-0.10510389060631,0.09048071084569732,0.9638720621698993,-0.3365566445941464,-0.2264911699210134,0.5785104663102237,3
OH,2008,-0.34596717777600594,0.675936849567251,0.6995035694287783,-0.3236324023649727,2.759369307111929,-0.1452640377929376,1.3683279831006456,-0.3365566445941464,-0.2264911699210134,1.3314399826911705,3
OH,2009,1.438597982164635,0.06004890056809054,0.051369468266392215,0.29419589530197987,-0.10510389060631,-0.18455482923271008,0.27629699658763035,-0.3365566445941464,0.27725167572547926,-0.17441905007072317,3
OH,2010,-0.34596717777600594,0.14499896249900923,0.1854661788517135,-0.632546551198449,-0.10510389060631,-0.3024272035520275,0.5998617333322275,-0.3365566445941464,-0.2264911699210134,-0.17441905007072317,0
OH,2011,1.438597982164635,0.10252393153354988,0.051369468266392215,0.9120241929689324,-0.10510389060631,-0.06668245491339263,0.316742588680705,-0.3365566445941464,-0.2264911699210134,-0.17441905007072317,3
OH,2012,-0.34596717777600594,-0.06737619232828748,-0.14977559761158968,0.9120241929689324,-0.10510389060631,-0.1059732463531651,-0.006822148063892121,-0.3365566445941464,-0.2264911699210134,-0.17441905007072317,0
OH,2013,-0.34596717777600594,-0.15232625425920615,-0.14977559761158968,-0.3236324023649727,-0.10510389060631,-0.3417179949918,0.03362344402918252,-0.3365566445941464,-0.2264911699210134,0.5785104663102237,0
OH,2014,1.438597982164635,0.10252393153354988,0.09606837179483264,0.29419589530197987,-0.10510389060631,-0.22384562067248256,0.4785249570530036,-0.3365566445941464,-0.2264911699210134,-0.17441905007072317,3
OH,2015,-0.34596717777600594,-0.06737619232828748,-0.10507669408314926,0.29419589530197987,-0.10510389060631,-0.2631364121122551,0.15496022030840645,-0.3365566445941464,-0.2264911699210134,-0.17441905007072317,0
OH,2016,-0.34596717777600594,0.18747399346446855,0.14076727532327307,0.6031100441354562,-0.10510389060631,-0.1452640377929376,0.5189705491460782,-0.3365566445941464,-0.2264911699210134,-0.17441905007072317,3
OH,2017,-0.34596717777600594,0.3786116328090356,0.2301650823801539,2.1476807883028375,-0.10510389060631,0.16906229372524229,0.5189705491460782,-0.3365566445941464,-0.2264911699210134,-0.17441905007072317,3
OK,1980,1.438597982164635,-0.32222637812104354,-0.30622175996113116,-0.3236324023649727,-0.10510389060631,-0.1059732463531651,-0.45172366108771317,-0.3365566445941464,-0.2264911699210134,-0.17441905007072317,0
OK,1981,-0.34596717777600594,-0.2585138316728545,-0.30622175996113116,0.29419589530197987,-0.10510389060631,-0.027391663473620136,-0.45172366108771317,-0.3365566445941464,-0.2264911699210134,-0.17441905007072317,0
OK,1982,-0.34596717777600594,-0.42841395553469186,-0.4403184705464524,-0.3236324023649727,-0.10510389060631,-0.18455482923271008,-0.6135060294600118,-0.3365566445941464,-0.2264911699210134,-0.17441905007072317,0
OK,1983,-0.34596717777600594,-0.1948012852246655,-0.35092066348957157,1.8387666394693614,-0.10510389060631,0.09048071084569732,-0.4921692531807878,1.1442925916200979,-0.2264911699210134,-0.17441905007072317,0
OK,1984,-0.34596717777600594,-0.32222637812104354,-0.30622175996113116,-0.632546551198449,-0.10510389060631,-0.1452640377929376,-0.4921692531807878,-0.3365566445941464,-0.2264911699210134,-0.17441905007072317,0
OK,1985,-0.34596717777600594,-0.4071764400519622,-0.4179690187822322,-0.3236324023649727,-0.10510389060631,-0.2631364121122551,-0.4921692531807878,-0.3365566445941464,-0.2264911699210134,-0.17441905007072317,0
OK,1986,-0.34596717777600594,-0.0036636458800984703,-0.015678887026268417,-0.014718253531496415,-0.10510389060631,0.24764387660478726,-0.37083247690156385,2.625141827834342,-0.2264911699210134,-0.17441905007072317,0
OK,1987,-0.34596717777600594,-0.2585138316728545,-0.35092066348957157,0.9120241929689324,-0.10510389060631,-0.06668245491339263,-0.41127806899463853,-0.3365566445941464,-0.2264911699210134,-0.17441905007072317,0
OK,1988,1.438597982164635,-0.08861370781101716,-0.08272724231892904,-0.014718253531496415,-0.10510389060631,0.011899127966152351,-0.12815892434311604,-0.3365566445941464,-0.2264911699210134,-0.17441905007072317,3
OK,1989,-0.34596717777600594,-0.06737619232828748,-0.08272724231892904,-0.014718253531496415,-0.10510389060631,0.09048071084569732,-0.2899412927154146,2.625141827834342,-0.2264911699210134,-0.17441905007072317,0
OK,1990,1.438597982164635,-0.02490116136282814,-0.015678887026268417,-0.014718253531496415,-0.10510389060631,0.011899127966152351,-0.006822148063892121,-0.3365566445941464,-0.2264911699210134,-0.17441905007072317,3
OK,1991,-0.34596717777600594,-0.0036636458800984703,-0.03802833879048863,0.29419589530197987,-0.10510389060631,-0.027391663473620136,-0.006822148063892121,1.1442925916200979,-0.2264911699210134,-0.17441905007072317,0
OK,1992,-0.34596717777600594,0.2299490244299279,0.16311672708749328,0.9120241929689324,-0.10510389060631,0.011899127966152351,0.316742588680705,2.625141827834342,-0.2264911699210134,-0.17441905007072317,3
OK,1993,1.438597982164635,0.25118653991265755,0.27486398590859434,-0.014718253531496415,-0.10510389060631,0.011899127966152351,0.5189705491460782,-0.3365566445941464,-0.2264911699210134,-0.17441905007072317,3
OK,1994,-0.34596717777600594,0.39984914829176527,0.2301650823801539,2.456594937136314,-0.10510389060631,0.5619702081229672,0.1145146282153318,2.625141827834342,-0.2264911699210134,-0.17441905007072317,3
OK,1995,-0.34596717777600594,0.10252393153354988,0.07371892003061242,0.29419589530197987,-0.10510389060631,0.1297715022854698,-0.12815892434311604,7.067689536477075,-0.2264911699210134,-0.17441905007072317,0
OK,1996,-0.34596717777600594,0.03881138508536087,0.051369468266392215,-0.3236324023649727,-0.10510389060631,-0.1059732463531651,-0.04726774015696676,4.105991064048586,1.2847373670184647,-0.17441905007072317,0
OK,1997,1.438597982164635,-0.02490116136282814,-0.03802833879048863,0.29419589530197987,-0.10510389060631,-0.027391663473620136,0.03362344402918252,-0.3365566445941464,-0.2264911699210134,-0.17441905007072317,3
OK,1998,-0.34596717777600594,0.03881138508536087,0.0066705647379517955,0.29419589530197987,-0.10510389060631,0.16906229372524229,-0.12815892434311604,1.1442925916200979,-0.2264911699210134,-0.17441905007072317,0
OK,1999,-0.34596717777600594,-0.02490116136282814,-0.08272724231892904,0.6031100441354562,-0.10510389060631,-0.22384562067248256,0.15496022030840645,1.1442925916200979,-0.2264911699210134,-0.17441905007072317,0
OK,2000,-0.34596717777600594,-0.15232625425920615,-0.28387230819691095,1.529852490635885,-0.10510389060631,-0.06668245491339263,-0.37083247690156385,5.586840300262831,-0.2264911699210134,-0.17441905007072317,0
OK,2001,-0.34596717777600594,-0.17356376974193582,-0.2168239529042503,0.29419589530197987,-0.10510389060631,-0.06668245491339263,-0.37083247690156385,2.625141827834342,0.27725167572547926,-0.17441905007072317,0
OK,2002,1.438597982164635,-0.21603880070739517,-0.23917340466847054,0.29419589530197987,-0.10510389060631,-0.06668245491339263,-0.2899412927154146,-0.3365566445941464,-0.2264911699210134,-0.17441905007072317,3
OK,2003,-0.34596717777600594,-0.2797513471555842,-0.32857121172535136,0.29419589530197987,-0.10510389060631,-0.18455482923271008,-0.3303868848084892,-0.3365566445941464,-0.2264911699210134,-0.17441905007072317,0
OK,2004,-0.34596717777600594,-0.3859389245692325,-0.3732701152537918,-0.632546551198449,-0.10510389060631,-0.2631364121122551,-0.4921692531807878,1.1442925916200979,-0.2264911699210134,-0.17441905007072317,0
OK,2005,-0.34596717777600594,-0.3434638936037732,-0.35092066348957157,-0.3236324023649727,-0.10510389060631,-0.18455482923271008,-0.4921692531807878,1.1442925916200979,-0.2264911699210134,-0.17441905007072317,0
OK,2006,-0.34596717777600594,-0.1948012852246655,-0.1944745011400301,-0.3236324023649727,-0.10510389060631,-0.2631364121122551,-0.16860451643619068,-0.3365566445941464,-0.2264911699210134,1.3314399826911705,0
OK,2007,-0.34596717777600594,-0.23727631619012485,-0.32857121172535136,0.9120241929689324,-0.10510389060631,-0.2631364121122551,-0.2090501085292653,1.1442925916200979,-0.2264911699210134,-0.17441905007072317,0
OK,2008,-0.34596717777600594,0.0175738696026312,-0.03802833879048863,0.6031100441354562,-0.10510389060631,0.09048071084569732,-0.0877133322500414,1.1442925916200979,-0.2264911699210134,-0.17441905007072317,0
OK,2009,-0.34596717777600594,-0.10985122329374682,-0.10507669408314926,-0.3236324023649727,-0.10510389060631,-0.22384562067248256,-0.04726774015696676,2.625141827834342,-0.2264911699210134,-0.17441905007072317,0
OK,2010,-0.34596717777600594,-0.21603880070739517,-0.1944745011400301,-0.632546551198449,-0.10510389060631,-0.3024272035520275,-0.12815892434311604,-0.3365566445941464,-0.2264911699210134,-0.17441905007072317,0
OK,2011,-0.34596717777600594,-0.23727631619012485,-0.23917340466847054,-0.3236324023649727,-0.10510389060631,-0.1452640377929376,-0.3303868848084892,1.1442925916200979,-0.2264911699210134,-0.17441905007072317,0
OK,2012,-0.34596717777600594,-0.3434638936037732,-0.3732701152537918,-0.014718253531496415,-0.10510389060631,-0.3024272035520275,-0.41127806899463853,2.625141827834342,-0.2264911699210134,-0.17441905007072317,0
OK,2013,-0.34596717777600594,-0.32222637812104354,-0.32857121172535136,-0.3236324023649727,-0.10510389060631,-0.2631364121122551,-0.3303868848084892,-0.3365566445941464,-0.2264911699210134,-0.17441905007072317,0
OK,2014,-0.34596717777600594,-0.30098886263831387,-0.35092066348957157,0.29419589530197987,-0.10510389060631,-0.1452640377929376,-0.4921692531807878,2.625141827834342,-0.2264911699210134,-0.17441905007072317,0
OK,2015,-0.34596717777600594,-0.21603880070739517,-0.26152285643269074,0.29419589530197987,-0.10510389060631,-0.027391663473620136,-0.37083247690156385,1.1442925916200979,-0.2264911699210134,-0.17441905007072317,0
OK,2016,-0.34596717777600594,-0.2585138316728545,-0.28387230819691095,-0.014718253531496415,-0.10510389060631,-0.18455482923271008,-0.41127806899463853,4.105991064048586,-0.2264911699210134,-0.17441905007072317,0
OK,2017,-0.34596717777600594,-0.15232625425920615,-0.12742614584736947,-0.632546551198449,-0.10510389060631,-0.18455482923271008,-0.12815892434311604,-0.3365566445941464,-0.2264911699210134,0.5785104663102237,0
OR,1980,-0.34596717777600594,-0.4921265019828809,-0.5073668258391131,-0.3236324023649727,-0.10510389060631,-0.3024272035520275,-0.6135060294600118,-0.3365566445941464,-0.2264911699210134,-0.17441905007072317,0
OR,1981,-0.34596717777600594,-0.36470140908650284,-0.35092066348957157,-0.632546551198449,-0.10510389060631,-0.22384562067248256,-0.4921692531807878,-0.3365566445941464,-0.2264911699210134,-0.17441905007072317,0
OR,1982,-0.34596717777600594,-0.36470140908650284,-0.4403184705464524,0.6031100441354562,-0.10510389060631,-0.1452640377929376,-0.5326148452738624,-0.3365566445941464,-0.2264911699210134,-0.17441905007072317,0
OR,1983,-0.34596717777600594,-0.4921265019828809,-0.4850173740748928,-0.632546551198449,-0.10510389060631,-0.3417179949918,-0.6135060294600118,1.1442925916200979,-0.2264911699210134,-0.17441905007072317,0
OR,1984,-0.34596717777600594,-0.3859389245692325,-0.4179690187822322,-0.014718253531496415,-0.10510389060631,-0.1059732463531651,-0.6135060294600118,-0.3365566445941464,-0.2264911699210134,-0.17441905007072317,0
OR,1985,1.438597982164635,-0.36470140908650284,-0.32857121172535136,-0.632546551198449,-0.10510389060631,-0.027391663473620136,-0.6135060294600118,-0.3365566445941464,-0.2264911699210134,-0.17441905007072317,0
OR,1986,1.438597982164635,-0.32222637812104354,-0.28387230819691095,-0.632546551198449,-0.10510389060631,-0.027391663473620136,-0.5326148452738624,-0.3365566445941464,-0.2264911699210134,-0.17441905007072317,0
OR,1987,-0.34596717777600594,-0.2797513471555842,-0.28387230819691095,-0.3236324023649727,-0.10510389060631,-0.22384562067248256,-0.41127806899463853,1.1442925916200979,0.7809945213719719,-0.17441905007072317,0
OR,1988,-0.34596717777600594,-0.42841395553469186,-0.4403184705464524,-0.3236324023649727,-0.10510389060631,-0.22384562067248256,-0.573060437366937,-0.3365566445941464,-0.2264911699210134,-0.17441905007072317,0
OR,1989,1.438597982164635,-0.42841395553469186,-0.395619567018012,-0.632546551198449,-0.10510389060631,-0.18455482923271008,-0.573060437366937,-0.3365566445941464,-0.2264911699210134,-0.17441905007072317,0
OR,1990,-0.34596717777600594,-0.36470140908650284,-0.3732701152537918,-0.3236324023649727,-0.10510389060631,-0.18455482923271008,-0.4921692531807878,-0.3365566445941464,-0.2264911699210134,-0.17441905007072317,0
OR,1991,-0.34596717777600594,-0.32222637812104354,-0.30622175996113116,-0.632546551198449,-0.10510389060631,-0.1452640377929376,-0.45172366108771317,-0.3365566445941464,-0.2264911699210134,-0.17441905007072317,0
OR,1992,-0.34596717777600594,-0.30098886263831387,-0.28387230819691095,-0.632546551198449,-0.10510389060631,-0.027391663473620136,-0.5326148452738624,-0.3365566445941464,-0.2264911699210134,-0.17441905007072317,0
OR,1993,-0.34596717777600594,-0.17356376974193582,-0.2168239529042503,0.29419589530197987,-0.10510389060631,-0.027391663473620136,-0.37083247690156385,2.625141827834342,-0.2264911699210134,-0.17441905007072317,0
OR,1994,-0.34596717777600594,-0.2585138316728545,-0.23917340466847054,-0.632546551198449,-0.10510389060631,-0.1059732463531651,-0.45172366108771317,-0.3365566445941464,0.7809945213719719,-0.17441905007072317,0
OR,1995,1.438597982164635,-0.30098886263831387,-0.28387230819691095,-0.3236324023649727,-0.10510389060631,-0.1059732463531651,-0.41127806899463853,-0.3365566445941464,-0.2264911699210134,-0.17441905007072317,0
OR,1996,-0.34596717777600594,-0.32222637812104354,-0.35092066348957157,-0.014718253531496415,-0.10510389060631,-0.06668245491339263,-0.5326148452738624,-0.3365566445941464,-0.2264911699210134,-0.17441905007072317,0
OR,1997,-0.34596717777600594,-0.42841395553469186,-0.4403184705464524,-0.3236324023649727,-0.10510389060631,-0.3417179949918,-0.45172366108771317,-0.3365566445941464,-0.2264911699210134,-0.17441905007072317,0
OR,1998,-0.34596717777600594,-0.21603880070739517,-0.2168239529042503,-0.3236324023649727,-0.10510389060631,0.20835308516501477,-0.6135060294600118,-0.3365566445941464,-0.2264911699210134,-0.17441905007072317,0
OR,1999,-0.34596717777600594,-0.42841395553469186,-0.4626679223106726,-0.014718253531496415,-0.10510389060631,-0.3024272035520275,-0.4921692531807878,-0.3365566445941464,-0.2264911699210134,-0.17441905007072317,0
OR,2000,-0.34596717777600594,-0.5133640174656106,-0.5073668258391131,-0.632546551198449,-0.10510389060631,-0.420299577871345,-0.5326148452738624,-0.3365566445941464,-0.2264911699210134,-0.17441905007072317,0
OR,2001,-0.34596717777600594,-0.44965147101742153,-0.4850173740748928,-0.014718253531496415,-0.10510389060631,-0.2631364121122551,-0.6135060294600118,1.1442925916200979,-0.2264911699210134,-0.17441905007072317,0
OR,2002,-0.34596717777600594,-0.5133640174656106,-0.5297162776033333,-0.3236324023649727,-0.10510389060631,-0.3417179949918,-0.6135060294600118,-0.3365566445941464,-0.2264911699210134,-0.17441905007072317,0
OR,2003,-0.34596717777600594,-0.4921265019828809,-0.5073668258391131,-0.3236324023649727,-0.10510389060631,-0.3024272035520275,-0.6135060294600118,-0.3365566445941464,-0.2264911699210134,-0.17441905007072317,0
OR,2004,-0.34596717777600594,-0.32222637812104354,-0.35092066348957157,-0.014718253531496415,-0.10510389060631,-0.1059732463531651,-0.5326148452738624,-0.3365566445941464,-0.2264911699210134,0.5785104663102237,0
OR,2005,-0.34596717777600594,-0.44965147101742153,-0.4403184705464524,-0.632546551198449,-0.10510389060631,-0.2631364121122551,-0.573060437366937,-0.3365566445941464,-0.2264911699210134,-0.17441905007072317,0
OR,2006,-0.34596717777600594,-0.4708889865001512,-0.4850173740748928,-0.3236324023649727,-0.10510389060631,-0.2631364121122551,-0.6135060294600118,-0.3365566445941464,-0.2264911699210134,-0.17441905007072317,0
OR,2007,-0.34596717777600594,-0.3434638936037732,-0.32857121172535136,-0.632546551198449,-0.10510389060631,-0.1059732463531651,-0.573060437366937,-0.3365566445941464,-0.2264911699210134,0.5785104663102237,0
OR,2008,-0.34596717777600594,-0.42841395553469186,-0.5297162776033333,0.9120241929689324,-0.10510389060631,-0.2631364121122551,-0.573060437366937,-0.3365566445941464,-0.2264911699210134,0.5785104663102237,0
OR,2009,-0.34596717777600594,-0.32222637812104354,-0.32857121172535136,-0.3236324023649727,-0.10510389060631,-0.1452640377929376,-0.573060437366937,4.105991064048586,-0.2264911699210134,-0.17441905007072317,0
OR,2010,-0.34596717777600594,-0.4071764400519622,-0.395619567018012,-0.632546551198449,-0.10510389060631,-0.18455482923271008,-0.573060437366937,-0.3365566445941464,-0.2264911699210134,-0.17441905007072317,0
OR,2011,-0.34596717777600594,-0.44965147101742153,-0.4626679223106726,-0.3236324023649727,-0.10510389060631,-0.2631364121122551,-0.573060437366937,-0.3365566445941464,-0.2264911699210134,-0.17441905007072317,0
OR,2012,-0.34596717777600594,-0.5558390484310699,-0.5520657293675535,-0.632546551198449,-0.10510389060631,-0.420299577871345,-0.6135060294600118,-0.3365566445941464,-0.2264911699210134,-0.17441905007072317,0
OR,2013,-0.34596717777600594,-0.4708889865001512,-0.4850173740748928,-0.3236324023649727,-0.10510389060631,-0.3024272035520275,-0.573060437366937,-0.3365566445941464,-0.2264911699210134,-0.17441905007072317,0
OR,2014,-0.34596717777600594,-0.4708889865001512,-0.4626679223106726,-0.632546551198449,-0.10510389060631,-0.2631364121122551,-0.6135060294600118,-0.3365566445941464,-0.2264911699210134,-0.17441905007072317,0
OR,2015,-0.34596717777600594,-0.4708889865001512,-0.4626679223106726,-0.632546551198449,-0.10510389060631,-0.3417179949918,-0.6135060294600118,1.1442925916200979,-0.2264911699210134,-0.17441905007072317,0
OR,2016,-0.34596717777600594,-0.4071764400519622,-0.395619567018012,-0.632546551198449,-0.10510389060631,-0.1452640377929376,-0.6135060294600118,-0.3365566445941464,-0.2264911699210134,-0.17441905007072317,0
OR,2017,-0.34596717777600594,-0.2797513471555842,-0.35092066348957157,0.6031100441354562,-0.10510389060631,0.011899127966152351,-0.5326148452738624,-0.3365566445941464,-0.2264911699210134,-0.17441905007072317,0
PA,1980,1.438597982164635,0.6971743650499806,0.6995035694287783,0.6031100441354562,-0.10510389060631,0.4833886252434222,0.88298087798375,-0.3365566445941464,-0.2264911699210134,-0.17441905007072317,3
PA,1981,-0.34596717777600594,0.7608869114981697,0.7218530211929987,0.9120241929689324,-0.10510389060631,0.28693466804455975,1.1661000226352725,-0.3365566445941464,-0.2264911699210134,-0.17441905007072317,3
PA,1982,-0.34596717777600594,0.2724240553953872,0.2078156306159337,0.9120241929689324,-0.10510389060631,0.4440978338036497,0.07406903612225715,-0.3365566445941464,-0.2264911699210134,-0.17441905007072317,3
PA,1983,-0.34596717777600594,-0.10985122329374682,-0.12742614584736947,-0.014718253531496415,-0.10510389060631,0.011899127966152351,-0.2090501085292653,-0.3365566445941464,-0.2264911699210134,-0.17441905007072317,0
PA,1984,-0.34596717777600594,-0.06737619232828748,-0.17212504937580989,1.2209383418024087,-0.10510389060631,-0.18455482923271008,0.07406903612225715,-0.3365566445941464,-0.2264911699210134,-0.17441905007072317,3
PA,1985,1.438597982164635,0.08128641605082021,-0.03802833879048863,1.8387666394693614,-0.10510389060631,-0.1452640377929376,0.3571881807737796,-0.3365566445941464,-0.2264911699210134,-0.17441905007072317,3
PA,1986,-0.34596717777600594,0.3573741173263059,0.3642617929654752,-0.014718253531496415,-0.10510389060631,0.6798425824422846,0.03362344402918252,-0.3365566445941464,-0.2264911699210134,-0.17441905007072317,3
PA,1987,-0.34596717777600594,0.20871150894719823,0.14076727532327307,0.9120241929689324,-0.10510389060631,0.3655162509241047,0.03362344402918252,-0.3365566445941464,-0.2264911699210134,-0.17441905007072317,3
PA,1988,-0.34596717777600594,0.5060367257054136,0.5207079553150167,-0.014718253531496415,-0.10510389060631,0.28693466804455975,0.6807529175183769,-0.3365566445941464,-0.2264911699210134,-0.17441905007072317,3
PA,1989,3.223163142105276,0.6971743650499806,0.7218530211929987,0.6031100441354562,-0.10510389060631,0.28693466804455975,1.1661000226352725,-0.3365566445941464,-0.2264911699210134,-0.17441905007072317,3
PA,1990,1.438597982164635,0.7184118805327103,0.7665519247214391,-0.014718253531496415,-0.10510389060631,0.6798425824422846,0.7211985096114515,-0.3365566445941464,-0.2264911699210134,-0.17441905007072317,3
PA,1991,-0.34596717777600594,0.5909867876363323,0.5877563106076773,-0.014718253531496415,-0.10510389060631,0.09048071084569732,1.004317654262974,-0.3365566445941464,0.27725167572547926,-0.17441905007072317,3
PA,1992,-0.34596717777600594,0.9520245508427367,0.8112508282498795,2.1476807883028375,-0.10510389060631,0.5226794166831947,1.206545614728347,-0.3365566445941464,0.27725167572547926,-0.17441905007072317,3
PA,1993,-0.34596717777600594,0.8883120043945477,0.7889013764856593,1.2209383418024087,2.759369307111929,0.32622545948433224,1.327882391007571,-0.3365566445941464,-0.2264911699210134,-0.17441905007072317,3
PA,1994,1.438597982164635,1.2705872830836817,1.3476376705911646,-0.014718253531496415,-0.10510389060631,0.28693466804455975,2.096348640775989,-0.3365566445941464,0.27725167572547926,-0.17441905007072317,3
PA,1995,-0.34596717777600594,0.867074488911818,0.9229980870709805,-0.3236324023649727,-0.10510389060631,0.1297715022854698,1.449219167286795,-0.3365566445941464,0.7809945213719719,-0.17441905007072317,3
PA,1996,-0.34596717777600594,0.5697492721536026,0.5207079553150167,0.6031100441354562,-0.10510389060631,0.28693466804455975,0.7211985096114515,-0.3365566445941464,0.27725167572547926,-0.17441905007072317,3
PA,1997,-0.34596717777600594,0.3573741173263059,0.3866112447296954,-0.3236324023649727,-0.10510389060631,0.16906229372524229,0.3571881807737796,-0.3365566445941464,1.7884802126649573,-0.17441905007072317,3
PA,1998,1.438597982164635,0.3786116328090356,0.3866112447296954,0.29419589530197987,-0.10510389060631,0.20835308516501477,0.5594161412391528,-0.3365566445941464,-0.2264911699210134,-0.17441905007072317,3
PA,1999,1.438597982164635,0.3786116328090356,0.27486398590859434,1.8387666394693614,-0.10510389060631,0.09048071084569732,0.7211985096114515,-0.3365566445941464,-0.2264911699210134,-0.17441905007072317,3
PA,2000,1.438597982164635,-0.10985122329374682,-0.12742614584736947,0.29419589530197987,-0.10510389060631,-0.2631364121122551,0.07406903612225715,-0.3365566445941464,0.27725167572547926,-0.17441905007072317,3
PA,2001,-0.34596717777600594,-0.06737619232828748,-0.10507669408314926,-0.014718253531496415,-0.10510389060631,-0.22384562067248256,0.07406903612225715,-0.3365566445941464,-0.2264911699210134,-0.17441905007072317,0
PA,2002,-0.34596717777600594,0.12376144701627954,0.14076727532327307,-0.3236324023649727,-0.10510389060631,-0.06668245491339263,0.316742588680705,-0.3365566445941464,-0.2264911699210134,-0.17441905007072317,0
PA,2003,-0.34596717777600594,0.12376144701627954,0.09606837179483264,0.29419589530197987,-0.10510389060631,-0.027391663473620136,0.23585140449455572,-0.3365566445941464,-0.2264911699210134,0.5785104663102237,3
PA,2004,-0.34596717777600594,0.06004890056809054,0.09606837179483264,-0.632546551198449,-0.10510389060631,-0.2631364121122551,0.3571881807737796,-0.3365566445941464,0.27725167572547926,-0.17441905007072317,0
PA,2005,-0.34596717777600594,0.2299490244299279,0.27486398590859434,-0.632546551198449,-0.10510389060631,-0.1452640377929376,0.5594161412391528,-0.3365566445941464,-0.2264911699210134,-0.17441905007072317,0
PA,2006,-0.34596717777600594,0.03881138508536087,0.051369468266392215,-0.3236324023649727,-0.10510389060631,-0.22384562067248256,0.316742588680705,-0.3365566445941464,-0.2264911699210134,-0.17441905007072317,0
PA,2007,-0.34596717777600594,0.39984914829176527,0.3642617929654752,0.6031100441354562,-0.10510389060631,-0.1452640377929376,0.9234264700768247,-0.3365566445941464,-0.2264911699210134,-0.17441905007072317,3
PA,2008,-0.34596717777600594,0.2724240553953872,0.27486398590859434,-0.014718253531496415,-0.10510389060631,-0.027391663473620136,0.5189705491460782,-0.3365566445941464,0.27725167572547926,-0.17441905007072317,3
PA,2009,1.438597982164635,-0.02490116136282814,-0.015678887026268417,-0.014718253531496415,-0.10510389060631,-0.06668245491339263,0.07406903612225715,-0.3365566445941464,-0.2264911699210134,-0.17441905007072317,3
PA,2010,-0.34596717777600594,0.18747399346446855,0.2078156306159337,-0.3236324023649727,-0.10510389060631,-0.18455482923271008,0.5594161412391528,-0.3365566445941464,-0.2264911699210134,-0.17441905007072317,0
PA,2011,-0.34596717777600594,-0.2585138316728545,-0.26152285643269074,-0.3236324023649727,-0.10510389060631,-0.3417179949918,-0.12815892434311604,-0.3365566445941464,-0.2264911699210134,-0.17441905007072317,0
PA,2012,-0.34596717777600594,-0.1310887387764765,-0.14977559761158968,-0.014718253531496415,-0.10510389060631,-0.1059732463531651,-0.0877133322500414,-0.3365566445941464,-0.2264911699210134,-0.17441905007072317,0
PA,2013,-0.34596717777600594,-0.2797513471555842,-0.26152285643269074,-0.632546551198449,-0.10510389060631,-0.18455482923271008,-0.3303868848084892,-0.3365566445941464,-0.2264911699210134,-0.17441905007072317,0
PA,2014,-0.34596717777600594,-0.30098886263831387,-0.30622175996113116,-0.3236324023649727,-0.10510389060631,-0.22384562067248256,-0.3303868848084892,-0.3365566445941464,-0.2264911699210134,-0.17441905007072317,0
PA,2015,-0.34596717777600594,0.0175738696026312,0.0066705647379517955,-0.014718253531496415,-0.10510389060631,-0.2631364121122551,0.316742588680705,-0.3365566445941464,-0.2264911699210134,-0.17441905007072317,0
PA,2016,-0.34596717777600594,-0.17356376974193582,-0.14977559761158968,-0.632546551198449,-0.10510389060631,-0.1059732463531651,-0.16860451643619068,-0.3365566445941464,-0.2264911699210134,-0.17441905007072317,0
PA,2017,-0.34596717777600594,-0.15232625425920615,-0.14977559761158968,-0.3236324023649727,-0.10510389060631,-0.22384562067248256,-0.04726774015696676,-0.3365566445941464,-0.2264911699210134,-0.17441905007072317,0
RI,1980,-0.34596717777600594,-0.5133640174656106,-0.5073668258391131,-0.632546551198449,-0.10510389060631,-0.3417179949918,-0.6135060294600118,-0.3365566445941464,-0.2264911699210134,-0.17441905007072317,0
RI,1981,-0.34596717777600594,-0.5346015329483402,-0.5297162776033333,-0.632546551198449,-0.10510389060631,-0.3810087864315725,-0.6135060294600118,-0.3365566445941464,-0.2264911699210134,-0.17441905007072317,0
RI,1982,-0.34596717777600594,-0.5133640174656106,-0.5073668258391131,-0.632546551198449,-0.10510389060631,-0.3417179949918,-0.6135060294600118,-0.3365566445941464,-0.2264911699210134,-0.17441905007072317,0
RI,1983,-0.34596717777600594,-0.5346015329483402,-0.5520657293675535,-0.3236324023649727,-0.10510389060631,-0.3810087864315725,-0.6135060294600118,-0.3365566445941464,-0.2264911699210134,-0.17441905007072317,0
RI,1984,-0.34596717777600594,-0.5558390484310699,-0.5520657293675535,-0.632546551198449,-0.10510389060631,-0.420299577871345,-0.6135060294600118,-0.3365566445941464,-0.2264911699210134,-0.17441905007072317,0
RI,1985,-0.34596717777600594,-0.5133640174656106,-0.5073668258391131,-0.632546551198449,-0.10510389060631,-0.420299577871345,-0.5326148452738624,-0.3365566445941464,-0.2264911699210134,-0.17441905007072317,0
RI,1986,-0.34596717777600594,-0.4921265019828809,-0.4850173740748928,-0.632546551198449,-0.10510389060631,-0.3024272035520275,-0.6135060294600118,-0.3365566445941464,-0.2264911699210134,-0.17441905007072317,0
RI,1987,-0.34596717777600594,-0.5558390484310699,-0.5520657293675535,-0.632546551198449,-0.10510389060631,-0.420299577871345,-0.6135060294600118,-0.3365566445941464,-0.2264911699210134,-0.17441905007072317,0
RI,1988,-0.34596717777600594,-0.4921265019828809,-0.4850173740748928,-0.632546551198449,-0.10510389060631,-0.3810087864315725,-0.5326148452738624,-0.3365566445941464,-0.2264911699210134,-0.17441905007072317,0
RI,1989,-0.34596717777600594,-0.5346015329483402,-0.5297162776033333,-0.632546551198449,-0.10510389060631,-0.420299577871345,-0.573060437366937,-0.3365566445941464,-0.2264911699210134,-0.17441905007072317,0
RI,1990,-0.34596717777600594,-0.4921265019828809,-0.4850173740748928,-0.632546551198449,-0.10510389060631,-0.3810087864315725,-0.5326148452738624,-0.3365566445941464,-0.2264911699210134,-0.17441905007072317,0
RI,1991,-0.34596717777600594,-0.5133640174656106,-0.5073668258391131,-0.632546551198449,-0.10510389060631,-0.3810087864315725,-0.573060437366937,-0.3365566445941464,-0.2264911699210134,-0.17441905007072317,0
RI,1992,-0.34596717777600594,-0.4921265019828809,-0.4850173740748928,-0.632546551198449,-0.10510389060631,-0.3417179949918,-0.6135060294600118,-0.3365566445941464,0.27725167572547926,-0.17441905007072317,0
RI,1993,-0.34596717777600594,-0.30098886263831387,-0.28387230819691095,-0.632546551198449,-0.10510389060631,-0.18455482923271008,-0.5326148452738624,-0.3365566445941464,1.7884802126649573,-0.17441905007072317,0
RI,1994,-0.34596717777600594,-0.5346015329483402,-0.5297162776033333,-0.632546551198449,-0.10510389060631,-0.3810087864315725,-0.6135060294600118,-0.3365566445941464,-0.2264911699210134,-0.17441905007072317,0
RI,1995,-0.34596717777600594,-0.4921265019828809,-0.4850173740748928,-0.632546551198449,-0.10510389060631,-0.3024272035520275,-0.6135060294600118,-0.3365566445941464,-0.2264911699210134,-0.17441905007072317,0
RI,1996,-0.34596717777600594,-0.4921265019828809,-0.5073668258391131,-0.3236324023649727,-0.10510389060631,-0.3417179949918,-0.573060437366937,-0.3365566445941464,-0.2264911699210134,-0.17441905007072317,0
RI,1997,-0.34596717777600594,-0.5133640174656106,-0.5073668258391131,-0.632546551198449,-0.10510389060631,-0.3810087864315725,-0.573060437366937,-0.3365566445941464,-0.2264911699210134,-0.17441905007072317,0
RI,1998,-0.34596717777600594,-0.5558390484310699,-0.5520657293675535,-0.632546551198449,-0.10510389060631,-0.420299577871345,-0.6135060294600118,-0.3365566445941464,-0.2264911699210134,-0.17441905007072317,0
RI,1999,-0.34596717777600594,-0.5346015329483402,-0.5297162776033333,-0.632546551198449,-0.10510389060631,-0.420299577871345,-0.6135060294600118,-0.3365566445941464,0.27725167572547926,-0.17441905007072317,0
RI,2000,-0.34596717777600594,-0.4921265019828809,-0.4850173740748928,-0.632546551198449,-0.10510389060631,-0.420299577871345,-0.4921692531807878,-0.3365566445941464,-0.2264911699210134,-0.17441905007072317,0
RI,2001,-0.34596717777600594,-0.5133640174656106,-0.5073668258391131,-0.632546551198449,-0.10510389060631,-0.420299577871345,-0.5326148452738624,-0.3365566445941464,-0.2264911699210134,-0.17441905007072317,0
RI,2002,-0.34596717777600594,-0.44965147101742153,-0.4403184705464524,-0.632546551198449,-0.10510389060631,-0.3810087864315725,-0.6135060294600118,-0.3365566445941464,1.7884802126649573,-0.17441905007072317,0
RI,2003,-0.34596717777600594,-0.5133640174656106,-0.5073668258391131,-0.632546551198449,-0.10510389060631,-0.3810087864315725,-0.573060437366937,-0.3365566445941464,-0.2264911699210134,-0.17441905007072317,0
RI,2004,-0.34596717777600594,-0.5558390484310699,-0.5520657293675535,-0.632546551198449,-0.10510389060631,-0.420299577871345,-0.6135060294600118,-0.3365566445941464,-0.2264911699210134,-0.17441905007072317,0
RI,2005,-0.34596717777600594,-0.5346015329483402,-0.5297162776033333,-0.632546551198449,-0.10510389060631,-0.420299577871345,-0.573060437366937,-0.3365566445941464,-0.2264911699210134,-0.17441905007072317,0
RI,2006,-0.34596717777600594,-0.5558390484310699,-0.5520657293675535,-0.632546551198449,-0.10510389060631,-0.420299577871345,-0.6135060294600118,-0.3365566445941464,-0.2264911699210134,-0.17441905007072317,0
RI,2007,-0.34596717777600594,-0.4921265019828809,-0.4850173740748928,-0.632546551198449,-0.10510389060631,-0.3810087864315725,-0.573060437366937,-0.3365566445941464,0.27725167572547926,-0.17441905007072317,0
RI,2008,-0.34596717777600594,-0.44965147101742153,-0.4626679223106726,-0.3236324023649727,-0.10510389060631,-0.420299577871345,-0.6135060294600118,-0.3365566445941464,2.29222305831145,-0.17441905007072317,0
RI,2009,-0.34596717777600594,-0.5558390484310699,-0.5520657293675535,-0.632546551198449,-0.10510389060631,-0.420299577871345,-0.6135060294600118,-0.3365566445941464,-0.2264911699210134,-0.17441905007072317,0
RI,2010,-0.34596717777600594,-0.5558390484310699,-0.5520657293675535,-0.632546551198449,-0.10510389060631,-0.420299577871345,-0.6135060294600118,-0.3365566445941464,-0.2264911699210134,-0.17441905007072317,0
RI,2011,-0.34596717777600594,-0.5346015329483402,-0.5520657293675535,-0.3236324023649727,-0.10510389060631,-0.420299577871345,-0.6135060294600118,1.1442925916200979,-0.2264911699210134,-0.17441905007072317,0
RI,2012,-0.34596717777600594,-0.5133640174656106,-0.5073668258391131,-0.632546551198449,-0.10510389060631,-0.420299577871345,-0.5326148452738624,-0.3365566445941464,-0.2264911699210134,-0.17441905007072317,0
RI,2013,-0.34596717777600594,-0.5346015329483402,-0.5297162776033333,-0.632546551198449,-0.10510389060631,-0.420299577871345,-0.573060437366937,-0.3365566445941464,-0.2264911699210134,-0.17441905007072317,0
RI,2014,-0.34596717777600594,-0.5133640174656106,-0.5073668258391131,-0.632546551198449,-0.10510389060631,-0.420299577871345,-0.5326148452738624,-0.3365566445941464,-0.2264911699210134,-0.17441905007072317,0
RI,2015,-0.34596717777600594,-0.5133640174656106,-0.5073668258391131,-0.632546551198449,-0.10510389060631,-0.420299577871345,-0.5326148452738624,-0.3365566445941464,-0.2264911699210134,-0.17441905007072317,0
RI,2016,-0.34596717777600594,-0.5558390484310699,-0.5520657293675535,-0.632546551198449,-0.10510389060631,-0.420299577871345,-0.6135060294600118,-0.3365566445941464,-0.2264911699210134,-0.17441905007072317,0
RI,2017,-0.34596717777600594,-0.5133640174656106,-0.5073668258391131,-0.632546551198449,-0.10510389060631,-0.3417179949918,-0.6135060294600118,-0.3365566445941464,-0.2264911699210134,-0.17441905007072317,0
SC,1980,-0.34596717777600594,-0.21603880070739517,-0.2168239529042503,-0.3236324023649727,-0.10510389060631,0.011899127966152351,-0.41127806899463853,-0.3365566445941464,-0.2264911699210134,-0.17441905007072317,0
SC,1981,-0.34596717777600594,-0.21603880070739517,-0.23917340466847054,-0.014718253531496415,-0.10510389060631,-0.027391663473620136,-0.37083247690156385,-0.3365566445941464,-0.2264911699210134,-0.17441905007072317,0
SC,1982,-0.34596717777600594,-0.2797513471555842,-0.35092066348957157,0.6031100441354562,-0.10510389060631,-0.1059732463531651,-0.41127806899463853,-0.3365566445941464,-0.2264911699210134,-0.17441905007072317,0
SC,1983,-0.34596717777600594,-0.3859389245692325,-0.4179690187822322,-0.014718253531496415,-0.10510389060631,-0.3417179949918,-0.37083247690156385,-0.3365566445941464,-0.2264911699210134,-0.17441905007072317,0
SC,1984,-0.34596717777600594,-0.3434638936037732,-0.3732701152537918,-0.014718253531496415,-0.10510389060631,-0.3024272035520275,-0.3303868848084892,-0.3365566445941464,-0.2264911699210134,-0.17441905007072317,0
SC,1985,-0.34596717777600594,-0.15232625425920615,-0.17212504937580989,-0.014718253531496415,-0.10510389060631,-0.22384562067248256,-0.04726774015696676,-0.3365566445941464,-0.2264911699210134,-0.17441905007072317,0
SC,1986,-0.34596717777600594,-0.15232625425920615,-0.12742614584736947,-0.632546551198449,-0.10510389060631,0.011899127966152351,-0.2899412927154146,-0.3365566445941464,-0.2264911699210134,-0.17441905007072317,0
SC,1987,1.438597982164635,-0.06737619232828748,-0.10507669408314926,0.6031100441354562,-0.10510389060631,-0.1452640377929376,0.03362344402918252,-0.3365566445941464,-0.2264911699210134,-0.17441905007072317,3
SC,1988,-0.34596717777600594,-0.08861370781101716,-0.10507669408314926,-0.014718253531496415,-0.10510389060631,-0.18455482923271008,0.03362344402918252,-0.3365566445941464,-0.2264911699210134,-0.17441905007072317,0
SC,1989,3.223163142105276,-0.08861370781101716,-0.060377790554708835,-0.014718253531496415,-0.10510389060631,0.011899127966152351,-0.0877133322500414,-0.3365566445941464,-0.2264911699210134,-0.17441905007072317,3
SC,1990,1.438597982164635,0.10252393153354988,0.11841782355905285,-0.014718253531496415,-0.10510389060631,-0.1059732463531651,0.3571881807737796,-0.3365566445941464,-0.2264911699210134,-0.17441905007072317,3
SC,1991,-0.34596717777600594,0.4423241792572246,0.4760090517865762,-0.3236324023649727,-0.10510389060631,-0.2631364121122551,1.0852088384491232,-0.3365566445941464,-0.2264911699210134,-0.17441905007072317,3
SC,1992,-0.34596717777600594,0.5272742411881433,0.5430574070792369,-0.014718253531496415,-0.10510389060631,-0.3024272035520275,1.327882391007571,-0.3365566445941464,-0.2264911699210134,-0.17441905007072317,3
SC,1993,-0.34596717777600594,0.6971743650499806,0.6995035694287783,0.29419589530197987,-0.10510389060631,-0.22384562067248256,1.5705559435660188,-0.3365566445941464,-0.2264911699210134,-0.17441905007072317,3
SC,1994,-0.34596717777600594,1.1006871592218443,1.0123958941278615,1.8387666394693614,-0.10510389060631,0.051189919405924836,2.0559030486829144,-0.3365566445941464,-0.2264911699210134,-0.17441905007072317,3
SC,1995,1.438597982164635,0.4423241792572246,0.4313101482581358,0.6031100441354562,-0.10510389060631,-0.1059732463531651,1.004317654262974,-0.3365566445941464,-0.2264911699210134,-0.17441905007072317,3
SC,1996,-0.34596717777600594,0.3786116328090356,0.3642617929654752,0.29419589530197987,-0.10510389060631,-0.2631364121122551,1.004317654262974,-0.3365566445941464,-0.2264911699210134,-0.17441905007072317,3
SC,1997,-0.34596717777600594,0.9520245508427367,0.9006486353067603,1.2209383418024087,-0.10510389060631,0.32622545948433224,1.3683279831006456,-0.3365566445941464,1.2847373670184647,-0.17441905007072317,3
SC,1998,1.438597982164635,0.31489908636084657,0.2301650823801539,1.529852490635885,-0.10510389060631,-0.1059732463531651,0.7616441017045261,-0.3365566445941464,-0.2264911699210134,-0.17441905007072317,3
SC,1999,1.438597982164635,0.39984914829176527,0.4089606964939156,0.6031100441354562,-0.10510389060631,-0.027391663473620136,0.8425352858906754,-0.3365566445941464,-0.2264911699210134,-0.17441905007072317,3
SC,2000,-0.34596717777600594,-0.04613867684555781,-0.08272724231892904,-0.014718253531496415,-0.10510389060631,-0.22384562067248256,0.15496022030840645,-0.3365566445941464,-0.2264911699210134,-0.17441905007072317,0
SC,2001,-0.34596717777600594,-0.10985122329374682,-0.14977559761158968,0.29419589530197987,-0.10510389060631,-0.2631364121122551,0.07406903612225715,-0.3365566445941464,-0.2264911699210134,-0.17441905007072317,0
SC,2002,-0.34596717777600594,0.06004890056809054,0.029020016502172008,0.29419589530197987,-0.10510389060631,-0.027391663473620136,0.15496022030840645,-0.3365566445941464,-0.2264911699210134,-0.17441905007072317,0
SC,2003,-0.34596717777600594,0.25118653991265755,0.2078156306159337,0.6031100441354562,-0.10510389060631,-0.3024272035520275,0.8020896937976008,-0.3365566445941464,-0.2264911699210134,-0.17441905007072317,3
SC,2004,-0.34596717777600594,0.0175738696026312,-0.015678887026268417,0.29419589530197987,-0.10510389060631,-0.2631364121122551,0.27629699658763035,-0.3365566445941464,-0.2264911699210134,0.5785104663102237,0
SC,2005,-0.34596717777600594,0.12376144701627954,0.07371892003061242,0.6031100441354562,-0.10510389060631,-0.2631364121122551,0.5189705491460782,-0.3365566445941464,-0.2264911699210134,-0.17441905007072317,3
SC,2006,-0.34596717777600594,0.33613660184357624,0.2301650823801539,1.529852490635885,-0.10510389060631,-0.18455482923271008,0.7616441017045261,-0.3365566445941464,0.7809945213719719,-0.17441905007072317,3
SC,2007,-0.34596717777600594,0.42108666377449494,0.3642617929654752,0.9120241929689324,-0.10510389060631,-0.3024272035520275,1.1256544305421978,-0.3365566445941464,-0.2264911699210134,-0.17441905007072317,3
SC,2008,-0.34596717777600594,0.2936615708781169,0.31956288943703476,-0.3236324023649727,-0.10510389060631,-0.3024272035520275,0.88298087798375,-0.3365566445941464,-0.2264911699210134,-0.17441905007072317,3
SC,2009,-0.34596717777600594,0.31489908636084657,0.31956288943703476,-0.014718253531496415,-0.10510389060631,-0.22384562067248256,0.8425352858906754,-0.3365566445941464,-0.2264911699210134,-0.17441905007072317,3
SC,2010,-0.34596717777600594,0.20871150894719823,0.051369468266392215,1.8387666394693614,-0.10510389060631,-0.18455482923271008,0.5594161412391528,-0.3365566445941464,-0.2264911699210134,-0.17441905007072317,3
SC,2011,-0.34596717777600594,0.16623647798173888,0.11841782355905285,0.6031100441354562,-0.10510389060631,-0.027391663473620136,0.3571881807737796,-0.3365566445941464,-0.2264911699210134,-0.17441905007072317,3
SC,2012,-0.34596717777600594,-0.1948012852246655,-0.1944745011400301,-0.3236324023649727,-0.10510389060631,-0.3810087864315725,0.03362344402918252,-0.3365566445941464,-0.2264911699210134,-0.17441905007072317,0
SC,2013,-0.34596717777600594,0.20871150894719823,0.1854661788517135,0.29419589530197987,-0.10510389060631,-0.06668245491339263,0.4785249570530036,-0.3365566445941464,-0.2264911699210134,-0.17441905007072317,3
SC,2014,-0.34596717777600594,0.0175738696026312,0.0066705647379517955,-0.014718253531496415,-0.10510389060631,-0.18455482923271008,0.23585140449455572,-0.3365566445941464,-0.2264911699210134,-0.17441905007072317,0
SC,2015,-0.34596717777600594,0.10252393153354988,0.09606837179483264,-0.014718253531496415,-0.10510389060631,-0.1452640377929376,0.316742588680705,-0.3365566445941464,-0.2264911699210134,0.5785104663102237,0
SC,2016,-0.34596717777600594,0.5060367257054136,0.4760090517865762,0.6031100441354562,-0.10510389060631,-0.1059732463531651,1.0852088384491232,-0.3365566445941464,-0.2264911699210134,-0.17441905007072317,3
SC,2017,-0.34596717777600594,0.16623647798173888,0.16311672708749328,-0.014718253531496415,-0.10510389060631,-0.2631364121122551,0.5998617333322275,-0.3365566445941464,-0.2264911699210134,-0.17441905007072317,3
SD,1980,-0.34596717777600594,-0.5133640174656106,-0.5073668258391131,-0.632546551198449,-0.10510389060631,-0.420299577871345,-0.6135060294600118,2.625141827834342,-0.2264911699210134,-0.17441905007072317,0
SD,1981,-0.34596717777600594,-0.5346015329483402,-0.5297162776033333,-0.632546551198449,-0.10510389060631,-0.420299577871345,-0.6135060294600118,1.1442925916200979,-0.2264911699210134,-0.17441905007072317,0
SD,1982,-0.34596717777600594,-0.5346015329483402,-0.5297162776033333,-0.632546551198449,-0.10510389060631,-0.420299577871345,-0.6135060294600118,1.1442925916200979,-0.2264911699210134,-0.17441905007072317,0
SD,1983,-0.34596717777600594,-0.5346015329483402,-0.5297162776033333,-0.632546551198449,-0.10510389060631,-0.3810087864315725,-0.6135060294600118,-0.3365566445941464,-0.2264911699210134,-0.17441905007072317,0
SD,1984,-0.34596717777600594,-0.5558390484310699,-0.5520657293675535,-0.632546551198449,-0.10510389060631,-0.420299577871345,-0.6135060294600118,-0.3365566445941464,-0.2264911699210134,-0.17441905007072317,0
SD,1985,-0.34596717777600594,-0.5558390484310699,-0.5520657293675535,-0.632546551198449,-0.10510389060631,-0.420299577871345,-0.6135060294600118,-0.3365566445941464,-0.2264911699210134,-0.17441905007072317,0
SD,1986,-0.34596717777600594,-0.5558390484310699,-0.5520657293675535,-0.632546551198449,-0.10510389060631,-0.420299577871345,-0.6135060294600118,-0.3365566445941464,-0.2264911699210134,-0.17441905007072317,0
SD,1987,-0.34596717777600594,-0.5346015329483402,-0.5520657293675535,-0.3236324023649727,-0.10510389060631,-0.3810087864315725,-0.6135060294600118,-0.3365566445941464,-0.2264911699210134,-0.17441905007072317,0
SD,1988,-0.34596717777600594,-0.5558390484310699,-0.5520657293675535,-0.632546551198449,-0.10510389060631,-0.420299577871345,-0.6135060294600118,-0.3365566445941464,-0.2264911699210134,-0.17441905007072317,0
SD,1989,-0.34596717777600594,-0.5558390484310699,-0.5520657293675535,-0.632546551198449,-0.10510389060631,-0.420299577871345,-0.6135060294600118,-0.3365566445941464,-0.2264911699210134,-0.17441905007072317,0
SD,1990,-0.34596717777600594,-0.5346015329483402,-0.5520657293675535,-0.3236324023649727,-0.10510389060631,-0.420299577871345,-0.6135060294600118,1.1442925916200979,-0.2264911699210134,-0.17441905007072317,0
SD,1991,-0.34596717777600594,-0.5346015329483402,-0.5297162776033333,-0.632546551198449,-0.10510389060631,-0.420299577871345,-0.6135060294600118,1.1442925916200979,-0.2264911699210134,-0.17441905007072317,0
SD,1992,-0.34596717777600594,-0.5346015329483402,-0.5297162776033333,-0.632546551198449,-0.10510389060631,-0.420299577871345,-0.6135060294600118,1.1442925916200979,-0.2264911699210134,-0.17441905007072317,0
SD,1993,-0.34596717777600594,-0.5346015329483402,-0.5297162776033333,-0.632546551198449,-0.10510389060631,-0.3810087864315725,-0.6135060294600118,-0.3365566445941464,-0.2264911699210134,-0.17441905007072317,0
SD,1994,-0.34596717777600594,-0.5346015329483402,-0.5297162776033333,-0.632546551198449,-0.10510389060631,-0.420299577871345,-0.573060437366937,-0.3365566445941464,-0.2264911699210134,-0.17441905007072317,0
SD,1995,-0.34596717777600594,-0.5558390484310699,-0.5520657293675535,-0.632546551198449,-0.10510389060631,-0.420299577871345,-0.6135060294600118,-0.3365566445941464,-0.2264911699210134,-0.17441905007072317,0
SD,1996,-0.34596717777600594,-0.4921265019828809,-0.4850173740748928,-0.632546551198449,-0.10510389060631,-0.3024272035520275,-0.6135060294600118,-0.3365566445941464,-0.2264911699210134,-0.17441905007072317,0
SD,1998,-0.34596717777600594,-0.5133640174656106,-0.5073668258391131,-0.632546551198449,-0.10510389060631,-0.3417179949918,-0.6135060294600118,-0.3365566445941464,-0.2264911699210134,-0.17441905007072317,0
SD,1999,-0.34596717777600594,-0.4708889865001512,-0.4850173740748928,-0.3236324023649727,-0.10510389060631,-0.3024272035520275,-0.6135060294600118,1.1442925916200979,-0.2264911699210134,-0.17441905007072317,0
SD,2000,-0.34596717777600594,-0.5558390484310699,-0.5520657293675535,-0.632546551198449,-0.10510389060631,-0.420299577871345,-0.6135060294600118,-0.3365566445941464,-0.2264911699210134,-0.17441905007072317,0
SD,2001,-0.34596717777600594,-0.5346015329483402,-0.5297162776033333,-0.632546551198449,-0.10510389060631,-0.420299577871345,-0.6135060294600118,1.1442925916200979,-0.2264911699210134,-0.17441905007072317,0
SD,2002,-0.34596717777600594,-0.5558390484310699,-0.5520657293675535,-0.632546551198449,-0.10510389060631,-0.420299577871345,-0.6135060294600118,-0.3365566445941464,-0.2264911699210134,-0.17441905007072317,0
SD,2003,-0.34596717777600594,-0.5133640174656106,-0.5297162776033333,-0.3236324023649727,-0.10510389060631,-0.3810087864315725,-0.6135060294600118,1.1442925916200979,-0.2264911699210134,-0.17441905007072317,0
SD,2004,-0.34596717777600594,-0.5133640174656106,-0.5073668258391131,-0.632546551198449,-0.10510389060631,-0.420299577871345,-0.6135060294600118,2.625141827834342,-0.2264911699210134,-0.17441905007072317,0
SD,2005,-0.34596717777600594,-0.5558390484310699,-0.5520657293675535,-0.632546551198449,-0.10510389060631,-0.420299577871345,-0.6135060294600118,-0.3365566445941464,-0.2264911699210134,-0.17441905007072317,0
SD,2006,-0.34596717777600594,-0.5558390484310699,-0.5520657293675535,-0.632546551198449,-0.10510389060631,-0.420299577871345,-0.6135060294600118,-0.3365566445941464,-0.2264911699210134,-0.17441905007072317,0
SD,2007,-0.34596717777600594,-0.5346015329483402,-0.5297162776033333,-0.632546551198449,-0.10510389060631,-0.3810087864315725,-0.6135060294600118,-0.3365566445941464,-0.2264911699210134,-0.17441905007072317,0
SD,2008,-0.34596717777600594,-0.5346015329483402,-0.5520657293675535,-0.3236324023649727,-0.10510389060631,-0.420299577871345,-0.6135060294600118,1.1442925916200979,-0.2264911699210134,-0.17441905007072317,0
SD,2009,-0.34596717777600594,-0.5346015329483402,-0.5520657293675535,-0.3236324023649727,-0.10510389060631,-0.3810087864315725,-0.6135060294600118,-0.3365566445941464,-0.2264911699210134,-0.17441905007072317,0
SD,2010,-0.34596717777600594,-0.5133640174656106,-0.5073668258391131,-0.632546551198449,-0.10510389060631,-0.420299577871345,-0.6135060294600118,2.625141827834342,-0.2264911699210134,-0.17441905007072317,0
SD,2011,-0.34596717777600594,-0.4921265019828809,-0.4850173740748928,-0.632546551198449,-0.10510389060631,-0.3810087864315725,-0.6135060294600118,1.1442925916200979,-0.2264911699210134,-0.17441905007072317,0
SD,2012,-0.34596717777600594,-0.44965147101742153,-0.4403184705464524,-0.632546551198449,-0.10510389060631,-0.3417179949918,-0.6135060294600118,4.105991064048586,-0.2264911699210134,-0.17441905007072317,0
SD,2013,-0.34596717777600594,-0.5133640174656106,-0.5073668258391131,-0.632546551198449,-0.10510389060631,-0.3417179949918,-0.6135060294600118,-0.3365566445941464,-0.2264911699210134,-0.17441905007072317,0
SD,2014,-0.34596717777600594,-0.5558390484310699,-0.5520657293675535,-0.632546551198449,-0.10510389060631,-0.420299577871345,-0.6135060294600118,-0.3365566445941464,-0.2264911699210134,-0.17441905007072317,0
SD,2015,-0.34596717777600594,-0.5346015329483402,-0.5297162776033333,-0.632546551198449,-0.10510389060631,-0.3810087864315725,-0.6135060294600118,-0.3365566445941464,-0.2264911699210134,-0.17441905007072317,0
SD,2016,-0.34596717777600594,-0.5346015329483402,-0.5297162776033333,-0.632546551198449,-0.10510389060631,-0.420299577871345,-0.573060437366937,-0.3365566445941464,-0.2264911699210134,-0.17441905007072317,0
SD,2017,-0.34596717777600594,-0.5346015329483402,-0.5297162776033333,-0.632546551198449,-0.10510389060631,-0.420299577871345,-0.6135060294600118,1.1442925916200979,-0.2264911699210134,-0.17441905007072317,0
TN,1980,-0.34596717777600594,-0.1310887387764765,-0.17212504937580989,0.29419589530197987,-0.10510389060631,-0.1452640377929376,-0.0877133322500414,-0.3365566445941464,-0.2264911699210134,-0.17441905007072317,0
TN,1981,-0.34596717777600594,-0.10985122329374682,-0.1944745011400301,1.2209383418024087,-0.10510389060631,0.09048071084569732,-0.2899412927154146,-0.3365566445941464,-0.2264911699210134,-0.17441905007072317,0
TN,1982,-0.34596717777600594,-0.1310887387764765,-0.14977559761158968,-0.014718253531496415,-0.10510389060631,-0.1059732463531651,-0.12815892434311604,-0.3365566445941464,-0.2264911699210134,-0.17441905007072317,0
TN,1983,-0.34596717777600594,-0.08861370781101716,-0.10507669408314926,-0.014718253531496415,-0.10510389060631,-0.1059732463531651,-0.0877133322500414,-0.3365566445941464,0.27725167572547926,-0.17441905007072317,0
TN,1984,-0.34596717777600594,-0.08861370781101716,-0.08272724231892904,-0.3236324023649727,-0.10510389060631,-0.18455482923271008,0.03362344402918252,-0.3365566445941464,-0.2264911699210134,-0.17441905007072317,0
TN,1985,1.438597982164635,-0.17356376974193582,-0.17212504937580989,-0.014718253531496415,-0.10510389060631,-0.1452640377929376,-0.16860451643619068,-0.3365566445941464,-0.2264911699210134,0.5785104663102237,3
TN,1986,-0.34596717777600594,0.08128641605082021,0.09606837179483264,-0.3236324023649727,-0.10510389060631,-0.06668245491339263,0.23585140449455572,-0.3365566445941464,-0.2264911699210134,-0.17441905007072317,0
TN,1987,-0.34596717777600594,0.2299490244299279,0.16311672708749328,0.9120241929689324,-0.10510389060631,0.1297715022854698,0.27629699658763035,-0.3365566445941464,0.27725167572547926,-0.17441905007072317,3
TN,1988,-0.34596717777600594,0.03881138508536087,0.029020016502172008,-0.014718253531496415,-0.10510389060631,-0.18455482923271008,0.27629699658763035,-0.3365566445941464,-0.2264911699210134,-0.17441905007072317,0
TN,1989,-0.34596717777600594,0.10252393153354988,0.07371892003061242,-0.014718253531496415,-0.10510389060631,-0.1059732463531651,0.27629699658763035,-0.3365566445941464,-0.2264911699210134,-0.17441905007072317,0
TN,1990,-0.34596717777600594,0.3786116328090356,0.3642617929654752,-0.014718253531496415,-0.10510389060631,-0.18455482923271008,0.9234264700768247,-0.3365566445941464,-0.2264911699210134,-0.17441905007072317,3
TN,1991,-0.34596717777600594,0.6334618186017916,0.6101057623718975,0.6031100441354562,-0.10510389060631,-0.18455482923271008,1.4087735751937203,-0.3365566445941464,-0.2264911699210134,-0.17441905007072317,3
TN,1992,-0.34596717777600594,0.6334618186017916,0.5430574070792369,1.529852490635885,-0.10510389060631,-0.18455482923271008,1.4087735751937203,-0.3365566445941464,-0.2264911699210134,-0.17441905007072317,3
TN,1993,-0.34596717777600594,0.5697492721536026,0.6101057623718975,-0.3236324023649727,-0.10510389060631,-0.1452640377929376,1.206545614728347,-0.3365566445941464,-0.2264911699210134,0.5785104663102237,3
TN,1994,-0.34596717777600594,0.4635616947399543,0.4760090517865762,-0.014718253531496415,-0.10510389060631,-0.3024272035520275,1.206545614728347,-0.3365566445941464,-0.2264911699210134,-0.17441905007072317,3
TN,1995,-0.34596717777600594,0.6546993340845213,0.6548046659003379,-0.014718253531496415,-0.10510389060631,-0.027391663473620136,1.2874367989144964,-0.3365566445941464,-0.2264911699210134,-0.17441905007072317,3
TN,1996,-0.34596717777600594,0.7608869114981697,0.5654068588434571,3.0744232348032665,-0.10510389060631,-0.1059732463531651,1.5705559435660188,-0.3365566445941464,-0.2264911699210134,-0.17441905007072317,3
TN,1997,-0.34596717777600594,0.31489908636084657,0.3642617929654752,-0.632546551198449,-0.10510389060631,-0.3024272035520275,0.9234264700768247,-0.3365566445941464,-0.2264911699210134,-0.17441905007072317,3
TN,1998,-0.34596717777600594,0.12376144701627954,0.11841782355905285,-0.014718253531496415,-0.10510389060631,-0.027391663473620136,0.27629699658763035,-0.3365566445941464,-0.2264911699210134,-0.17441905007072317,0
TN,1999,-0.34596717777600594,0.12376144701627954,0.14076727532327307,-0.3236324023649727,-0.10510389060631,-0.1452640377929376,0.3571881807737796,-0.3365566445941464,-0.2264911699210134,-0.17441905007072317,0
TN,2000,1.438597982164635,-0.17356376974193582,-0.17212504937580989,-0.014718253531496415,-0.10510389060631,-0.22384562067248256,-0.04726774015696676,-0.3365566445941464,-0.2264911699210134,-0.17441905007072317,3
TN,2001,-0.34596717777600594,-0.15232625425920615,-0.14977559761158968,-0.3236324023649727,-0.10510389060631,-0.18455482923271008,-0.2090501085292653,-0.3365566445941464,1.2847373670184647,-0.17441905007072317,0
TN,2002,1.438597982164635,-0.04613867684555781,-0.03802833879048863,-0.014718253531496415,-0.10510389060631,-0.22384562067248256,0.19540581240148108,-0.3365566445941464,-0.2264911699210134,-0.17441905007072317,3
TN,2003,-0.34596717777600594,0.06004890056809054,0.051369468266392215,-0.014718253531496415,-0.10510389060631,-0.1059732463531651,0.23585140449455572,-0.3365566445941464,-0.2264911699210134,-0.17441905007072317,0
TN,2004,-0.34596717777600594,-0.04613867684555781,-0.060377790554708835,-0.014718253531496415,-0.10510389060631,-0.1452640377929376,0.07406903612225715,-0.3365566445941464,-0.2264911699210134,-0.17441905007072317,0
TN,2005,-0.34596717777600594,0.39984914829176527,0.4089606964939156,-0.014718253531496415,-0.10510389060631,-0.3417179949918,1.1256544305421978,-0.3365566445941464,-0.2264911699210134,-0.17441905007072317,3
TN,2006,-0.34596717777600594,0.3786116328090356,0.3866112447296954,-0.014718253531496415,-0.10510389060631,-0.3024272035520275,1.0447632463560486,-0.3365566445941464,-0.2264911699210134,-0.17441905007072317,3
TN,2007,-0.34596717777600594,0.31489908636084657,0.2301650823801539,1.2209383418024087,-0.10510389060631,-0.18455482923271008,0.8020896937976008,-0.3365566445941464,-0.2264911699210134,-0.17441905007072317,3
TN,2008,-0.34596717777600594,-0.02490116136282814,-0.015678887026268417,-0.3236324023649727,-0.10510389060631,-0.1452640377929376,0.1145146282153318,-0.3365566445941464,-0.2264911699210134,-0.17441905007072317,0
TN,2009,-0.34596717777600594,0.7821244269808993,0.7218530211929987,1.2209383418024087,-0.10510389060631,-0.1059732463531651,1.5705559435660188,1.1442925916200979,-0.2264911699210134,-0.17441905007072317,3
TN,2010,-0.34596717777600594,-0.10985122329374682,-0.12742614584736947,-0.014718253531496415,-0.10510389060631,-0.22384562067248256,0.03362344402918252,-0.3365566445941464,-0.2264911699210134,-0.17441905007072317,0
TN,2011,-0.34596717777600594,-0.06737619232828748,-0.08272724231892904,-0.014718253531496415,-0.10510389060631,-0.1452640377929376,0.03362344402918252,-0.3365566445941464,-0.2264911699210134,-0.17441905007072317,0
TN,2012,1.438597982164635,-0.2797513471555842,-0.26152285643269074,-0.3236324023649727,-0.10510389060631,-0.22384562067248256,-0.24949570062233994,-0.3365566445941464,-0.2264911699210134,-0.17441905007072317,0
TN,2013,-0.34596717777600594,-0.15232625425920615,-0.12742614584736947,-0.632546551198449,-0.10510389060631,-0.420299577871345,0.15496022030840645,-0.3365566445941464,-0.2264911699210134,-0.17441905007072317,0
TN,2014,-0.34596717777600594,0.2936615708781169,0.27486398590859434,0.29419589530197987,-0.10510389060631,-0.1059732463531651,0.6403073254253021,-0.3365566445941464,0.27725167572547926,-0.17441905007072317,3
TN,2015,3.223163142105276,-0.0036636458800984703,0.051369468266392215,-0.3236324023649727,-0.10510389060631,-0.3024272035520275,0.39763377286685425,-0.3365566445941464,-0.2264911699210134,-0.17441905007072317,3
TN,2016,-0.34596717777600594,0.12376144701627954,0.16311672708749328,-0.632546551198449,-0.10510389060631,0.09048071084569732,0.19540581240148108,-0.3365566445941464,-0.2264911699210134,-0.17441905007072317,0
TN,2017,-0.34596717777600594,0.3573741173263059,0.31956288943703476,0.6031100441354562,-0.10510389060631,-0.2631364121122551,0.9638720621698993,-0.3365566445941464,-0.2264911699210134,-0.17441905007072317,3
TX,1980,5.007728302045917,1.9714252940137607,1.9510728682251102,2.456594937136314,-0.10510389060631,2.8015453201899985,1.0447632463560486,-0.3365566445941464,-0.2264911699210134,-0.17441905007072317,1
TX,1981,3.223163142105276,2.0988503869101387,1.727578350582908,7.090307169638458,-0.10510389060631,2.8801269030695438,1.1256544305421978,-0.3365566445941464,-0.2264911699210134,-0.17441905007072317,1
TX,1982,-0.34596717777600594,2.0563753559446796,1.8840245129324495,3.692251532470219,-0.10510389060631,2.997999277388861,0.7616441017045261,-0.3365566445941464,0.27725167572547926,-0.17441905007072317,1
TX,1983,3.223163142105276,1.759050139186464,1.5711321882333666,4.0011656813036955,2.759369307111929,3.155162443147951,0.15496022030840645,-0.3365566445941464,-0.2264911699210134,0.5785104663102237,1
TX,1984,1.438597982164635,1.8440002011173826,1.6828794470544677,3.692251532470219,-0.10510389060631,2.605091362991136,0.8425352858906754,-0.3365566445941464,0.27725167572547926,-0.17441905007072317,1
TX,1985,1.438597982164635,2.4386506346338135,2.442760807037955,1.8387666394693614,-0.10510389060631,3.2730348174672685,1.2874367989144964,-0.3365566445941464,0.27725167572547926,-0.17441905007072317,1
TX,1986,8.5768586219272,2.162562933358328,2.152217934103092,2.76550908596979,-0.10510389060631,3.2730348174672685,0.9234264700768247,-0.3365566445941464,-0.2264911699210134,-0.17441905007072317,1
TX,1987,3.223163142105276,2.162562933358328,2.1969168376315324,1.529852490635885,-0.10510389060631,2.8801269030695438,1.0852088384491232,-0.3365566445941464,1.7884802126649573,-0.17441905007072317,1
TX,1988,-0.34596717777600594,2.8209259133229474,2.8450509387939187,1.529852490635885,-0.10510389060631,3.076580860268406,2.1367942328690637,-0.3365566445941464,0.27725167572547926,-0.17441905007072317,1
TX,1989,5.007728302045917,2.905875975253866,2.8227014870296983,3.692251532470219,2.759369307111929,3.1158716517081784,2.5008045617067354,-0.3365566445941464,-0.2264911699210134,-0.17441905007072317,1
TX,1990,3.223163142105276,4.222601935183106,4.320114755232452,2.1476807883028375,-0.10510389060631,4.491049352100216,3.3906075877543773,-0.3365566445941464,1.2847373670184647,-0.17441905007072317,1
TX,1991,1.438597982164635,5.8578906273532905,5.817528023435207,4.927908127804124,-0.10510389060631,5.630482303853618,5.33199600822196,-0.3365566445941464,0.7809945213719719,0.5785104663102237,1
TX,1992,3.223163142105276,6.027790751215128,6.15276979989851,3.0744232348032665,-0.10510389060631,5.82693626105248,5.4128871924081094,-0.3365566445941464,1.7884802126649573,-0.17441905007072317,1
TX,1993,-0.34596717777600594,6.5162536073179105,6.577409383418694,3.692251532470219,-0.10510389060631,5.630482303853618,6.504918178921125,-0.3365566445941464,0.7809945213719719,-0.17441905007072317,1
TX,1994,1.438597982164635,7.238329133730719,7.2478929363453,5.236822276637601,-0.10510389060631,7.791475833041105,5.736451929152707,-0.3365566445941464,0.7809945213719719,-0.17441905007072317,1
TX,1995,-0.34596717777600594,4.923439946113185,4.923549952866398,3.383337383636743,-0.10510389060631,6.062681009691115,3.0265972589167056,-0.3365566445941464,0.27725167572547926,1.3314399826911705,1
TX,1996,1.438597982164635,3.627951501666675,3.5155344917205245,4.310079830137171,-0.10510389060631,4.294595394901353,2.298576601241362,-0.3365566445941464,2.29222305831145,0.5785104663102237,1
TX,1997,-0.34596717777600594,2.2475129952892465,2.375712451745294,-0.3236324023649727,-0.10510389060631,2.605091362991136,1.4896647593798695,-0.3365566445941464,1.2847373670184647,-0.17441905007072317,3
TX,1998,1.438597982164635,2.311225541737435,2.219266289395753,3.0744232348032665,-0.10510389060631,3.4301979832263583,0.8425352858906754,-0.3365566445941464,0.27725167572547926,-0.17441905007072317,1
TX,1999,1.438597982164635,1.8015251701519233,1.615831091761807,4.0011656813036955,-0.10510389060631,2.4479281972320464,0.7616441017045261,-0.3365566445941464,2.29222305831145,-0.17441905007072317,1
TX,2000,3.223163142105276,1.6528625617728157,1.5487827364691464,3.0744232348032665,-0.10510389060631,2.565800571551364,0.5189705491460782,1.1442925916200979,0.27725167572547926,-0.17441905007072317,1
TX,2001,1.438597982164635,0.9520245508427367,0.9229980870709805,1.2209383418024087,-0.10510389060631,1.3870768283581894,0.4380793649599289,-0.3365566445941464,-0.2264911699210134,-0.17441905007072317,3
TX,2002,1.438597982164635,1.1006871592218443,0.8559497317783199,4.310079830137171,-0.10510389060631,1.7014031598763693,0.3571881807737796,-0.3365566445941464,0.27725167572547926,-0.17441905007072317,3
TX,2003,-0.34596717777600594,1.4617249224282487,1.3699871223553848,2.1476807883028375,-0.10510389060631,2.487218988671819,0.15496022030840645,-0.3365566445941464,0.27725167572547926,0.5785104663102237,3
TX,2004,1.438597982164635,1.2068747366354928,1.168842056477403,1.529852490635885,-0.10510389060631,1.6621123684365968,0.6403073254253021,-0.3365566445941464,-0.2264911699210134,-0.17441905007072317,3
TX,2005,-0.34596717777600594,1.4617249224282487,1.4370354776480454,1.2209383418024087,-0.10510389060631,1.8585663256354592,0.88298087798375,-0.3365566445941464,-0.2264911699210134,-0.17441905007072317,3
TX,2006,-0.34596717777600594,1.2068747366354928,1.168842056477403,1.2209383418024087,-0.10510389060631,1.4263676197979618,0.8020896937976008,-0.3365566445941464,0.27725167572547926,-0.17441905007072317,3
TX,2007,-0.34596717777600594,1.1431621901873037,1.1464926047131827,0.6031100441354562,-0.10510389060631,1.347786036918417,0.8020896937976008,-0.3365566445941464,-0.2264911699210134,-0.17441905007072317,3
TX,2008,-0.34596717777600594,1.3555373450146004,1.2582398635342837,2.1476807883028375,-0.10510389060631,1.8978571170752316,0.6403073254253021,-0.3365566445941464,-0.2264911699210134,-0.17441905007072317,3
TX,2009,-0.34596717777600594,1.1643997056700335,1.1241431529489625,1.2209383418024087,-0.10510389060631,1.8585663256354592,0.27629699658763035,-0.3365566445941464,0.27725167572547926,-0.17441905007072317,3
TX,2010,-0.34596717777600594,0.9520245508427367,0.8559497317783199,1.8387666394693614,-0.10510389060631,1.2692044540388718,0.4785249570530036,-0.3365566445941464,0.27725167572547926,-0.17441905007072317,3
TX,2011,-0.34596717777600594,0.9520245508427367,0.9006486353067603,0.9120241929689324,2.759369307111929,0.954878122520692,0.8020896937976008,-0.3365566445941464,-0.2264911699210134,0.5785104663102237,3
TX,2012,1.438597982164635,0.5909867876363323,0.6101057623718975,0.29419589530197987,-0.10510389060631,0.9941689139604645,0.15496022030840645,-0.3365566445941464,-0.2264911699210134,-0.17441905007072317,3
TX,2013,-0.34596717777600594,0.6971743650499806,0.6548046659003379,0.9120241929689324,-0.10510389060631,0.4833886252434222,0.8425352858906754,-0.3365566445941464,-0.2264911699210134,-0.17441905007072317,3
TX,2014,-0.34596717777600594,0.6546993340845213,0.6548046659003379,0.29419589530197987,-0.10510389060631,1.347786036918417,-0.12815892434311604,-0.3365566445941464,-0.2264911699210134,-0.17441905007072317,3
TX,2015,-0.34596717777600594,0.9307870353600071,0.9229980870709805,0.6031100441354562,-0.10510389060631,1.1120412882797819,0.6403073254253021,-0.3365566445941464,-0.2264911699210134,-0.17441905007072317,3
TX,2016,-0.34596717777600594,0.9732620663254663,0.9006486353067603,1.529852490635885,-0.10510389060631,1.4263676197979618,0.3571881807737796,-0.3365566445941464,-0.2264911699210134,0.5785104663102237,3
TX,2017,-0.34596717777600594,1.0369746127736554,1.0347453458920817,0.6031100441354562,-0.10510389060631,1.190622871159327,0.7211985096114515,-0.3365566445941464,-0.2264911699210134,0.5785104663102237,3
UT,1980,1.438597982164635,-0.4921265019828809,-0.4626679223106726,-0.632546551198449,-0.10510389060631,-0.2631364121122551,-0.6135060294600118,-0.3365566445941464,-0.2264911699210134,-0.17441905007072317,0
UT,1981,-0.34596717777600594,-0.5133640174656106,-0.5073668258391131,-0.632546551198449,-0.10510389060631,-0.3417179949918,-0.6135060294600118,-0.3365566445941464,-0.2264911699210134,-0.17441905007072317,0
UT,1982,-0.34596717777600594,-0.5346015329483402,-0.5297162776033333,-0.632546551198449,-0.10510389060631,-0.3810087864315725,-0.6135060294600118,-0.3365566445941464,-0.2264911699210134,-0.17441905007072317,0
UT,1983,1.438597982164635,-0.4708889865001512,-0.4626679223106726,-0.3236324023649727,-0.10510389060631,-0.22384562067248256,-0.6135060294600118,-0.3365566445941464,-0.2264911699210134,-0.17441905007072317,0
UT,1984,-0.34596717777600594,-0.4708889865001512,-0.4850173740748928,-0.3236324023649727,-0.10510389060631,-0.2631364121122551,-0.6135060294600118,-0.3365566445941464,-0.2264911699210134,-0.17441905007072317,0
UT,1985,-0.34596717777600594,-0.5346015329483402,-0.5520657293675535,-0.3236324023649727,-0.10510389060631,-0.3810087864315725,-0.6135060294600118,-0.3365566445941464,-0.2264911699210134,-0.17441905007072317,0
UT,1986,-0.34596717777600594,-0.44965147101742153,-0.4626679223106726,-0.3236324023649727,-0.10510389060631,-0.22384562067248256,-0.6135060294600118,-0.3365566445941464,-0.2264911699210134,-0.17441905007072317,0
UT,1987,-0.34596717777600594,-0.4708889865001512,-0.5073668258391131,-0.014718253531496415,-0.10510389060631,-0.3810087864315725,-0.573060437366937,2.625141827834342,-0.2264911699210134,-0.17441905007072317,0
UT,1988,-0.34596717777600594,-0.4921265019828809,-0.4850173740748928,-0.632546551198449,-0.10510389060631,-0.3417179949918,-0.6135060294600118,-0.3365566445941464,0.27725167572547926,-0.17441905007072317,0
UT,1989,-0.34596717777600594,-0.4921265019828809,-0.4850173740748928,-0.632546551198449,-0.10510389060631,-0.3024272035520275,-0.6135060294600118,-0.3365566445941464,-0.2264911699210134,-0.17441905007072317,0
UT,1990,-0.34596717777600594,-0.44965147101742153,-0.4403184705464524,-0.632546551198449,-0.10510389060631,-0.3024272035520275,-0.6135060294600118,1.1442925916200979,0.27725167572547926,-0.17441905007072317,0
UT,1991,-0.34596717777600594,-0.3859389245692325,-0.3732701152537918,-0.632546551198449,-0.10510389060631,-0.18455482923271008,-0.6135060294600118,-0.3365566445941464,0.7809945213719719,-0.17441905007072317,0
UT,1992,-0.34596717777600594,-0.42841395553469186,-0.4403184705464524,-0.3236324023649727,-0.10510389060631,-0.2631364121122551,-0.6135060294600118,1.1442925916200979,0.27725167572547926,-0.17441905007072317,0
UT,1993,-0.34596717777600594,-0.42841395553469186,-0.4179690187822322,-0.632546551198449,-0.10510389060631,-0.2631364121122551,-0.6135060294600118,-0.3365566445941464,0.7809945213719719,-0.17441905007072317,0
UT,1994,-0.34596717777600594,-0.36470140908650284,-0.35092066348957157,-0.632546551198449,-0.10510389060631,-0.1452640377929376,-0.573060437366937,1.1442925916200979,-0.2264911699210134,-0.17441905007072317,0
UT,1995,-0.34596717777600594,-0.21603880070739517,-0.23917340466847054,-0.014718253531496415,-0.10510389060631,-0.027391663473620136,-0.573060437366937,-0.3365566445941464,1.7884802126649573,-0.17441905007072317,0
UT,1996,-0.34596717777600594,-0.23727631619012485,-0.32857121172535136,0.9120241929689324,-0.10510389060631,-0.027391663473620136,-0.41127806899463853,-0.3365566445941464,-0.2264911699210134,-0.17441905007072317,0
UT,1997,-0.34596717777600594,-0.3434638936037732,-0.3732701152537918,-0.014718253531496415,-0.10510389060631,-0.1059732463531651,-0.573060437366937,-0.3365566445941464,-0.2264911699210134,0.5785104663102237,0
UT,1998,-0.34596717777600594,-0.3859389245692325,-0.4179690187822322,-0.014718253531496415,-0.10510389060631,-0.18455482923271008,-0.6135060294600118,-0.3365566445941464,0.7809945213719719,-0.17441905007072317,0
UT,1999,-0.34596717777600594,-0.4708889865001512,-0.4626679223106726,-0.632546551198449,-0.10510389060631,-0.2631364121122551,-0.6135060294600118,-0.3365566445941464,-0.2264911699210134,-0.17441905007072317,0
UT,2000,-0.34596717777600594,-0.5133640174656106,-0.5073668258391131,-0.3236324023649727,-0.10510389060631,-0.3417179949918,-0.6135060294600118,-0.3365566445941464,0.27725167572547926,-0.17441905007072317,0
UT,2001,-0.34596717777600594,-0.5133640174656106,-0.5073668258391131,-0.632546551198449,-0.10510389060631,-0.3417179949918,-0.6135060294600118,-0.3365566445941464,-0.2264911699210134,-0.17441905007072317,0
UT,2002,-0.34596717777600594,-0.42841395553469186,-0.4403184705464524,-0.3236324023649727,-0.10510389060631,-0.2631364121122551,-0.6135060294600118,2.625141827834342,-0.2264911699210134,-0.17441905007072317,0
UT,2003,1.438597982164635,-0.4708889865001512,-0.4403184705464524,-0.632546551198449,-0.10510389060631,-0.3417179949918,-0.5326148452738624,-0.3365566445941464,0.27725167572547926,-0.17441905007072317,0
UT,2004,-0.34596717777600594,-0.36470140908650284,-0.4626679223106726,0.6031100441354562,-0.10510389060631,-0.22384562067248256,-0.573060437366937,1.1442925916200979,-0.2264911699210134,1.3314399826911705,0
UT,2005,-0.34596717777600594,-0.4708889865001512,-0.4626679223106726,-0.632546551198449,-0.10510389060631,-0.3024272035520275,-0.6135060294600118,-0.3365566445941464,0.27725167572547926,-0.17441905007072317,0
UT,2006,-0.34596717777600594,-0.42841395553469186,-0.4403184705464524,-0.3236324023649727,-0.10510389060631,-0.22384562067248256,-0.6135060294600118,-0.3365566445941464,0.27725167572547926,0.5785104663102237,0
UT,2007,-0.34596717777600594,-0.4708889865001512,-0.4626679223106726,-0.632546551198449,-0.10510389060631,-0.3024272035520275,-0.6135060294600118,1.1442925916200979,-0.2264911699210134,-0.17441905007072317,0
UT,2008,-0.34596717777600594,-0.42841395553469186,-0.4850173740748928,0.29419589530197987,-0.10510389060631,-0.2631364121122551,-0.6135060294600118,-0.3365566445941464,0.7809945213719719,-0.17441905007072317,0
UT,2009,-0.34596717777600594,-0.42841395553469186,-0.4179690187822322,-0.3236324023649727,-0.10510389060631,-0.3810087864315725,-0.5326148452738624,-0.3365566445941464,1.7884802126649573,-0.17441905007072317,0
UT,2010,-0.34596717777600594,-0.5133640174656106,-0.5297162776033333,-0.3236324023649727,-0.10510389060631,-0.3417179949918,-0.6135060294600118,-0.3365566445941464,-0.2264911699210134,-0.17441905007072317,0
UT,2011,-0.34596717777600594,-0.5133640174656106,-0.5297162776033333,-0.3236324023649727,-0.10510389060631,-0.3417179949918,-0.6135060294600118,-0.3365566445941464,-0.2264911699210134,-0.17441905007072317,0
UT,2012,-0.34596717777600594,-0.4708889865001512,-0.4850173740748928,-0.3236324023649727,-0.10510389060631,-0.3024272035520275,-0.573060437366937,-0.3365566445941464,-0.2264911699210134,-0.17441905007072317,0
UT,2013,-0.34596717777600594,-0.4708889865001512,-0.4626679223106726,-0.632546551198449,-0.10510389060631,-0.3024272035520275,-0.573060437366937,-0.3365566445941464,-0.2264911699210134,-0.17441905007072317,0
UT,2014,-0.34596717777600594,-0.5133640174656106,-0.5073668258391131,-0.632546551198449,-0.10510389060631,-0.3417179949918,-0.6135060294600118,-0.3365566445941464,-0.2264911699210134,-0.17441905007072317,0
UT,2015,-0.34596717777600594,-0.5133640174656106,-0.5073668258391131,-0.632546551198449,-0.10510389060631,-0.3417179949918,-0.6135060294600118,-0.3365566445941464,-0.2264911699210134,-0.17441905007072317,0
UT,2016,-0.34596717777600594,-0.4921265019828809,-0.5073668258391131,-0.3236324023649727,-0.10510389060631,-0.3417179949918,-0.6135060294600118,-0.3365566445941464,-0.2264911699210134,0.5785104663102237,0
UT,2017,-0.34596717777600594,-0.4071764400519622,-0.395619567018012,-0.632546551198449,-0.10510389060631,-0.2631364121122551,-0.573060437366937,-0.3365566445941464,-0.2264911699210134,1.3314399826911705,0
VA,1980,1.438597982164635,-0.2797513471555842,-0.28387230819691095,-0.014718253531496415,-0.10510389060631,-0.1452640377929376,-0.3303868848084892,-0.3365566445941464,-0.2264911699210134,-0.17441905007072317,0
VA,1981,-0.34596717777600594,-0.23727631619012485,-0.26152285643269074,-0.014718253531496415,-0.10510389060631,-0.1452640377929376,-0.2899412927154146,-0.3365566445941464,-0.2264911699210134,-0.17441905007072317,0
VA,1982,1.438597982164635,-0.2585138316728545,-0.2168239529042503,-0.632546551198449,-0.10510389060631,-0.1452640377929376,-0.2899412927154146,-0.3365566445941464,-0.2264911699210134,-0.17441905007072317,0
VA,1983,1.438597982164635,-0.15232625425920615,-0.12742614584736947,-0.3236324023649727,-0.10510389060631,-0.027391663473620136,-0.2090501085292653,-0.3365566445941464,-0.2264911699210134,-0.17441905007072317,0
VA,1984,1.438597982164635,-0.17356376974193582,-0.1944745011400301,0.29419589530197987,-0.10510389060631,-0.1059732463531651,-0.16860451643619068,-0.3365566445941464,-0.2264911699210134,-0.17441905007072317,3
VA,1985,1.438597982164635,0.06004890056809054,0.029020016502172008,0.6031100441354562,-0.10510389060631,-0.1452640377929376,0.316742588680705,-0.3365566445941464,-0.2264911699210134,-0.17441905007072317,3
VA,1986,-0.34596717777600594,-0.02490116136282814,-0.015678887026268417,-0.3236324023649727,-0.10510389060631,-0.06668245491339263,0.03362344402918252,-0.3365566445941464,-0.2264911699210134,-0.17441905007072317,0
VA,1987,1.438597982164635,-0.15232625425920615,-0.14977559761158968,-0.014718253531496415,-0.10510389060631,-0.18455482923271008,-0.12815892434311604,-0.3365566445941464,0.7809945213719719,-0.17441905007072317,3
VA,1988,-0.34596717777600594,-0.0036636458800984703,-0.060377790554708835,0.6031100441354562,-0.10510389060631,-0.22384562067248256,0.19540581240148108,-0.3365566445941464,0.27725167572547926,-0.17441905007072317,0
VA,1989,1.438597982164635,0.12376144701627954,0.11841782355905285,0.29419589530197987,-0.10510389060631,-0.1452640377929376,0.4380793649599289,-0.3365566445941464,-0.2264911699210134,-0.17441905007072317,3
VA,1990,1.438597982164635,0.8245994579463587,0.7889013764856593,1.2209383418024087,-0.10510389060631,0.20835308516501477,1.327882391007571,-0.3365566445941464,0.7809945213719719,-0.17441905007072317,3
VA,1991,-0.34596717777600594,0.8245994579463587,0.8559497317783199,-0.014718253531496415,-0.10510389060631,-0.06668245491339263,1.651447127752168,-0.3365566445941464,-0.2264911699210134,-0.17441905007072317,3
VA,1992,1.438597982164635,0.9307870353600071,0.8782991835425401,1.529852490635885,-0.10510389060631,0.1297715022854698,1.6918927198452427,-0.3365566445941464,-0.2264911699210134,-0.17441905007072317,3
VA,1993,-0.34596717777600594,0.867074488911818,0.8336002800140997,0.9120241929689324,-0.10510389060631,-0.1059732463531651,1.772783904031392,-0.3365566445941464,-0.2264911699210134,-0.17441905007072317,3
VA,1994,-0.34596717777600594,0.8245994579463587,0.7889013764856593,0.9120241929689324,-0.10510389060631,-0.027391663473620136,1.6110015356590934,-0.3365566445941464,-0.2264911699210134,-0.17441905007072317,3
VA,1995,-0.34596717777600594,0.3786116328090356,0.3642617929654752,0.29419589530197987,-0.10510389060631,-0.06668245491339263,0.8020896937976008,-0.3365566445941464,-0.2264911699210134,-0.17441905007072317,3
VA,1996,-0.34596717777600594,0.4423241792572246,0.3866112447296954,0.9120241929689324,-0.10510389060631,0.16906229372524229,0.6807529175183769,-0.3365566445941464,-0.2264911699210134,-0.17441905007072317,3
VA,1997,3.223163142105276,0.5697492721536026,0.5207079553150167,1.8387666394693614,-0.10510389060631,0.20835308516501477,1.004317654262974,-0.3365566445941464,-0.2264911699210134,-0.17441905007072317,3
VA,1998,-0.34596717777600594,0.03881138508536087,0.029020016502172008,-0.014718253531496415,-0.10510389060631,-0.1059732463531651,0.15496022030840645,-0.3365566445941464,0.27725167572547926,-0.17441905007072317,0
VA,1999,1.438597982164635,0.08128641605082021,-0.060377790554708835,2.1476807883028375,-0.10510389060631,-0.1452640377929376,0.316742588680705,-0.3365566445941464,-0.2264911699210134,-0.17441905007072317,3
VA,2000,-0.34596717777600594,0.0175738696026312,-0.03802833879048863,0.29419589530197987,-0.10510389060631,-0.06668245491339263,0.07406903612225715,-0.3365566445941464,-0.2264911699210134,-0.17441905007072317,0
VA,2001,-0.34596717777600594,0.2299490244299279,0.1854661788517135,0.29419589530197987,2.759369307111929,-0.06668245491339263,0.4785249570530036,-0.3365566445941464,-0.2264911699210134,0.5785104663102237,3
VA,2002,-0.34596717777600594,0.16623647798173888,0.14076727532327307,0.29419589530197987,-0.10510389060631,-0.2631364121122551,0.5998617333322275,-0.3365566445941464,-0.2264911699210134,-0.17441905007072317,3
VA,2003,-0.34596717777600594,0.10252393153354988,0.051369468266392215,0.6031100441354562,-0.10510389060631,0.20835308516501477,-0.006822148063892121,-0.3365566445941464,-0.2264911699210134,-0.17441905007072317,3
VA,2004,-0.34596717777600594,-0.04613867684555781,-0.03802833879048863,-0.3236324023649727,-0.10510389060631,-0.1452640377929376,0.07406903612225715,-0.3365566445941464,-0.2264911699210134,-0.17441905007072317,0
VA,2005,-0.34596717777600594,0.2724240553953872,0.2301650823801539,0.6031100441354562,-0.10510389060631,-0.22384562067248256,0.7616441017045261,-0.3365566445941464,-0.2264911699210134,-0.17441905007072317,3
VA,2006,-0.34596717777600594,0.42108666377449494,0.453659600022356,-0.3236324023649727,-0.10510389060631,-0.22384562067248256,1.0447632463560486,-0.3365566445941464,-0.2264911699210134,-0.17441905007072317,3
VA,2007,-0.34596717777600594,0.4635616947399543,0.3866112447296954,1.2209383418024087,-0.10510389060631,-0.22384562067248256,1.1256544305421978,-0.3365566445941464,-0.2264911699210134,-0.17441905007072317,3
VA,2008,-0.34596717777600594,0.20871150894719823,0.2078156306159337,-0.014718253531496415,-0.10510389060631,-0.2631364121122551,0.6807529175183769,-0.3365566445941464,-0.2264911699210134,-0.17441905007072317,3
VA,2009,-0.34596717777600594,-0.06737619232828748,-0.08272724231892904,-0.014718253531496415,-0.10510389060631,-0.3024272035520275,0.1145146282153318,-0.3365566445941464,0.7809945213719719,-0.17441905007072317,0
VA,2010,-0.34596717777600594,-0.06737619232828748,-0.08272724231892904,-0.014718253531496415,-0.10510389060631,-0.06668245491339263,-0.04726774015696676,-0.3365566445941464,-0.2264911699210134,-0.17441905007072317,0
VA,2011,-0.34596717777600594,-0.21603880070739517,-0.2168239529042503,-0.3236324023649727,-0.10510389060631,-0.2631364121122551,-0.12815892434311604,-0.3365566445941464,-0.2264911699210134,-0.17441905007072317,0
VA,2012,-0.34596717777600594,-0.2797513471555842,-0.28387230819691095,-0.3236324023649727,-0.10510389060631,-0.420299577871345,-0.0877133322500414,-0.3365566445941464,-0.2264911699210134,-0.17441905007072317,0
VA,2013,-0.34596717777600594,-0.1948012852246655,-0.1944745011400301,-0.3236324023649727,-0.10510389060631,-0.3024272035520275,-0.04726774015696676,-0.3365566445941464,-0.2264911699210134,-0.17441905007072317,0
VA,2014,-0.34596717777600594,-0.0036636458800984703,0.0066705647379517955,-0.3236324023649727,-0.10510389060631,-0.2631364121122551,0.27629699658763035,-0.3365566445941464,-0.2264911699210134,-0.17441905007072317,0
VA,2015,-0.34596717777600594,-0.04613867684555781,-0.060377790554708835,-0.014718253531496415,-0.10510389060631,-0.027391663473620136,-0.04726774015696676,-0.3365566445941464,-0.2264911699210134,-0.17441905007072317,0
VA,2016,-0.34596717777600594,0.2299490244299279,0.27486398590859434,-0.632546551198449,-0.10510389060631,0.09048071084569732,0.3571881807737796,-0.3365566445941464,-0.2264911699210134,-0.17441905007072317,0
VA,2017,1.438597982164635,0.3786116328090356,0.29721343767281455,1.529852490635885,-0.10510389060631,0.32622545948433224,0.39763377286685425,-0.3365566445941464,-0.2264911699210134,-0.17441905007072317,3
VT,1984,-0.34596717777600594,-0.5558390484310699,-0.5520657293675535,-0.632546551198449,-0.10510389060631,-0.420299577871345,-0.6135060294600118,-0.3365566445941464,-0.2264911699210134,-0.17441905007072317,0
VT,1985,-0.34596717777600594,-0.5558390484310699,-0.5520657293675535,-0.632546551198449,-0.10510389060631,-0.420299577871345,-0.6135060294600118,-0.3365566445941464,-0.2264911699210134,-0.17441905007072317,0
VT,1986,-0.34596717777600594,-0.5558390484310699,-0.5520657293675535,-0.632546551198449,-0.10510389060631,-0.420299577871345,-0.6135060294600118,-0.3365566445941464,-0.2264911699210134,-0.17441905007072317,0
VT,1987,-0.34596717777600594,-0.5558390484310699,-0.5520657293675535,-0.632546551198449,-0.10510389060631,-0.420299577871345,-0.6135060294600118,-0.3365566445941464,-0.2264911699210134,-0.17441905007072317,0
VT,1988,-0.34596717777600594,-0.5346015329483402,-0.5297162776033333,-0.632546551198449,-0.10510389060631,-0.3810087864315725,-0.6135060294600118,-0.3365566445941464,-0.2264911699210134,-0.17441905007072317,0
VT,1989,-0.34596717777600594,-0.5558390484310699,-0.5520657293675535,-0.632546551198449,-0.10510389060631,-0.420299577871345,-0.6135060294600118,-0.3365566445941464,-0.2264911699210134,-0.17441905007072317,0
VT,1990,-0.34596717777600594,-0.5558390484310699,-0.5520657293675535,-0.632546551198449,-0.10510389060631,-0.420299577871345,-0.6135060294600118,-0.3365566445941464,-0.2264911699210134,-0.17441905007072317,0
VT,1991,-0.34596717777600594,-0.5558390484310699,-0.5520657293675535,-0.632546551198449,-0.10510389060631,-0.420299577871345,-0.6135060294600118,-0.3365566445941464,-0.2264911699210134,-0.17441905007072317,0
VT,1992,-0.34596717777600594,-0.5346015329483402,-0.5297162776033333,-0.632546551198449,-0.10510389060631,-0.3810087864315725,-0.6135060294600118,-0.3365566445941464,-0.2264911699210134,-0.17441905007072317,0
VT,1993,-0.34596717777600594,-0.5133640174656106,-0.5073668258391131,-0.632546551198449,-0.10510389060631,-0.3417179949918,-0.6135060294600118,-0.3365566445941464,-0.2264911699210134,-0.17441905007072317,0
VT,1994,-0.34596717777600594,-0.5558390484310699,-0.5520657293675535,-0.632546551198449,-0.10510389060631,-0.420299577871345,-0.6135060294600118,-0.3365566445941464,-0.2264911699210134,-0.17441905007072317,0
VT,1995,-0.34596717777600594,-0.5558390484310699,-0.5520657293675535,-0.632546551198449,-0.10510389060631,-0.420299577871345,-0.6135060294600118,-0.3365566445941464,-0.2264911699210134,-0.17441905007072317,0
VT,1996,-0.34596717777600594,-0.5346015329483402,-0.5297162776033333,-0.632546551198449,-0.10510389060631,-0.3810087864315725,-0.6135060294600118,-0.3365566445941464,-0.2264911699210134,-0.17441905007072317,0
VT,1997,-0.34596717777600594,-0.5558390484310699,-0.5520657293675535,-0.632546551198449,-0.10510389060631,-0.420299577871345,-0.6135060294600118,-0.3365566445941464,-0.2264911699210134,-0.17441905007072317,0
VT,1998,-0.34596717777600594,-0.5558390484310699,-0.5520657293675535,-0.632546551198449,-0.10510389060631,-0.420299577871345,-0.6135060294600118,-0.3365566445941464,-0.2264911699210134,-0.17441905007072317,0
VT,1999,-0.34596717777600594,-0.5346015329483402,-0.5297162776033333,-0.632546551198449,-0.10510389060631,-0.3810087864315725,-0.6135060294600118,-0.3365566445941464,-0.2264911699210134,-0.17441905007072317,0
VT,2000,-0.34596717777600594,-0.5346015329483402,-0.5297162776033333,-0.632546551198449,-0.10510389060631,-0.3810087864315725,-0.6135060294600118,-0.3365566445941464,-0.2264911699210134,-0.17441905007072317,0
VT,2001,-0.34596717777600594,-0.5558390484310699,-0.5520657293675535,-0.632546551198449,-0.10510389060631,-0.420299577871345,-0.6135060294600118,-0.3365566445941464,-0.2264911699210134,-0.17441905007072317,0
VT,2002,-0.34596717777600594,-0.5558390484310699,-0.5520657293675535,-0.632546551198449,-0.10510389060631,-0.420299577871345,-0.6135060294600118,-0.3365566445941464,-0.2264911699210134,-0.17441905007072317,0
VT,2003,-0.34596717777600594,-0.5558390484310699,-0.5520657293675535,-0.632546551198449,-0.10510389060631,-0.420299577871345,-0.6135060294600118,-0.3365566445941464,-0.2264911699210134,-0.17441905007072317,0
VT,2004,-0.34596717777600594,-0.5346015329483402,-0.5297162776033333,-0.632546551198449,-0.10510389060631,-0.420299577871345,-0.6135060294600118,1.1442925916200979,-0.2264911699210134,-0.17441905007072317,0
VT,2005,-0.34596717777600594,-0.5346015329483402,-0.5297162776033333,-0.632546551198449,-0.10510389060631,-0.3810087864315725,-0.6135060294600118,-0.3365566445941464,-0.2264911699210134,-0.17441905007072317,0
VT,2006,-0.34596717777600594,-0.4921265019828809,-0.5073668258391131,-0.3236324023649727,-0.10510389060631,-0.3024272035520275,-0.6135060294600118,-0.3365566445941464,-0.2264911699210134,-0.17441905007072317,0
VT,2007,-0.34596717777600594,-0.5133640174656106,-0.5073668258391131,-0.632546551198449,-0.10510389060631,-0.3417179949918,-0.6135060294600118,-0.3365566445941464,-0.2264911699210134,-0.17441905007072317,0
VT,2008,-0.34596717777600594,-0.5133640174656106,-0.5073668258391131,-0.632546551198449,-0.10510389060631,-0.3810087864315725,-0.573060437366937,-0.3365566445941464,-0.2264911699210134,-0.17441905007072317,0
VT,2009,-0.34596717777600594,-0.5558390484310699,-0.5520657293675535,-0.632546551198449,-0.10510389060631,-0.420299577871345,-0.6135060294600118,-0.3365566445941464,-0.2264911699210134,-0.17441905007072317,0
VT,2010,-0.34596717777600594,-0.5558390484310699,-0.5520657293675535,-0.632546551198449,-0.10510389060631,-0.420299577871345,-0.6135060294600118,-0.3365566445941464,-0.2264911699210134,-0.17441905007072317,0
VT,2011,-0.34596717777600594,-0.5558390484310699,-0.5520657293675535,-0.632546551198449,-0.10510389060631,-0.420299577871345,-0.6135060294600118,-0.3365566445941464,-0.2264911699210134,-0.17441905007072317,0
VT,2012,-0.34596717777600594,-0.5558390484310699,-0.5520657293675535,-0.632546551198449,-0.10510389060631,-0.420299577871345,-0.6135060294600118,-0.3365566445941464,-0.2264911699210134,-0.17441905007072317,0
VT,2013,-0.34596717777600594,-0.5558390484310699,-0.5520657293675535,-0.632546551198449,-0.10510389060631,-0.420299577871345,-0.6135060294600118,-0.3365566445941464,-0.2264911699210134,-0.17441905007072317,0
VT,2014,-0.34596717777600594,-0.5558390484310699,-0.5520657293675535,-0.632546551198449,-0.10510389060631,-0.420299577871345,-0.6135060294600118,-0.3365566445941464,-0.2264911699210134,-0.17441905007072317,0
VT,2015,-0.34596717777600594,-0.5558390484310699,-0.5520657293675535,-0.632546551198449,-0.10510389060631,-0.420299577871345,-0.6135060294600118,-0.3365566445941464,-0.2264911699210134,-0.17441905007072317,0
VT,2016,-0.34596717777600594,-0.5558390484310699,-0.5520657293675535,-0.632546551198449,-0.10510389060631,-0.420299577871345,-0.6135060294600118,-0.3365566445941464,-0.2264911699210134,-0.17441905007072317,0
VT,2017,-0.34596717777600594,-0.5558390484310699,-0.5520657293675535,-0.632546551198449,-0.10510389060631,-0.420299577871345,-0.6135060294600118,-0.3365566445941464,-0.2264911699210134,-0.17441905007072317,0
WA,1980,1.438597982164635,-0.3859389245692325,-0.395619567018012,-0.014718253531496415,-0.10510389060631,-0.22384562067248256,-0.6135060294600118,5.586840300262831,-0.2264911699210134,-0.17441905007072317,0
WA,1981,-0.34596717777600594,-0.23727631619012485,-0.23917340466847054,-0.3236324023649727,-0.10510389060631,-0.06668245491339263,-0.4921692531807878,2.625141827834342,-0.2264911699210134,-0.17441905007072317,0
WA,1982,-0.34596717777600594,-0.2797513471555842,-0.28387230819691095,-0.3236324023649727,-0.10510389060631,0.011899127966152351,-0.5326148452738624,-0.3365566445941464,-0.2264911699210134,-0.17441905007072317,0
WA,1983,-0.34596717777600594,-0.2797513471555842,-0.30622175996113116,-0.014718253531496415,-0.10510389060631,-0.027391663473620136,-0.5326148452738624,1.1442925916200979,-0.2264911699210134,-0.17441905007072317,0
WA,1984,-0.34596717777600594,-0.42841395553469186,-0.4403184705464524,-0.3236324023649727,-0.10510389060631,-0.22384562067248256,-0.573060437366937,-0.3365566445941464,-0.2264911699210134,-0.17441905007072317,0
WA,1985,-0.34596717777600594,-0.3434638936037732,-0.3732701152537918,-0.014718253531496415,-0.10510389060631,-0.027391663473620136,-0.6135060294600118,-0.3365566445941464,-0.2264911699210134,-0.17441905007072317,0
WA,1986,-0.34596717777600594,-0.17356376974193582,-0.23917340466847054,0.29419589530197987,-0.10510389060631,0.16906229372524229,-0.5326148452738624,-0.3365566445941464,-0.2264911699210134,-0.17441905007072317,0
WA,1987,-0.34596717777600594,-0.30098886263831387,-0.30622175996113116,-0.3236324023649727,-0.10510389060631,-0.2631364121122551,-0.4921692531807878,7.067689536477075,-0.2264911699210134,-0.17441905007072317,0
WA,1988,-0.34596717777600594,-0.06737619232828748,-0.08272724231892904,-0.014718253531496415,-0.10510389060631,0.16906229372524229,-0.41127806899463853,-0.3365566445941464,1.2847373670184647,-0.17441905007072317,0
WA,1989,3.223163142105276,0.10252393153354988,0.14076727532327307,-0.014718253531496415,-0.10510389060631,0.28693466804455975,-0.16860451643619068,2.625141827834342,0.7809945213719719,-0.17441905007072317,3
WA,1990,-0.34596717777600594,-0.08861370781101716,-0.14977559761158968,0.6031100441354562,-0.10510389060631,0.20835308516501477,-0.41127806899463853,1.1442925916200979,-0.2264911699210134,-0.17441905007072317,0
WA,1991,1.438597982164635,-0.15232625425920615,-0.2168239529042503,0.9120241929689324,-0.10510389060631,0.011899127966152351,-0.41127806899463853,1.1442925916200979,1.2847373670184647,-0.17441905007072317,3
WA,1992,-0.34596717777600594,-0.02490116136282814,-0.03802833879048863,-0.014718253531496415,-0.10510389060631,-0.06668245491339263,-0.12815892434311604,1.1442925916200979,1.2847373670184647,-0.17441905007072317,0
WA,1993,-0.34596717777600594,0.18747399346446855,0.2078156306159337,-0.3236324023649727,-0.10510389060631,0.28693466804455975,-0.16860451643619068,2.625141827834342,1.2847373670184647,-0.17441905007072317,0
WA,1994,-0.34596717777600594,0.5485117566708729,0.5207079553150167,0.6031100441354562,-0.10510389060631,0.4833886252434222,0.15496022030840645,2.625141827834342,3.803451595250928,-0.17441905007072317,3
WA,1995,1.438597982164635,0.2936615708781169,0.34191234120125497,-0.3236324023649727,-0.10510389060631,0.6405517910025121,-0.16860451643619068,2.625141827834342,0.7809945213719719,-0.17441905007072317,3
WA,1996,-0.34596717777600594,0.42108666377449494,0.29721343767281455,1.8387666394693614,-0.10510389060631,1.0727504968400094,-0.37083247690156385,-0.3365566445941464,0.7809945213719719,-0.17441905007072317,3
WA,1997,-0.34596717777600594,0.25118653991265755,0.2078156306159337,0.6031100441354562,-0.10510389060631,0.4833886252434222,-0.2899412927154146,4.105991064048586,1.2847373670184647,-0.17441905007072317,0
WA,1998,-0.34596717777600594,-0.15232625425920615,-0.12742614584736947,-0.632546551198449,-0.10510389060631,0.011899127966152351,-0.45172366108771317,1.1442925916200979,0.7809945213719719,-0.17441905007072317,0
WA,1999,-0.34596717777600594,-0.21603880070739517,-0.23917340466847054,-0.014718253531496415,-0.10510389060631,0.051189919405924836,-0.4921692531807878,1.1442925916200979,-0.2264911699210134,-0.17441905007072317,0
WA,2000,1.438597982164635,-0.04613867684555781,-0.08272724231892904,0.6031100441354562,-0.10510389060631,0.1297715022854698,-0.3303868848084892,2.625141827834342,0.7809945213719719,-0.17441905007072317,3
WA,2001,-0.34596717777600594,-0.02490116136282814,-0.10507669408314926,0.9120241929689324,-0.10510389060631,0.28693466804455975,-0.37083247690156385,-0.3365566445941464,0.27725167572547926,-0.17441905007072317,0
WA,2002,-0.34596717777600594,-0.21603880070739517,-0.23917340466847054,-0.014718253531496415,-0.10510389060631,-0.18455482923271008,-0.41127806899463853,7.067689536477075,-0.2264911699210134,-0.17441905007072317,0
WA,2003,-0.34596717777600594,-0.3434638936037732,-0.3732701152537918,-0.014718253531496415,-0.10510389060631,-0.06668245491339263,-0.573060437366937,-0.3365566445941464,-0.2264911699210134,-0.17441905007072317,0
WA,2004,-0.34596717777600594,-0.2585138316728545,-0.26152285643269074,-0.3236324023649727,-0.10510389060631,0.011899127966152351,-0.5326148452738624,-0.3365566445941464,0.27725167572547926,-0.17441905007072317,0
WA,2005,-0.34596717777600594,-0.17356376974193582,-0.2168239529042503,0.29419589530197987,-0.10510389060631,0.011899127966152351,-0.5326148452738624,4.105991064048586,0.7809945213719719,-0.17441905007072317,0
WA,2006,-0.34596717777600594,-0.1948012852246655,-0.1944745011400301,-0.3236324023649727,-0.10510389060631,-0.1059732463531651,-0.2899412927154146,-0.3365566445941464,0.27725167572547926,-0.17441905007072317,0
WA,2007,-0.34596717777600594,-0.36470140908650284,-0.3732701152537918,-0.3236324023649727,-0.10510389060631,-0.18455482923271008,-0.5326148452738624,-0.3365566445941464,0.27725167572547926,-0.17441905007072317,0
WA,2008,-0.34596717777600594,-0.08861370781101716,-0.10507669408314926,-0.014718253531496415,-0.10510389060631,-0.22384562067248256,-0.37083247690156385,4.105991064048586,3.803451595250928,-0.17441905007072317,0
WA,2009,-0.34596717777600594,-0.21603880070739517,-0.32857121172535136,1.2209383418024087,-0.10510389060631,-0.06668245491339263,-0.45172366108771317,2.625141827834342,-0.2264911699210134,0.5785104663102237,0
WA,2010,-0.34596717777600594,-0.23727631619012485,-0.26152285643269074,-0.014718253531496415,-0.10510389060631,-0.1452640377929376,-0.41127806899463853,1.1442925916200979,0.7809945213719719,-0.17441905007072317,0
WA,2011,-0.34596717777600594,-0.32222637812104354,-0.30622175996113116,-0.632546551198449,-0.10510389060631,-0.06668245491339263,-0.573060437366937,1.1442925916200979,-0.2264911699210134,-0.17441905007072317,0
WA,2012,1.438597982164635,-0.32222637812104354,-0.3732701152537918,0.6031100441354562,-0.10510389060631,-0.06668245491339263,-0.4921692531807878,-0.3365566445941464,-0.2264911699210134,-0.17441905007072317,3
WA,2013,-0.34596717777600594,-0.36470140908650284,-0.35092066348957157,-0.632546551198449,-0.10510389060631,-0.22384562067248256,-0.4921692531807878,-0.3365566445941464,0.27725167572547926,-0.17441905007072317,0
WA,2014,-0.34596717777600594,-0.21603880070739517,-0.1944745011400301,-0.632546551198449,-0.10510389060631,0.011899127966152351,-0.4921692531807878,2.625141827834342,-0.2264911699210134,-0.17441905007072317,0
WA,2015,-0.34596717777600594,-0.10985122329374682,-0.10507669408314926,-0.014718253531496415,-0.10510389060631,0.011899127966152351,-0.2090501085292653,1.1442925916200979,-0.2264911699210134,-0.17441905007072317,0
WA,2016,-0.34596717777600594,-0.1310887387764765,-0.17212504937580989,0.29419589530197987,-0.10510389060631,-0.1452640377929376,-0.2090501085292653,-0.3365566445941464,1.2847373670184647,-0.17441905007072317,0
WA,2017,-0.34596717777600594,0.12376144701627954,0.09606837179483264,0.29419589530197987,-0.10510389060631,0.5619702081229672,-0.4921692531807878,1.1442925916200979,0.27725167572547926,1.3314399826911705,0
WI,1980,-0.34596717777600594,-0.42841395553469186,-0.4179690187822322,-0.632546551198449,-0.10510389060631,-0.3024272035520275,-0.4921692531807878,-0.3365566445941464,-0.2264911699210134,-0.17441905007072317,0
WI,1981,-0.34596717777600594,-0.3859389245692325,-0.3732701152537918,-0.632546551198449,-0.10510389060631,-0.18455482923271008,-0.573060437366937,1.1442925916200979,-0.2264911699210134,-0.17441905007072317,0
WI,1982,-0.34596717777600594,-0.3434638936037732,-0.32857121172535136,-0.632546551198449,-0.10510389060631,-0.3024272035520275,-0.41127806899463853,1.1442925916200979,-0.2264911699210134,-0.17441905007072317,0
WI,1983,-0.34596717777600594,-0.42841395553469186,-0.4179690187822322,-0.632546551198449,-0.10510389060631,-0.22384562067248256,-0.573060437366937,-0.3365566445941464,-0.2264911699210134,-0.17441905007072317,0
WI,1984,-0.34596717777600594,-0.30098886263831387,-0.28387230819691095,-0.632546551198449,-0.10510389060631,-0.1059732463531651,-0.4921692531807878,1.1442925916200979,-0.2264911699210134,-0.17441905007072317,0
WI,1985,3.223163142105276,-0.2585138316728545,-0.26152285643269074,-0.014718253531496415,2.759369307111929,-0.1452640377929376,-0.2899412927154146,-0.3365566445941464,-0.2264911699210134,0.5785104663102237,3
WI,1986,1.438597982164635,-0.30098886263831387,-0.32857121172535136,0.29419589530197987,-0.10510389060631,-0.22384562067248256,-0.3303868848084892,-0.3365566445941464,-0.2264911699210134,-0.17441905007072317,0
WI,1987,5.007728302045917,-0.23727631619012485,-0.14977559761158968,-0.632546551198449,-0.10510389060631,-0.22384562067248256,-0.0877133322500414,-0.3365566445941464,-0.2264911699210134,-0.17441905007072317,3
WI,1988,-0.34596717777600594,-0.32222637812104354,-0.35092066348957157,-0.014718253531496415,-0.10510389060631,-0.18455482923271008,-0.41127806899463853,-0.3365566445941464,-0.2264911699210134,-0.17441905007072317,0
WI,1989,-0.34596717777600594,-0.08861370781101716,-0.10507669408314926,-0.014718253531496415,-0.10510389060631,-0.06668245491339263,-0.12815892434311604,-0.3365566445941464,-0.2264911699210134,-0.17441905007072317,0
WI,1990,-0.34596717777600594,0.20871150894719823,0.25251453414437414,-0.632546551198449,-0.10510389060631,-0.027391663473620136,0.3571881807737796,2.625141827834342,-0.2264911699210134,-0.17441905007072317,0
WI,1991,1.438597982164635,0.2724240553953872,0.29721343767281455,-0.014718253531496415,-0.10510389060631,-0.06668245491339263,0.5594161412391528,2.625141827834342,-0.2264911699210134,-0.17441905007072317,3
WI,1992,-0.34596717777600594,0.48479921022268396,0.4760090517865762,0.29419589530197987,-0.10510389060631,-0.027391663473620136,0.9234264700768247,-0.3365566445941464,0.27725167572547926,-0.17441905007072317,3
WI,1993,-0.34596717777600594,0.5909867876363323,0.5654068588434571,0.6031100441354562,-0.10510389060631,-0.1059732463531651,1.2469912068214217,-0.3365566445941464,-0.2264911699210134,-0.17441905007072317,3
WI,1994,1.438597982164635,0.3573741173263059,0.3866112447296954,-0.014718253531496415,-0.10510389060631,-0.06668245491339263,0.7616441017045261,1.1442925916200979,-0.2264911699210134,-0.17441905007072317,3
WI,1995,-0.34596717777600594,0.08128641605082021,0.029020016502172008,0.6031100441354562,-0.10510389060631,-0.06668245491339263,0.19540581240148108,1.1442925916200979,-0.2264911699210134,-0.17441905007072317,0
WI,1996,-0.34596717777600594,0.25118653991265755,0.2078156306159337,0.6031100441354562,-0.10510389060631,-0.027391663473620136,0.5594161412391528,-0.3365566445941464,-0.2264911699210134,-0.17441905007072317,3
WI,1997,-0.34596717777600594,0.0175738696026312,-0.015678887026268417,0.29419589530197987,-0.10510389060631,0.09048071084569732,-0.0877133322500414,1.1442925916200979,-0.2264911699210134,-0.17441905007072317,0
WI,1999,-0.34596717777600594,-0.06737619232828748,-0.060377790554708835,-0.3236324023649727,-0.10510389060631,-0.1059732463531651,-0.2090501085292653,7.067689536477075,-0.2264911699210134,-0.17441905007072317,0
WI,2000,-0.34596717777600594,-0.2797513471555842,-0.26152285643269074,-0.632546551198449,-0.10510389060631,-0.3810087864315725,-0.12815892434311604,-0.3365566445941464,-0.2264911699210134,-0.17441905007072317,0
WI,2001,-0.34596717777600594,0.08128641605082021,0.051369468266392215,0.29419589530197987,-0.10510389060631,0.09048071084569732,-0.006822148063892121,2.625141827834342,-0.2264911699210134,-0.17441905007072317,0
WI,2002,1.438597982164635,-0.2585138316728545,-0.2168239529042503,-0.632546551198449,-0.10510389060631,-0.2631364121122551,-0.16860451643619068,-0.3365566445941464,-0.2264911699210134,-0.17441905007072317,0
WI,2003,-0.34596717777600594,-0.08861370781101716,-0.060377790554708835,-0.632546551198449,-0.10510389060631,-0.2631364121122551,0.1145146282153318,-0.3365566445941464,-0.2264911699210134,-0.17441905007072317,0
WI,2004,-0.34596717777600594,-0.2585138316728545,-0.23917340466847054,-0.632546551198449,-0.10510389060631,-0.2631364121122551,-0.2899412927154146,2.625141827834342,-0.2264911699210134,-0.17441905007072317,0
WI,2005,-0.34596717777600594,-0.10985122329374682,-0.14977559761158968,-0.3236324023649727,5.6238425048301695,-0.18455482923271008,-0.0877133322500414,-0.3365566445941464,-0.2264911699210134,1.3314399826911705,0
WI,2006,-0.34596717777600594,0.08128641605082021,0.07371892003061242,-0.014718253531496415,-0.10510389060631,-0.18455482923271008,0.316742588680705,1.1442925916200979,-0.2264911699210134,-0.17441905007072317,0
WI,2007,-0.34596717777600594,0.3573741173263059,0.34191234120125497,0.29419589530197987,-0.10510389060631,-0.06668245491339263,0.7616441017045261,-0.3365566445941464,-0.2264911699210134,-0.17441905007072317,3
WI,2008,-0.34596717777600594,-0.0036636458800984703,-0.03802833879048863,0.29419589530197987,-0.10510389060631,-0.027391663473620136,0.03362344402918252,-0.3365566445941464,-0.2264911699210134,-0.17441905007072317,0
WI,2009,-0.34596717777600594,-0.23727631619012485,-0.23917340466847054,-0.3236324023649727,-0.10510389060631,-0.3024272035520275,-0.12815892434311604,-0.3365566445941464,-0.2264911699210134,-0.17441905007072317,0
WI,2010,-0.34596717777600594,-0.1310887387764765,-0.14977559761158968,-0.014718253531496415,-0.10510389060631,-0.22384562067248256,-0.006822148063892121,-0.3365566445941464,-0.2264911699210134,-0.17441905007072317,0
WI,2011,-0.34596717777600594,-0.04613867684555781,-0.03802833879048863,-0.3236324023649727,-0.10510389060631,-0.420299577871345,0.316742588680705,1.1442925916200979,-0.2264911699210134,-0.17441905007072317,0
WI,2012,-0.34596717777600594,-0.02490116136282814,-0.03802833879048863,-0.3236324023649727,2.759369307111929,0.09048071084569732,-0.12815892434311604,-0.3365566445941464,-0.2264911699210134,0.5785104663102237,0
WI,2013,-0.34596717777600594,-0.23727631619012485,-0.26152285643269074,-0.014718253531496415,-0.10510389060631,-0.1452640377929376,-0.37083247690156385,2.625141827834342,-0.2264911699210134,-0.17441905007072317,0
WI,2014,-0.34596717777600594,-0.23727631619012485,-0.30622175996113116,0.6031100441354562,-0.10510389060631,-0.2631364121122551,-0.2090501085292653,1.1442925916200979,-0.2264911699210134,-0.17441905007072317,0
WI,2015,-0.34596717777600594,-0.21603880070739517,-0.2168239529042503,-0.3236324023649727,-0.10510389060631,-0.22384562067248256,-0.24949570062233994,1.1442925916200979,0.27725167572547926,-0.17441905007072317,0
WI,2016,-0.34596717777600594,-0.44965147101742153,-0.4403184705464524,-0.632546551198449,-0.10510389060631,-0.420299577871345,-0.45172366108771317,-0.3365566445941464,-0.2264911699210134,0.5785104663102237,0
WI,2017,-0.34596717777600594,-0.17356376974193582,-0.2168239529042503,0.29419589530197987,-0.10510389060631,-0.420299577871345,0.07406903612225715,-0.3365566445941464,-0.2264911699210134,0.5785104663102237,0
WV,1980,-0.34596717777600594,-0.4071764400519622,-0.4403184705464524,-0.014718253531496415,-0.10510389060631,-0.18455482923271008,-0.573060437366937,-0.3365566445941464,-0.2264911699210134,-0.17441905007072317,0
WV,1981,-0.34596717777600594,-0.3434638936037732,-0.32857121172535136,-0.632546551198449,-0.10510389060631,-0.06668245491339263,-0.573060437366937,-0.3365566445941464,-0.2264911699210134,-0.17441905007072317,0
WV,1982,-0.34596717777600594,-0.3859389245692325,-0.3732701152537918,-0.632546551198449,-0.10510389060631,-0.2631364121122551,-0.45172366108771317,-0.3365566445941464,-0.2264911699210134,-0.17441905007072317,0
WV,1983,-0.34596717777600594,-0.42841395553469186,-0.4179690187822322,-0.632546551198449,-0.10510389060631,-0.22384562067248256,-0.573060437366937,-0.3365566445941464,-0.2264911699210134,-0.17441905007072317,0
WV,1984,-0.34596717777600594,-0.3859389245692325,-0.3732701152537918,-0.632546551198449,-0.10510389060631,-0.18455482923271008,-0.5326148452738624,-0.3365566445941464,-0.2264911699210134,-0.17441905007072317,0
WV,1985,-0.34596717777600594,-0.5133640174656106,-0.5073668258391131,-0.632546551198449,-0.10510389060631,-0.3417179949918,-0.6135060294600118,-0.3365566445941464,-0.2264911699210134,-0.17441905007072317,0
WV,1986,-0.34596717777600594,-0.44965147101742153,-0.4403184705464524,-0.632546551198449,-0.10510389060631,-0.22384562067248256,-0.6135060294600118,-0.3365566445941464,-0.2264911699210134,-0.17441905007072317,0
WV,1987,1.438597982164635,-0.44965147101742153,-0.4626679223106726,-0.014718253531496415,-0.10510389060631,-0.18455482923271008,-0.6135060294600118,-0.3365566445941464,-0.2264911699210134,-0.17441905007072317,0
WV,1988,-0.34596717777600594,-0.44965147101742153,-0.4626679223106726,-0.3236324023649727,-0.10510389060631,-0.22384562067248256,-0.6135060294600118,-0.3365566445941464,-0.2264911699210134,-0.17441905007072317,0
WV,1989,-0.34596717777600594,-0.32222637812104354,-0.32857121172535136,-0.3236324023649727,-0.10510389060631,-0.1059732463531651,-0.4921692531807878,-0.3365566445941464,-0.2264911699210134,-0.17441905007072317,0
WV,1990,-0.34596717777600594,-0.3859389245692325,-0.395619567018012,-0.3236324023649727,-0.10510389060631,-0.18455482923271008,-0.5326148452738624,-0.3365566445941464,-0.2264911699210134,-0.17441905007072317,0
WV,1991,-0.34596717777600594,-0.44965147101742153,-0.4403184705464524,-0.632546551198449,-0.10510389060631,-0.2631364121122551,-0.573060437366937,-0.3365566445941464,-0.2264911699210134,-0.17441905007072317,0
WV,1992,-0.34596717777600594,-0.44965147101742153,-0.4403184705464524,-0.632546551198449,-0.10510389060631,-0.3024272035520275,-0.5326148452738624,-0.3365566445941464,-0.2264911699210134,-0.17441905007072317,0
WV,1993,-0.34596717777600594,-0.3434638936037732,-0.3732701152537918,-0.014718253531496415,-0.10510389060631,-0.1452640377929376,-0.4921692531807878,-0.3365566445941464,-0.2264911699210134,-0.17441905007072317,0
WV,1994,-0.34596717777600594,-0.4708889865001512,-0.4850173740748928,-0.3236324023649727,-0.10510389060631,-0.2631364121122551,-0.6135060294600118,-0.3365566445941464,-0.2264911699210134,-0.17441905007072317,0
WV,1995,-0.34596717777600594,-0.21603880070739517,-0.2168239529042503,-0.3236324023649727,-0.10510389060631,-0.1059732463531651,-0.2899412927154146,-0.3365566445941464,-0.2264911699210134,-0.17441905007072317,0
WV,1996,-0.34596717777600594,-0.4071764400519622,-0.4179690187822322,-0.3236324023649727,-0.10510389060631,-0.3024272035520275,-0.45172366108771317,-0.3365566445941464,-0.2264911699210134,-0.17441905007072317,0
WV,1997,-0.34596717777600594,-0.4071764400519622,-0.395619567018012,-0.632546551198449,-0.10510389060631,-0.3417179949918,-0.41127806899463853,-0.3365566445941464,-0.2264911699210134,-0.17441905007072317,0
WV,1998,-0.34596717777600594,-0.5346015329483402,-0.5297162776033333,-0.632546551198449,-0.10510389060631,-0.3810087864315725,-0.6135060294600118,-0.3365566445941464,-0.2264911699210134,-0.17441905007072317,0
WV,1999,-0.34596717777600594,-0.5558390484310699,-0.5520657293675535,-0.632546551198449,-0.10510389060631,-0.420299577871345,-0.6135060294600118,-0.3365566445941464,-0.2264911699210134,-0.17441905007072317,0
WV,2000,-0.34596717777600594,-0.5133640174656106,-0.5073668258391131,-0.632546551198449,-0.10510389060631,-0.3417179949918,-0.6135060294600118,-0.3365566445941464,-0.2264911699210134,-0.17441905007072317,0
WV,2001,-0.34596717777600594,-0.5558390484310699,-0.5520657293675535,-0.632546551198449,-0.10510389060631,-0.420299577871345,-0.6135060294600118,-0.3365566445941464,-0.2264911699210134,-0.17441905007072317,0
WV,2002,-0.34596717777600594,-0.4708889865001512,-0.5073668258391131,-0.014718253531496415,-0.10510389060631,-0.2631364121122551,-0.6135060294600118,-0.3365566445941464,-0.2264911699210134,-0.17441905007072317,0
WV,2003,-0.34596717777600594,-0.4921265019828809,-0.5073668258391131,-0.3236324023649727,-0.10510389060631,-0.3024272035520275,-0.6135060294600118,-0.3365566445941464,-0.2264911699210134,-0.17441905007072317,0
WV,2004,-0.34596717777600594,-0.5133640174656106,-0.5297162776033333,-0.3236324023649727,-0.10510389060631,-0.3810087864315725,-0.573060437366937,-0.3365566445941464,-0.2264911699210134,-0.17441905007072317,0
WV,2005,-0.34596717777600594,-0.44965147101742153,-0.4403184705464524,-0.632546551198449,-0.10510389060631,-0.2631364121122551,-0.573060437366937,-0.3365566445941464,-0.2264911699210134,-0.17441905007072317,0
WV,2006,-0.34596717777600594,-0.42841395553469186,-0.4403184705464524,-0.3236324023649727,-0.10510389060631,-0.3417179949918,-0.45172366108771317,-0.3365566445941464,-0.2264911699210134,-0.17441905007072317,0
WV,2007,1.438597982164635,-0.5346015329483402,-0.5297162776033333,-0.3236324023649727,-0.10510389060631,-0.3810087864315725,-0.573060437366937,-0.3365566445941464,-0.2264911699210134,-0.17441905007072317,0
WV,2008,-0.34596717777600594,-0.5558390484310699,-0.5520657293675535,-0.632546551198449,-0.10510389060631,-0.420299577871345,-0.6135060294600118,-0.3365566445941464,-0.2264911699210134,-0.17441905007072317,0
WV,2009,-0.34596717777600594,-0.5346015329483402,-0.5297162776033333,-0.632546551198449,-0.10510389060631,-0.420299577871345,-0.573060437366937,-0.3365566445941464,-0.2264911699210134,-0.17441905007072317,0
WV,2010,-0.34596717777600594,-0.4921265019828809,-0.4850173740748928,-0.632546551198449,-0.10510389060631,-0.420299577871345,-0.4921692531807878,-0.3365566445941464,-0.2264911699210134,-0.17441905007072317,0
WV,2011,-0.34596717777600594,-0.5558390484310699,-0.5520657293675535,-0.632546551198449,-0.10510389060631,-0.420299577871345,-0.6135060294600118,-0.3365566445941464,-0.2264911699210134,-0.17441905007072317,0
WV,2012,-0.34596717777600594,-0.42841395553469186,-0.4850173740748928,0.29419589530197987,-0.10510389060631,-0.22384562067248256,-0.573060437366937,-0.3365566445941464,-0.2264911699210134,-0.17441905007072317,0
WV,2013,-0.34596717777600594,-0.5558390484310699,-0.5520657293675535,-0.632546551198449,-0.10510389060631,-0.420299577871345,-0.6135060294600118,-0.3365566445941464,-0.2264911699210134,-0.17441905007072317,0
WV,2014,-0.34596717777600594,-0.5133640174656106,-0.5297162776033333,-0.3236324023649727,-0.10510389060631,-0.3810087864315725,-0.573060437366937,-0.3365566445941464,-0.2264911699210134,-0.17441905007072317,0
WV,2015,-0.34596717777600594,-0.5133640174656106,-0.5297162776033333,-0.3236324023649727,-0.10510389060631,-0.3810087864315725,-0.573060437366937,-0.3365566445941464,-0.2264911699210134,-0.17441905007072317,0
WV,2016,-0.34596717777600594,-0.4921265019828809,-0.5073668258391131,-0.3236324023649727,-0.10510389060631,-0.3417179949918,-0.573060437366937,-0.3365566445941464,-0.2264911699210134,-0.17441905007072317,0
WV,2017,-0.34596717777600594,-0.5558390484310699,-0.5520657293675535,-0.632546551198449,-0.10510389060631,-0.420299577871345,-0.6135060294600118,-0.3365566445941464,-0.2264911699210134,-0.17441905007072317,0
WY,1980,-0.34596717777600594,-0.4708889865001512,-0.4626679223106726,-0.632546551198449,-0.10510389060631,-0.2631364121122551,-0.6135060294600118,-0.3365566445941464,-0.2264911699210134,-0.17441905007072317,0
WY,1981,-0.34596717777600594,-0.5346015329483402,-0.5297162776033333,-0.632546551198449,-0.10510389060631,-0.3810087864315725,-0.6135060294600118,-0.3365566445941464,-0.2264911699210134,-0.17441905007072317,0
WY,1982,-0.34596717777600594,-0.44965147101742153,-0.4626679223106726,-0.3236324023649727,-0.10510389060631,-0.22384562067248256,-0.6135060294600118,-0.3365566445941464,-0.2264911699210134,-0.17441905007072317,0
WY,1983,-0.34596717777600594,-0.5558390484310699,-0.5520657293675535,-0.632546551198449,-0.10510389060631,-0.420299577871345,-0.6135060294600118,-0.3365566445941464,-0.2264911699210134,-0.17441905007072317,0
WY,1984,-0.34596717777600594,-0.4921265019828809,-0.5073668258391131,-0.3236324023649727,-0.10510389060631,-0.3024272035520275,-0.6135060294600118,-0.3365566445941464,-0.2264911699210134,-0.17441905007072317,0
WY,1985,-0.34596717777600594,-0.5558390484310699,-0.5520657293675535,-0.632546551198449,-0.10510389060631,-0.420299577871345,-0.6135060294600118,-0.3365566445941464,-0.2264911699210134,-0.17441905007072317,0
WY,1986,-0.34596717777600594,-0.4708889865001512,-0.4626679223106726,-0.632546551198449,-0.10510389060631,-0.2631364121122551,-0.6135060294600118,-0.3365566445941464,-0.2264911699210134,-0.17441905007072317,0
WY,1987,-0.34596717777600594,-0.5558390484310699,-0.5520657293675535,-0.632546551198449,-0.10510389060631,-0.420299577871345,-0.6135060294600118,-0.3365566445941464,-0.2264911699210134,-0.17441905007072317,0
WY,1988,-0.34596717777600594,-0.5558390484310699,-0.5520657293675535,-0.632546551198449,-0.10510389060631,-0.420299577871345,-0.6135060294600118,-0.3365566445941464,-0.2264911699210134,-0.17441905007072317,0
WY,1989,-0.34596717777600594,-0.5133640174656106,-0.5073668258391131,-0.632546551198449,-0.10510389060631,-0.3417179949918,-0.6135060294600118,-0.3365566445941464,-0.2264911699210134,-0.17441905007072317,0
WY,1990,-0.34596717777600594,-0.5346015329483402,-0.5297162776033333,-0.632546551198449,-0.10510389060631,-0.3810087864315725,-0.6135060294600118,-0.3365566445941464,-0.2264911699210134,-0.17441905007072317,0
WY,1991,-0.34596717777600594,-0.5346015329483402,-0.5297162776033333,-0.632546551198449,-0.10510389060631,-0.3810087864315725,-0.6135060294600118,-0.3365566445941464,-0.2264911699210134,-0.17441905007072317,0
WY,1992,-0.34596717777600594,-0.5346015329483402,-0.5297162776033333,-0.632546551198449,-0.10510389060631,-0.3810087864315725,-0.6135060294600118,-0.3365566445941464,-0.2264911699210134,-0.17441905007072317,0
WY,1993,-0.34596717777600594,-0.44965147101742153,-0.4626679223106726,-0.3236324023649727,-0.10510389060631,-0.22384562067248256,-0.6135060294600118,-0.3365566445941464,-0.2264911699210134,-0.17441905007072317,0
WY,1994,-0.34596717777600594,-0.5346015329483402,-0.5297162776033333,-0.632546551198449,-0.10510389060631,-0.420299577871345,-0.6135060294600118,1.1442925916200979,-0.2264911699210134,-0.17441905007072317,0
WY,1995,-0.34596717777600594,-0.5346015329483402,-0.5297162776033333,-0.632546551198449,-0.10510389060631,-0.3810087864315725,-0.6135060294600118,-0.3365566445941464,-0.2264911699210134,-0.17441905007072317,0
WY,1996,-0.34596717777600594,-0.5346015329483402,-0.5297162776033333,-0.632546551198449,-0.10510389060631,-0.3810087864315725,-0.6135060294600118,-0.3365566445941464,-0.2264911699210134,-0.17441905007072317,0
WY,1997,-0.34596717777600594,-0.5558390484310699,-0.5520657293675535,-0.632546551198449,-0.10510389060631,-0.420299577871345,-0.6135060294600118,-0.3365566445941464,-0.2264911699210134,-0.17441905007072317,0
WY,1998,-0.34596717777600594,-0.4921265019828809,-0.4850173740748928,-0.632546551198449,-0.10510389060631,-0.3024272035520275,-0.6135060294600118,-0.3365566445941464,-0.2264911699210134,-0.17441905007072317,0
WY,1999,-0.34596717777600594,-0.5558390484310699,-0.5520657293675535,-0.632546551198449,-0.10510389060631,-0.420299577871345,-0.6135060294600118,-0.3365566445941464,-0.2264911699210134,-0.17441905007072317,0
WY,2000,-0.34596717777600594,-0.5558390484310699,-0.5520657293675535,-0.632546551198449,-0.10510389060631,-0.420299577871345,-0.6135060294600118,-0.3365566445941464,-0.2264911699210134,-0.17441905007072317,0
WY,2001,-0.34596717777600594,-0.5558390484310699,-0.5520657293675535,-0.632546551198449,-0.10510389060631,-0.420299577871345,-0.6135060294600118,-0.3365566445941464,-0.2264911699210134,-0.17441905007072317,0
WY,2002,-0.34596717777600594,-0.5558390484310699,-0.5520657293675535,-0.632546551198449,-0.10510389060631,-0.420299577871345,-0.6135060294600118,-0.3365566445941464,-0.2264911699210134,-0.17441905007072317,0
WY,2003,-0.34596717777600594,-0.5558390484310699,-0.5520657293675535,-0.632546551198449,-0.10510389060631,-0.420299577871345,-0.6135060294600118,-0.3365566445941464,-0.2264911699210134,-0.17441905007072317,0
WY,2004,-0.34596717777600594,-0.5558390484310699,-0.5520657293675535,-0.632546551198449,-0.10510389060631,-0.420299577871345,-0.6135060294600118,-0.3365566445941464,-0.2264911699210134,-0.17441905007072317,0
WY,2005,-0.34596717777600594,-0.5558390484310699,-0.5520657293675535,-0.632546551198449,-0.10510389060631,-0.420299577871345,-0.6135060294600118,-0.3365566445941464,-0.2264911699210134,-0.17441905007072317,0
WY,2006,-0.34596717777600594,-0.5346015329483402,-0.5520657293675535,-0.3236324023649727,-0.10510389060631,-0.3810087864315725,-0.6135060294600118,-0.3365566445941464,-0.2264911699210134,-0.17441905007072317,0
WY,2007,-0.34596717777600594,-0.5558390484310699,-0.5520657293675535,-0.632546551198449,-0.10510389060631,-0.420299577871345,-0.6135060294600118,-0.3365566445941464,-0.2264911699210134,-0.17441905007072317,0
WY,2008,-0.34596717777600594,-0.5346015329483402,-0.5297162776033333,-0.632546551198449,-0.10510389060631,-0.3810087864315725,-0.6135060294600118,-0.3365566445941464,-0.2264911699210134,-0.17441905007072317,0
WY,2009,-0.34596717777600594,-0.5133640174656106,-0.5073668258391131,-0.632546551198449,-0.10510389060631,-0.3810087864315725,-0.6135060294600118,1.1442925916200979,-0.2264911699210134,-0.17441905007072317,0
WY,2010,-0.34596717777600594,-0.5346015329483402,-0.5297162776033333,-0.632546551198449,-0.10510389060631,-0.3810087864315725,-0.6135060294600118,-0.3365566445941464,-0.2264911699210134,-0.17441905007072317,0
WY,2011,-0.34596717777600594,-0.5558390484310699,-0.5520657293675535,-0.632546551198449,-0.10510389060631,-0.420299577871345,-0.6135060294600118,-0.3365566445941464,-0.2264911699210134,-0.17441905007072317,0
WY,2012,-0.34596717777600594,-0.5346015329483402,-0.5297162776033333,-0.632546551198449,-0.10510389060631,-0.420299577871345,-0.6135060294600118,-0.3365566445941464,0.27725167572547926,-0.17441905007072317,0
WY,2013,-0.34596717777600594,-0.5133640174656106,-0.5073668258391131,-0.632546551198449,-0.10510389060631,-0.420299577871345,-0.6135060294600118,2.625141827834342,-0.2264911699210134,-0.17441905007072317,0
WY,2014,-0.34596717777600594,-0.5346015329483402,-0.5297162776033333,-0.632546551198449,-0.10510389060631,-0.420299577871345,-0.6135060294600118,1.1442925916200979,-0.2264911699210134,-0.17441905007072317,0
WY,2015,-0.34596717777600594,-0.5558390484310699,-0.5520657293675535,-0.632546551198449,-0.10510389060631,-0.420299577871345,-0.6135060294600118,-0.3365566445941464,-0.2264911699210134,-0.17441905007072317,0
WY,2016,-0.34596717777600594,-0.5558390484310699,-0.5520657293675535,-0.632546551198449,-0.10510389060631,-0.420299577871345,-0.6135060294600118,-0.3365566445941464,-0.2264911699210134,-0.17441905007072317,0
WY,2017,-0.34596717777600594,-0.5558390484310699,-0.5520657293675535,-0.632546551198449,-0.10510389060631,-0.420299577871345,-0.6135060294600118,-0.3365566445941464,-0.2264911699210134,-0.17441905007072317,0
